gid,role,role_score,cluster_id,priority_score,evidence,in_deg,out_deg,in_kzt,out_kzt,in_tx,out_tx,pagerank,pass_through,depth,is_seed,truncated_by_depth,seed_reach,fast_ratio
100000003684369100,coordinator,0.85,2,0.956196,Связи с 10 кластерами; достижим от 6 seed; гипотеза координации; входящие seed неполны,24,62,3848436.0,8588655.0,58,67,0.0020177654513758602,2.2317260830113845,0,True,False,6,0.8985800985127465
100000008346837100,coordinator,0.85,12,0.95316,Связи с 8 кластерами; достижим от 6 seed; гипотеза координации,9,25,254359.0,1258643.0,12,26,0.0005470113010302977,4.948293553599441,2,False,False,6,0.8277670536525148
100000008603629100,coordinator,0.85,3,0.945435,Связи с 8 кластерами; достижим от 4 seed; гипотеза координации,19,61,1817300.0,4986156.0,45,74,0.0011905251668703565,2.7437165025037142,2,False,False,4,0.9282545534584273
100000000331309100,coordinator,0.85,5,0.944709,Связи с 14 кластерами; достижим от 4 seed; гипотеза координации,5,99,984635.0,23001375.0,8,126,0.0008744613907845527,23.360306103276848,2,False,False,4,1.0
100000000437046100,coordinator,0.85,0,0.941467,Связи с 8 кластерами; достижим от 4 seed; гипотеза координации,9,42,1107200.0,7606224.0,20,73,0.0007918094546118304,6.86978323699422,2,False,False,4,0.8645231213872833
100000005910114100,coordinator,0.85,0,0.93839,Связи с 7 кластерами; достижим от 4 seed; гипотеза координации,3,19,326144.0,1469993.0,3,56,0.00036147757620593954,4.507190075549451,3,False,False,4,0.816081240188383
100000000343175100,coordinator,0.85,11,0.935405,Связи с 11 кластерами; достижим от 4 seed; гипотеза координации; входящие seed неполны,8,31,178712.0,4000039.0,14,33,0.0007136139689077402,22.382598818210305,0,True,False,4,0.7286136353462555
100000008165763100,coordinator,0.85,2,0.933405,Связи с 8 кластерами; достижим от 6 seed; гипотеза координации,15,17,1165815.0,1267858.0,26,17,0.000909451501490524,1.087529324978663,1,False,False,6,0.3246098223131457
100000002957787100,coordinator,0.85,0,0.931491,Связи с 9 кластерами; достижим от 4 seed; гипотеза координации,4,34,84956.0,1276153.96,7,41,0.0006134368066261501,15.02135175855737,2,False,False,4,1.0
100000008743913100,coordinator,0.85,17,0.924937,Связи с 5 кластерами; достижим от 6 seed; гипотеза координации,3,13,149300.0,1850600.0,3,13,0.00033206173821508843,12.395177494976558,2,False,False,6,0.6630944407233758
100000008710791100,coordinator,0.8,8,0.921743,Связи с 4 кластерами; достижим от 5 seed; гипотеза координации,3,23,181510.0,5521511.0,3,25,0.00033421532058186846,30.41987218335078,2,False,False,5,0.933887940058399
100000001530983100,coordinator,0.8,4,0.920827,Связи с 4 кластерами; достижим от 5 seed; гипотеза координации,4,11,564158.0,1829538.0,4,17,0.00035599553862706933,3.24295321523403,1,False,False,5,0.08205148203162943
100000003016635100,coordinator,0.85,4,0.919598,Связи с 13 кластерами; достижим от 3 seed; гипотеза координации; входящие seed неполны,8,73,586981.0,9414081.0,36,151,0.0011893909825425402,16.038135817002594,0,True,False,3,0.9037447549409606
100000006866783100,coordinator,0.85,0,0.919257,Связи с 14 кластерами; достижим от 3 seed; гипотеза координации; входящие seed неполны,13,67,838812.0,3948037.0,31,90,0.0008694899779497858,4.706700667133994,0,True,False,3,1.0
100000007442518100,coordinator,0.83,29,0.915893,Связи с 5 кластерами; достижим от 4 seed; гипотеза координации,5,9,510000.0,4419999.0,8,12,0.0006472018788087786,8.666664705882352,1,False,False,4,0.6568627450980392
100000004156082100,coordinator,0.78,15,0.91168,Связи с 4 кластерами; достижим от 4 seed; гипотеза координации,5,26,377366.11,2319556.0,7,29,0.0008661447766565842,6.146699288921308,1,False,False,4,0.809203852460413
100000008512827100,coordinator,0.85,13,0.909558,Связи с 6 кластерами; достижим от 5 seed; гипотеза координации,3,10,107949.0,1944500.0,3,10,0.0003352020276951336,18.01313583266172,2,False,False,5,0.9073636624702406
100000003115284100,coordinator,0.85,11,0.908597,Связи с 5 кластерами; достижим от 9 seed; гипотеза координации,8,2,2160500.0,517000.0,15,4,0.0015237798147075955,0.23929645915297384,1,False,False,9,0.11339967600092571
100000008547948100,coordinator,0.85,8,0.906399,Связи с 7 кластерами; достижим от 3 seed; гипотеза координации,6,26,212665.0,5185600.0,7,31,0.00042998862842889135,24.383890155878966,2,False,False,3,1.0
100000001857829100,coordinator,0.85,3,0.906226,Связи с 6 кластерами; достижим от 3 seed; гипотеза координации,6,16,888535.0,2390993.0,9,16,0.0006198930477695362,2.690938454872346,2,False,False,3,0.5379641769879633
100000004351795100,coordinator,0.85,0,0.905142,Связи с 6 кластерами; достижим от 3 seed; гипотеза координации,3,14,118333.0,1715161.0,3,37,0.00031346083294034647,14.494359139039828,1,False,False,3,1.0
100000008477350100,coordinator,0.81,0,0.904907,Связи с 5 кластерами; достижим от 3 seed; гипотеза координации,11,39,610100.0,3374866.0,14,44,0.001032856709226836,5.531660383543682,2,False,False,3,0.5051630880183576
100000008547844100,coordinator,0.85,9,0.903413,Связи с 6 кластерами; достижим от 3 seed; гипотеза координации,3,19,177600.0,2042199.0,3,21,0.00034431791514662923,11.498868243243244,2,False,False,3,1.0
100000008489922100,coordinator,0.85,8,0.902865,Связи с 7 кластерами; достижим от 3 seed; гипотеза координации,3,36,262010.0,3789900.0,5,41,0.0005856818728450684,14.464715087210411,3,False,False,3,0.8892790351513301
100000005527892100,coordinator,0.85,17,0.901049,Связи с 6 кластерами; достижим от 4 seed; гипотеза координации,3,8,220001.0,552419.0,3,8,0.0003124047650821026,2.510984040981632,1,False,False,4,0.45454338843914344
100000008710843100,coordinator,0.85,17,0.899775,Связи с 6 кластерами; достижим от 3 seed; гипотеза координации,2,13,33944.0,1985500.0,3,14,0.0002928748567866722,58.49340089559274,2,False,False,3,0.0
100000007908818100,coordinator,0.81,3,0.897188,Связи с 3 кластерами; достижим от 8 seed; гипотеза координации,4,6,727475.0,302000.0,4,13,0.0004749903131273871,0.4151345407058662,1,False,False,8,0.020619265266847656
100000004400305100,distributor,0.95,0,0.893118,"Получателей: 82, отправителей: 7; признаки веерного распределения",7,82,222800.0,5830181.0,9,101,0.00038568575029219646,26.167778276481148,2,False,False,2,1.0
100000003242289100,coordinator,0.81,16,0.891372,Связи с 5 кластерами; достижим от 3 seed; гипотеза координации,3,23,550791.0,2377741.0,8,26,0.00043945824049588925,4.316956885642648,2,False,False,3,0.5940492854821521
100000005933757100,distributor,0.95,14,0.887222,"Получателей: 34, отправителей: 4; признаки веерного распределения",4,34,1246000.0,3002628.0,6,46,0.001000450630861817,2.409813804173355,2,False,False,2,0.8300658105939005
100000005704413100,distributor,0.95,7,0.884919,"Получателей: 32, отправителей: 3; признаки веерного распределения",3,32,97834.67,1363593.0,4,35,0.000599181864297309,13.9377278014021,3,False,False,2,1.0
100000008686313100,coordinator,0.81,0,0.88426,Связи с 5 кластерами; достижим от 3 seed; гипотеза координации,6,7,1912716.0,333800.0,16,13,0.00046722802464651555,0.17451623764322566,1,False,False,3,0.1035673879446818
100000008465789100,distributor,0.7867,9,0.881852,"Получателей: 16, отправителей: 1; признаки веерного распределения",1,16,30099.0,1858100.0,1,17,0.0002898921115193781,61.732947938469714,3,False,False,3,1.0
100000003635170100,transit,0.7799,11,0.879827,Отдал/получил в выборке: 0.94; временно сопоставлено за 48 ч: 24%; признаки транзита,3,4,268500.0,253500.0,13,10,0.0011445258606751249,0.9441340782122905,1,False,False,5,0.2383612662942272
100000005782781100,coordinator,0.85,6,0.878617,Связи с 6 кластерами; достижим от 3 seed; гипотеза координации,6,10,171888.0,1263597.0,10,10,0.0004872104930844865,7.351281066741134,2,False,False,3,0.39542027366657356
100000008304139100,distributor,0.88,2,0.86881,"Получателей: 24, отправителей: 4; признаки веерного распределения",4,24,189329.75,1692997.0,4,43,0.0003135745970432881,8.942054801213228,1,False,False,2,0.9043943173220268
100000008730846100,coordinator,0.83,11,0.862693,Связи с 5 кластерами; достижим от 4 seed; гипотеза координации,7,3,155042.0,363370.0,11,4,0.0005357367047351283,2.343687516930896,2,False,False,4,1.0
100000005287097100,coordinator,0.71,4,0.862676,Связи с 3 кластерами; достижим от 3 seed; гипотеза координации,2,9,127173.0,697300.0,5,42,0.0003026903793757556,5.483082100760382,1,False,False,3,0.12188121692497621
100000004403675100,coordinator,0.81,19,0.858682,Связи с 5 кластерами; достижим от 3 seed; гипотеза координации,4,5,182980.0,264699.0,8,6,0.0007388560552545123,1.4466007213903158,1,False,False,3,0.29343644114110834
100000003701161100,consolidator,0.7324,21,0.857893,Отправителей: 4; наблюдаемая доля перевода дальше 22.9%; признаки консолидации,4,3,1527103.0,349000.0,13,7,0.001663045480927038,0.22853730232996727,1,False,False,3,0.16698284267662364
100000008733194100,coordinator,0.78,12,0.854463,Связи с 4 кластерами; достижим от 4 seed; гипотеза координации,4,8,251424.0,159695.0,4,8,0.00047044533016663557,0.6351621165839378,2,False,False,4,0.17102583683339698
100000007593823100,coordinator,0.83,0,0.85312,Связи с 5 кластерами; достижим от 4 seed; гипотеза координации,3,13,25000.0,162900.0,3,21,0.0002905893265067348,6.516,3,False,False,4,0.4
100000005048668100,coordinator,0.85,3,0.849848,Связи с 6 кластерами; достижим от 4 seed; гипотеза координации,2,8,16668.0,159400.0,2,11,0.00028855152108456006,9.563234941204703,3,False,False,4,0.6100311975041997
100000001616816100,coordinator,0.79,6,0.847959,Связи с 3 кластерами; достижим от 7 seed; гипотеза координации; входящие seed неполны,5,3,176195.0,181326.0,12,10,0.002425028432603174,1.0291211441868384,0,True,False,7,0.4640313289253384
100000004150593100,distributor,0.7283,4,0.845997,"Получателей: 11, отправителей: 1; признаки веерного распределения",1,11,57000.0,871165.0,2,16,0.00030661020592861804,15.28359649122807,2,False,False,3,1.0
100000004070318100,distributor,0.8217,0,0.844147,"Получателей: 19, отправителей: 4; признаки веерного распределения",4,19,207246.55,551860.0,6,37,0.0003140714314648884,2.662818753798314,1,False,False,2,0.9472292783643443
100000006518161100,transit,0.8451,4,0.837924,Отдал/получил в выборке: 1.00; временно сопоставлено за 48 ч: 32%; признаки транзита,3,2,594200.0,595899.0,13,13,0.0008087193272591994,1.002859306630764,1,False,False,3,0.31958768091551665
100000008731444100,coordinator,0.76,0,0.837398,Связи с 4 кластерами; достижим от 3 seed; гипотеза координации,3,9,439000.0,879767.8,5,9,0.0003532788212563309,2.0040268792710707,2,False,False,3,0.8085826879271071
100000005578559100,distributor,0.845,7,0.836246,"Получателей: 21, отправителей: 2; признаки веерного распределения",2,21,131000.0,893163.67,2,23,0.000390891234628052,6.818043282442749,2,False,False,2,1.0
100000008466579100,distributor,0.7983,9,0.834695,"Получателей: 17, отправителей: 2; признаки веерного распределения",2,17,36952.0,1933000.0,2,20,0.0003559352053807103,52.31110630006495,2,False,False,2,0.8118640398354622
100000001899164100,consolidator,0.7273,10,0.833014,Отправителей: 4; наблюдаемая доля перевода дальше 26.2%; признаки консолидации,4,3,291675.0,76500.0,5,3,0.0011726339345089305,0.2622782206222679,1,False,False,5,0.0
100000008758168100,coordinator,0.75,17,0.832723,Связи с 3 кластерами; достижим от 5 seed; гипотеза координации,2,5,75410.0,1533600.0,2,5,0.00031833429711963893,20.33682535472749,2,False,False,5,0.0
100000008746449100,distributor,0.7167,8,0.831787,"Получателей: 10, отправителей: 1; признаки веерного распределения",1,10,10000.0,1009000.0,1,10,0.00028701169712939457,100.9,3,False,False,3,0.0
100000004015047100,consolidator,0.8387,6,0.829861,Отправителей: 9; наблюдаемая доля перевода дальше 7.5%; признаки консолидации,9,1,919104.0,69195.0,18,7,0.0022691882474165236,0.07528527783580531,1,False,False,8,0.029349235777452822
100000004997515100,coordinator,0.75,8,0.829567,Связи с 3 кластерами; достижим от 5 seed; гипотеза координации,4,4,395000.0,54500.0,4,4,0.0003565318917486721,0.1379746835443038,3,False,False,5,0.0
100000005339662100,coordinator,0.71,15,0.825452,Связи с 3 кластерами; достижим от 3 seed; гипотеза координации,4,4,202939.0,295160.0,9,15,0.0016640029621591045,1.4544271924075707,1,False,False,3,0.38854039883906
100000005242320100,distributor,0.845,13,0.823372,"Получателей: 21, отправителей: 2; признаки веерного распределения",2,21,365700.0,8936295.0,2,29,0.0004998801800600657,24.43613617719442,2,False,False,2,1.0
100000003265158100,coordinator,0.73,10,0.823259,Связи с 3 кластерами; достижим от 4 seed; гипотеза координации,3,2,146100.4,154200.0,3,4,0.00038454469512386473,1.055438588806054,1,False,False,4,0.0
100000008517538100,distributor,0.7983,8,0.820608,"Получателей: 17, отправителей: 3; признаки веерного распределения",3,17,155500.0,1439000.0,6,18,0.0003070533652178557,9.254019292604502,3,False,False,2,0.9935691318327974
100000008413748100,distributor,0.81,16,0.820154,"Получателей: 18, отправителей: 2; признаки веерного распределения",2,18,26480.0,1377320.22,2,21,0.0003907725003205673,52.01360347432024,2,False,False,2,1.0
100000005612411100,distributor,0.6933,2,0.818936,"Получателей: 8, отправителей: 3; признаки веерного распределения",3,8,115500.0,506997.0,4,8,0.00032716527323215595,4.389584415584416,1,False,False,3,1.0
100000004847758100,distributor,0.775,2,0.818772,"Получателей: 15, отправителей: 4; признаки веерного распределения",4,15,115171.0,488800.0,4,23,0.0003047107804584658,4.244123954815014,1,False,False,2,0.5156419584791311
100000007639767100,distributor,0.7167,0,0.817768,"Получателей: 10, отправителей: 4; признаки веерного распределения",4,10,90913.0,822244.0,4,13,0.0003014093701342456,9.044295095310902,1,False,False,2,0.4402780680430741
100000008111003100,consolidator,0.7764,0,0.816897,Отправителей: 6; наблюдаемая доля перевода дальше 15.7%; признаки консолидации,6,1,222716.0,35000.0,9,1,0.0004693748217324282,0.15715081089818422,2,False,False,3,0.12123062555002784
100000000332284100,coordinator,0.81,5,0.816573,Связи с 5 кластерами; достижим от 3 seed; гипотеза координации,10,3,107426.0,289500.0,12,3,0.000716587153363158,2.69487833485376,2,False,False,3,0.10705043471785229
100000004188160100,coordinator,0.71,4,0.814241,Связи с 3 кластерами; достижим от 3 seed; гипотеза координации,2,5,87862.0,133846.0,5,6,0.00029682019157912316,1.5233661878855478,1,False,False,3,0.387152580182559
100000000661912100,transit,0.7234,3,0.814103,Отдал/получил в выборке: 1.10; временно сопоставлено за 48 ч: 13%; признаки транзита,5,2,393036.0,430700.0,9,8,0.0018028745291535052,1.0958283719557496,1,False,False,2,0.1280060859565027
100000003747133100,coordinator,0.76,44,0.808164,Связи с 4 кластерами; достижим от 3 seed; гипотеза координации,5,2,237068.0,250000.0,8,2,0.0003779565876521842,1.0545497494389795,2,False,False,3,0.08924443619552196
100000008461532100,distributor,0.6933,25,0.807611,"Получателей: 8, отправителей: 2; признаки веерного распределения",2,8,565300.0,2530090.0,2,9,0.0007438112240211173,4.475658942154608,2,False,False,2,0.0
100000005665181100,coordinator,0.76,5,0.807554,Связи с 4 кластерами; достижим от 3 seed; гипотеза координации,4,11,45498.0,181915.0,5,11,0.0003984054848966994,3.998307617917271,2,False,False,3,0.0
100000002723538100,distributor,0.74,3,0.801384,"Получателей: 12, отправителей: 3; признаки веерного распределения",3,12,105647.0,560499.0,3,14,0.00032026042434771127,5.305394379395534,2,False,False,2,1.0
100000006734214100,coordinator,0.76,5,0.799168,Связи с 4 кластерами; достижим от 3 seed; гипотеза координации,5,3,610000.0,36000.0,10,4,0.0006057272865878016,0.05901639344262295,3,False,False,3,0.029508196721311476
100000005514161100,consolidator,0.748,6,0.797186,Отправителей: 4; наблюдаемая доля перевода дальше 12.5%; признаки консолидации,4,1,401500.0,50000.0,7,1,0.0008055296583690213,0.12453300124533001,1,False,False,6,0.0
100000008742053100,distributor,0.74,13,0.796336,"Получателей: 12, отправителей: 1; признаки веерного распределения",1,12,10000.0,2789000.0,1,12,0.00028628340179381195,278.9,3,False,False,2,0.0
100000003946524100,transit,0.7178,2,0.791908,Отдал/получил в выборке: 1.08; временно сопоставлено за 48 ч: 0%; признаки транзита,2,2,133757.0,144750.0,2,2,0.00032598343422456664,1.0821863528637754,1,False,False,4,0.0
100000002748532100,coordinator,0.73,17,0.789393,Связи с 3 кластерами; достижим от 4 seed; гипотеза координации,3,2,355575.0,646685.0,3,7,0.00033909272449447346,1.8187021022287844,2,False,False,4,0.0
100000004159526100,coordinator,0.71,14,0.782911,Связи с 3 кластерами; достижим от 3 seed; гипотеза координации,4,4,275037.0,68000.0,4,6,0.000851470192535959,0.24723946232688693,1,False,False,3,0.07271748891967263
100000004390333100,distributor,0.705,0,0.781928,"Получателей: 9, отправителей: 2; признаки веерного распределения",2,9,64558.0,506500.0,2,14,0.0002952006253181458,7.845658167849066,1,False,False,2,0.7086805663124632
100000006788200100,coordinator,0.71,6,0.780107,Связи с 3 кластерами; достижим от 3 seed; гипотеза координации,4,3,272155.8,64500.0,4,4,0.00033708785297200674,0.23699660268125833,1,False,False,3,0.0
100000004707703100,transit,0.8295,4,0.776951,Отдал/получил в выборке: 0.97; временно сопоставлено за 48 ч: 41%; признаки транзита,2,5,239300.0,231650.0,3,6,0.0006350697709394039,0.9680317592979524,1,False,False,2,0.40952778938570833
100000000490383100,coordinator,0.71,4,0.775692,Связи с 3 кластерами; достижим от 3 seed; гипотеза координации,3,8,62600.0,461375.0,3,9,0.0005477266035916197,7.37020766773163,2,False,False,3,0.0
100000006889963100,consolidator,0.7202,5,0.774117,Отправителей: 4; наблюдаемая доля перевода дальше 31.0%; признаки консолидации,4,1,1431000.0,443475.8,6,3,0.00042697910213127606,0.30990621942697416,1,False,False,9,0.15793151642208245
100000000667713100,coordinator,0.71,4,0.77337,Связи с 3 кластерами; достижим от 3 seed; гипотеза координации,2,6,119495.0,79236.0,10,7,0.0003200691646109354,0.663090505878907,1,False,False,3,0.2067032093393029
100000008460102100,distributor,0.95,7,0.767383,"Получателей: 31, отправителей: 1; признаки веерного распределения",1,31,17500.0,476570.0,1,34,0.00029968156054826155,27.23257142857143,3,False,False,1,1.0
100000001049200100,coordinator,0.71,18,0.764001,Связи с 3 кластерами; достижим от 3 seed; гипотеза координации,2,4,76624.0,36000.0,2,5,0.0002982791778635961,0.46982668615577367,1,False,False,3,0.0
100000008748914100,distributor,0.7517,2,0.761025,"Получателей: 13, отправителей: 2; признаки веерного распределения",2,13,180000.0,4471847.0,9,21,0.0007902129926974481,24.843594444444445,1,False,False,1,1.0
100000002398779100,consolidator,0.891,0,0.760121,Отправителей: 13; наблюдаемая доля перевода дальше 6.0%; признаки консолидации,13,1,1095690.0,66000.0,28,3,0.0015983045999764815,0.06023601566136407,2,False,False,5,0.06023601566136407
100000006225798100,coordinator,0.71,16,0.757434,Связи с 3 кластерами; достижим от 3 seed; гипотеза координации,3,2,722000.0,26300.0,4,2,0.00035982789013753596,0.03642659279778394,3,False,False,3,0.0
100000008761219100,coordinator,0.73,45,0.756026,Связи с 3 кластерами; достижим от 4 seed; гипотеза координации,2,2,50000.0,375000.0,2,2,0.000292840620339012,7.5,3,False,False,4,0.7
100000008692291100,coordinator,0.71,9,0.753995,Связи с 3 кластерами; достижим от 3 seed; гипотеза координации,3,3,160000.0,156000.0,3,3,0.00030794845743127466,0.975,3,False,False,3,0.13125
100000003213473100,distributor,0.7283,0,0.753031,"Получателей: 11, отправителей: 1; признаки веерного распределения",1,11,57500.0,240000.0,2,12,0.0002888118269671794,4.173913043478261,3,False,False,2,0.782608695652174
100000008324800100,transit,0.8304,68,0.75022,Отдал/получил в выборке: 0.97; временно сопоставлено за 48 ч: 40%; признаки транзита,3,1,526500.0,511000.0,17,13,0.001956369608181222,0.9705603038936372,2,False,False,3,0.39886039886039887
100000004299488100,consolidator,0.7704,0,0.749279,Отправителей: 6; наблюдаемая доля перевода дальше 19.7%; признаки консолидации,6,2,1749000.0,344999.0,22,14,0.0014559218221310546,0.19725500285877645,1,False,False,3,0.14408233276157806
100000003741418100,consolidator,0.8106,5,0.747944,Отправителей: 9; наблюдаемая доля перевода дальше 26.3%; признаки консолидации,9,3,151900.0,39920.0,13,3,0.0006320196361487239,0.2628044766293614,2,False,False,3,0.0
100000003880331100,distributor,0.7867,3,0.745216,"Получателей: 16, отправителей: 1; признаки веерного распределения",1,16,100000.0,3904908.0,1,31,0.0003076158352570896,39.04908,3,False,False,1,1.0
100000006707582100,distributor,0.7633,7,0.744865,"Получателей: 14, отправителей: 2; признаки веерного распределения",2,14,39520.0,961138.0,2,15,0.0005377627211341348,24.320293522267207,1,False,False,1,0.4433198380566802
100000003854444100,distributor,0.7633,18,0.743482,"Получателей: 14, отправителей: 1; признаки веерного распределения",1,14,210000.0,2322909.0,4,14,0.00046655747503834605,11.061471428571428,2,False,False,1,0.7619047619047619
100000002838861100,consolidator,0.7806,8,0.741147,Отправителей: 5; наблюдаемая доля перевода дальше 1.8%; признаки консолидации,5,1,554523.95,10000.0,5,1,0.0022394913323642773,0.018033486200190272,1,False,False,4,0.0
100000005074393100,peripheral,0.2,12,0.739569,"Отправителей: 4, получателей: 6; переводов вход/выход: 5/10; недостаточно признаков роли",4,6,563026.0,685500.0,5,10,0.0010583914514566669,1.2175281425724567,1,False,False,6,0.08081331945593986
100000002718366100,consolidator,0.8,8,0.737727,Отправителей: 6; наблюдаемая доля перевода дальше 0.0%; признаки консолидации,6,0,2525000.0,0,10,0,0.0006811612595843617,0.0,2,False,False,5,0.0
100000006977207100,distributor,0.775,3,0.732792,"Получателей: 15, отправителей: 1; признаки веерного распределения",1,15,414000.0,4157018.0,1,15,0.0003477622804021899,10.041106280193237,2,False,False,1,0.0
100000003796063100,distributor,0.775,5,0.728589,"Получателей: 15, отправителей: 1; признаки веерного распределения",1,15,35000.0,959150.0,1,23,0.0006845472165512882,27.404285714285713,3,False,False,1,0.0
100000008560717100,consolidator,0.8096,5,0.724458,Отправителей: 7; наблюдаемая доля перевода дальше 4.7%; признаки консолидации,7,1,529000.0,25000.0,9,1,0.0003307315810479966,0.04725897920604915,1,False,False,3,0.0
100000001282143100,consolidator,0.7833,13,0.72436,Отправителей: 5; наблюдаемая доля перевода дальше 0.0%; признаки консолидации,5,0,1700000.0,0,6,0,0.0004016167551159662,0.0,3,False,False,5,0.0
100000007998965100,consolidator,0.7693,7,0.72065,Отправителей: 5; наблюдаемая доля перевода дальше 9.4%; признаки консолидации,5,1,278000.0,26000.0,7,3,0.0004716509795649215,0.09352517985611511,2,False,False,4,0.03597122302158273
100000002894076100,consolidator,0.7667,6,0.719309,Отправителей: 4; наблюдаемая доля перевода дальше 0.0%; признаки консолидации,4,0,1122782.0,0,6,0,0.0003827627347761111,0.0,1,False,False,7,0.0
100000008620570100,coordinator,0.73,3,0.719297,Связи с 3 кластерами; достижим от 4 seed; гипотеза координации,2,2,145000.0,31800.0,2,2,0.00034844460494197965,0.2193103448275862,3,False,False,4,0.0
100000008637537100,peripheral,0.2,9,0.717443,"Отправителей: 3, получателей: 3; переводов вход/выход: 22/30; недостаточно признаков роли; входящие seed неполны",3,3,619890.0,2351495.0,22,30,0.0008264712771297026,3.793406894771653,0,True,False,4,0.7348158544257852
100000008752616100,peripheral,0.2,8,0.716809,"Отправителей: 2, получателей: 7; переводов вход/выход: 2/7; недостаточно признаков роли",2,7,64510.0,1265000.0,2,7,0.00031303497998286456,19.6093628894745,2,False,False,4,0.8449852736009921
100000004820260100,transit,0.7792,15,0.716337,Отдал/получил в выборке: 0.92; временно сопоставлено за 48 ч: 40%; признаки транзита,1,3,234200.0,215350.0,12,10,0.0014078619073311996,0.9195132365499573,2,False,False,3,0.3977369769427839
100000006069103100,transit,0.6364,53,0.715164,Отдал/получил в выборке: 1.18; временно сопоставлено за 48 ч: 11%; признаки транзита,3,3,228818.0,270000.0,3,4,0.0011488661031826,1.1799770997036947,1,False,False,2,0.1092571388614532
100000008144528100,consolidator,0.7833,4,0.714365,Отправителей: 5; наблюдаемая доля перевода дальше 0.0%; признаки консолидации,5,0,1068202.6,0,13,0,0.0010551009480068304,0.0,2,False,False,4,0.0
100000008379273100,transit,0.7444,7,0.711078,Отдал/получил в выборке: 1.06; временно сопоставлено за 48 ч: 0%; признаки транзита,2,4,36000.0,38000.0,2,4,0.0002990006350424169,1.0555555555555556,3,False,False,2,0.0
100000008086440100,transit,0.6361,0,0.710127,Отдал/получил в выборке: 0.81; временно сопоставлено за 48 ч: 19%; признаки транзита,1,5,199733.0,161300.0,1,6,0.0003375365728682507,0.8075781167859092,3,False,False,2,0.19025398907541569
100000003249054100,consolidator,0.7941,2,0.707969,Отправителей: 7; наблюдаемая доля перевода дальше 15.0%; признаки консолидации,7,1,99700.0,15000.0,11,1,0.00043126606842809465,0.15045135406218657,2,False,False,3,0.0
100000003404627100,consolidator,0.7667,9,0.707222,Отправителей: 4; наблюдаемая доля перевода дальше 0.0%; признаки консолидации,4,0,877700.0,0,5,0,0.001375266979146987,0.0,1,False,False,5,0.0
100000004906181100,peripheral,0.2,34,0.706213,"Отправителей: 1, получателей: 7; переводов вход/выход: 1/33; недостаточно признаков роли",1,7,100000.0,2473417.91,1,33,0.00028881009611137734,24.734179100000002,3,False,False,3,1.0
100000004071080100,consolidator,0.8208,0,0.702306,Отправителей: 9; наблюдаемая доля перевода дальше 19.5%; признаки консолидации,9,2,238600.0,46500.0,16,5,0.0013694792541153853,0.19488683989941324,1,False,False,2,0.1697401508801341
100000007055802100,consolidator,0.7552,0,0.698885,Отправителей: 6; наблюдаемая доля перевода дальше 29.9%; признаки консолидации,6,1,2024999.0,605000.0,34,7,0.0011773017516167274,0.29876557963732325,1,False,False,3,0.11753092223749247
100000008723830100,transit,0.9377,4,0.698488,Отдал/получил в выборке: 0.99; временно сопоставлено за 48 ч: 99%; признаки транзита,2,1,459785.0,455000.0,2,1,0.00034017142115203816,0.9895929619278576,1,False,False,2,0.987418032341203
100000002241986100,peripheral,0.2,37,0.6976,"Отправителей: 1, получателей: 6; переводов вход/выход: 1/12; недостаточно признаков роли",1,6,280000.0,3077000.0,1,12,0.00029462681819056893,10.989285714285714,3,False,False,3,0.0
100000008546855100,coordinator,0.71,18,0.693699,Связи с 3 кластерами; достижим от 3 seed; гипотеза координации,6,2,71790.0,10000.0,8,2,0.0014217723738381108,0.1392951664577239,2,False,False,3,0.1392951664577239
100000001937767100,peripheral,0.2,14,0.692458,"Отправителей: 1, получателей: 4; переводов вход/выход: 1/6; недостаточно признаков роли",1,4,53000.0,1933000.0,1,6,0.0008880710437708323,36.471698113207545,1,False,False,5,0.0
100000007777377100,peripheral,0.2,4,0.692408,"Отправителей: 1, получателей: 2; переводов вход/выход: 7/2; недостаточно признаков роли",1,2,456290.0,10000.0,7,2,0.00036104661771144955,0.021915886826360427,2,False,False,4,0.010957943413180214
100000002547110100,consolidator,0.8,9,0.692322,Отправителей: 6; наблюдаемая доля перевода дальше 0.0%; признаки консолидации,6,0,1500000.0,0,10,0,0.00055172294079748,0.0,3,False,False,3,0.0
100000004962193100,consolidator,0.8333,0,0.691692,Отправителей: 8; наблюдаемая доля перевода дальше 0.0%; признаки консолидации,8,0,900468.0,0,11,0,0.0006568157391066559,0.0,2,False,False,3,0.0
100000002741024100,peripheral,0.2,0,0.687752,"Отправителей: 5, получателей: 6; переводов вход/выход: 9/7; недостаточно признаков роли",5,6,817980.85,434989.0,9,7,0.002936363247324629,0.5317838431058625,2,False,False,3,0.03447880228491902
100000008258083100,peripheral,0.2,29,0.686629,"Отправителей: 2, получателей: 2; переводов вход/выход: 13/6; недостаточно признаков роли",2,2,3149500.0,2045650.0,13,6,0.0010467586908817724,0.6495157961581204,2,False,False,3,0.027782187648833147
100000001526235100,distributor,0.6933,24,0.685877,"Получателей: 8, отправителей: 3; признаки веерного распределения",3,8,82000.0,432750.0,4,9,0.0008770210803213937,5.277439024390244,2,False,False,1,0.4817073170731707
100000008490127100,peripheral,0.2,5,0.685779,"Отправителей: 1, получателей: 6; переводов вход/выход: 2/9; недостаточно признаков роли",1,6,431755.0,923000.0,2,9,0.00029953079963016737,2.137786476126507,3,False,False,3,0.0
100000002369874100,consolidator,0.7667,8,0.684407,Отправителей: 4; наблюдаемая доля перевода дальше 0.0%; признаки консолидации,4,0,600000.0,0,4,0,0.00033735180939548293,0.0,3,False,False,4,0.0
100000003157679100,consolidator,0.7667,8,0.681659,Отправителей: 4; наблюдаемая доля перевода дальше 0.0%; признаки консолидации,4,0,541000.0,0,4,0,0.00037274749859727316,0.0,3,False,False,4,0.0
100000003111305100,consolidator,0.7667,26,0.679865,Отправителей: 4; наблюдаемая доля перевода дальше 0.0%; признаки консолидации,4,0,509338.0,0,4,0,0.0004035486479219273,0.0,3,False,False,4,0.0
100000001126374100,consolidator,0.7427,0,0.679836,Отправителей: 4; наблюдаемая доля перевода дальше 16.0%; признаки консолидации,4,2,182500.0,29200.0,7,4,0.0003134570977187454,0.16,1,False,False,2,0.08328767123287671
100000000089154100,distributor,0.775,0,0.678841,"Получателей: 15, отправителей: 1; признаки веерного распределения",1,15,10000.0,425500.0,1,21,0.0002874505687057458,42.55,1,False,False,1,0.0
100000001303311100,consolidator,0.7833,17,0.678596,Отправителей: 5; наблюдаемая доля перевода дальше 0.0%; признаки консолидации,5,0,1324000.0,0,5,0,0.0005014389169384908,0.0,3,False,False,3,0.0
100000006424479100,peripheral,0.2,12,0.676444,"Отправителей: 1, получателей: 2; переводов вход/выход: 2/3; недостаточно признаков роли",1,2,500000.0,220000.0,2,3,0.0009417659092860148,0.44,2,False,False,5,0.0
100000004325327100,transit,0.889,0,0.675605,Отдал/получил в выборке: 0.99; временно сопоставлено за 48 ч: 67%; признаки транзита,2,1,70817.0,70000.0,3,1,0.00029577796708287396,0.988463222107686,1,False,False,2,0.6703475154270867
100000004759121100,peripheral,0.2,0,0.668774,"Отправителей: 6, получателей: 2; переводов вход/выход: 10/6; недостаточно признаков роли",6,2,710000.0,312000.0,10,6,0.0014254523798728604,0.4394366197183099,1,False,False,3,0.14788732394366197
100000003809101100,peripheral,0.2,11,0.667906,"Отправителей: 2, получателей: 2; переводов вход/выход: 3/4; недостаточно признаков роли",2,2,166050.0,55200.0,3,4,0.0003618754377437782,0.3324299909665763,1,False,False,5,0.06022282445046673
100000007594394100,peripheral,0.2,18,0.667493,"Отправителей: 6, получателей: 1; переводов вход/выход: 6/40; недостаточно признаков роли",6,1,395385.0,3376312.0,6,40,0.0004053404407186977,8.539302199122375,2,False,False,4,1.0
100000001072022100,terminal,0.5,2,0.667363,"Входящих переводов: 6, отправителей: 3, исходящих: 0; колено 1; гипотеза конечного получателя",3,0,1684000.0,0,6,0,0.0005015812946441087,0.0,1,False,False,5,0.0
100000006274203100,peripheral,0.2,18,0.667291,"Отправителей: 2, получателей: 3; переводов вход/выход: 41/3; недостаточно признаков роли",2,3,3417512.0,72000.0,41,3,0.0006314493714187232,0.02106795821053445,3,False,False,4,0.0
100000005382566100,peripheral,0.2,19,0.667287,"Отправителей: 7, получателей: 1; переводов вход/выход: 11/1; недостаточно признаков роли; входящие seed неполны",7,1,393066.0,50000.0,11,1,0.002109144556247203,0.12720510041570626,0,True,False,11,0.07377895824110964
100000004486525100,coordinator,0.71,0,0.665372,Связи с 3 кластерами; достижим от 3 seed; гипотеза координации,8,2,360924.0,271045.0,21,3,0.0008051543843426904,0.7509752745730403,2,False,False,3,0.2429874433398721
100000006020215100,transit,0.6733,12,0.665295,Отдал/получил в выборке: 1.13; временно сопоставлено за 48 ч: 0%; признаки транзита,1,2,30000.0,33800.0,1,2,0.0002966609872057609,1.1266666666666667,3,False,False,3,0.0
100000002605308100,terminal,0.5,14,0.663291,"Входящих переводов: 7, отправителей: 3, исходящих: 0; колено 2; гипотеза конечного получателя",3,0,2569521.84,0,7,0,0.0008828924848182071,0.0,2,False,False,4,0.0
100000001253557100,consolidator,0.7833,9,0.660856,Отправителей: 5; наблюдаемая доля перевода дальше 0.0%; признаки консолидации,5,0,210200.0,0,5,0,0.00035109636274988277,0.0,1,False,False,5,0.0
100000004450649100,coordinator,0.71,5,0.658822,Связи с 3 кластерами; достижим от 3 seed; гипотеза координации,2,2,192528.0,46527.0,2,2,0.00029893618077167944,0.24166355023684866,3,False,False,3,0.02714929776448101
100000003299365100,transit,0.8,2,0.658082,Отдал/получил в выборке: 1.00; временно сопоставлено за 48 ч: 0%; признаки транзита,1,1,200000.0,200000.0,1,1,0.00032551733553889224,1.0,1,False,False,4,0.0
100000006704530100,transit,0.7501,25,0.657087,Отдал/получил в выборке: 0.95; временно сопоставлено за 48 ч: 0%; признаки транзита,1,3,450500.0,428000.0,1,5,0.0003981532125323556,0.9500554938956715,3,False,False,1,0.0
100000007544358100,transit,0.7147,4,0.657005,Отдал/получил в выборке: 1.09; временно сопоставлено за 48 ч: 0%; признаки транзита,2,1,322500.0,350000.0,2,3,0.0003405001850731892,1.0852713178294573,1,False,False,2,0.0
100000002175422100,peripheral,0.2,30,0.656792,"Отправителей: 3, получателей: 6; переводов вход/выход: 5/14; недостаточно признаков роли",3,6,68500.0,1621188.0,5,14,0.0008441275654585766,23.66697810218978,2,False,False,2,0.5620437956204379
100000002217161100,peripheral,0.2,33,0.656254,"Отправителей: 2, получателей: 7; переводов вход/выход: 15/19; недостаточно признаков роли",2,7,404750.0,995132.0,15,19,0.000888918741607695,2.4586337245213095,2,False,False,2,0.4644842495367511
100000005473151100,peripheral,0.2,7,0.655275,"Отправителей: 3, получателей: 4; переводов вход/выход: 4/6; недостаточно признаков роли",3,4,1220000.0,225000.0,4,6,0.0004681325988062851,0.18442622950819673,1,False,False,2,0.020491803278688523
100000008192264100,transit,0.6458,5,0.655202,Отдал/получил в выборке: 1.15; временно сопоставлено за 48 ч: 0%; признаки транзита,1,1,162810.0,187910.0,1,2,0.00029083980896578855,1.1541674344327744,3,False,False,3,0.0
100000000413678100,peripheral,0.2,3,0.655041,"Отправителей: 2, получателей: 3; переводов вход/выход: 2/18; недостаточно признаков роли",2,3,306500.0,528198.0,2,18,0.0003006799328630497,1.723321370309951,3,False,False,3,0.23490701468189235
100000003390036100,peripheral,0.2,11,0.654298,"Отправителей: 2, получателей: 2; переводов вход/выход: 4/2; недостаточно признаков роли",2,2,231300.0,62000.0,4,2,0.0013188732593279024,0.2680501513186338,2,False,False,9,0.0
100000004394765100,peripheral,0.2,4,0.653668,"Отправителей: 3, получателей: 2; переводов вход/выход: 10/2; недостаточно признаков роли",3,2,603844.0,82500.0,10,2,0.0003801587130114232,0.13662469114539516,1,False,False,3,0.058790018614079134
100000006579678100,peripheral,0.2,4,0.653238,"Отправителей: 2, получателей: 6; переводов вход/выход: 2/15; недостаточно признаков роли",2,6,192930.0,1668800.0,2,15,0.0006249833440154762,8.649769346395066,1,False,False,2,0.0
100000008628231100,peripheral,0.2,64,0.652863,"Отправителей: 1, получателей: 2; переводов вход/выход: 1/19; недостаточно признаков роли",1,2,50000.0,627870.0,1,19,0.00029556327176859286,12.5574,1,False,False,4,0.44
100000005519998100,transit,0.8181,32,0.652608,Отдал/получил в выборке: 1.03; временно сопоставлено за 48 ч: 34%; признаки транзита,3,3,182000.0,188000.0,5,8,0.0006513169634582361,1.032967032967033,2,False,False,1,0.34065934065934067
100000004041163100,peripheral,0.2,19,0.650726,"Отправителей: 1, получателей: 2; переводов вход/выход: 1/6; недостаточно признаков роли; входящие seed неполны",1,2,50000.0,866000.0,1,6,0.0020783516451241667,17.32,0,True,False,8,0.0
100000008722417100,peripheral,0.2,5,0.650533,"Отправителей: 1, получателей: 3; переводов вход/выход: 1/6; недостаточно признаков роли",1,3,331900.0,720000.0,1,6,0.0002963039730567358,2.16932811087677,3,False,False,3,0.0
100000000291906100,transit,0.6282,47,0.647922,Отдал/получил в выборке: 1.17; временно сопоставлено за 48 ч: 2%; признаки транзита,2,2,388000.0,455854.0,3,6,0.0007620651570732775,1.1748814432989692,2,False,False,1,0.020618556701030927
100000008094734100,consolidator,0.7667,0,0.647675,Отправителей: 4; наблюдаемая доля перевода дальше 0.0%; признаки консолидации,4,0,236249.0,0,4,0,0.00034403155609985335,0.0,1,False,False,4,0.0
100000008625905100,peripheral,0.2,15,0.647513,"Отправителей: 1, получателей: 2; переводов вход/выход: 1/2; недостаточно признаков роли",1,2,197800.0,635000.0,1,2,0.0005449858600871393,3.210313447927199,3,False,False,4,0.0
100000007392365100,peripheral,0.2,38,0.643878,"Отправителей: 1, получателей: 6; переводов вход/выход: 1/9; недостаточно признаков роли",1,6,9613.0,1765600.0,1,9,0.00028611912586484626,183.66794965151357,3,False,False,2,0.0
100000008545727100,peripheral,0.2,7,0.643654,"Отправителей: 1, получателей: 6; переводов вход/выход: 1/7; недостаточно признаков роли",1,6,30000.0,1866500.0,1,7,0.0003386336162417891,62.21666666666667,2,False,False,2,0.0
100000004140487100,distributor,0.7167,2,0.642028,"Получателей: 10, отправителей: 1; признаки веерного распределения",1,10,24510.0,262600.0,1,19,0.0002894290680011158,10.713994288045695,3,False,False,1,1.0
100000002988894100,peripheral,0.2,2,0.641011,"Отправителей: 1, получателей: 3; переводов вход/выход: 1/3; недостаточно признаков роли",1,3,306121.0,77500.0,1,3,0.00034670903688134515,0.25316786499456095,1,False,False,4,0.0
100000008512552100,peripheral,0.2,16,0.640628,"Отправителей: 4, получателей: 6; переводов вход/выход: 9/11; недостаточно признаков роли",4,6,394360.0,1302275.0,9,11,0.0004256476552395351,3.3022492139162187,2,False,False,2,0.8795516786692362
100000003071930100,peripheral,0.2,8,0.640404,"Отправителей: 3, получателей: 1; переводов вход/выход: 4/1; недостаточно признаков роли",3,1,477610.0,5000.0,4,1,0.0003483749083035963,0.010468792529469651,1,False,False,5,0.010468792529469651
100000006972210100,terminal,0.5,8,0.640263,"Входящих переводов: 4, отправителей: 3, исходящих: 0; колено 1; гипотеза конечного получателя",3,0,488775.0,0,4,0,0.0003462499209815729,0.0,1,False,False,7,0.0
100000001584286100,terminal,0.5,13,0.639997,"Входящих переводов: 3, отправителей: 2, исходящих: 0; колено 2; гипотеза конечного получателя",2,0,738699.0,0,3,0,0.0003283932207389693,0.0,2,False,False,5,0.0
100000003134934100,consolidator,0.7667,0,0.639386,Отправителей: 4; наблюдаемая доля перевода дальше 0.0%; признаки консолидации,4,0,379354.0,0,4,0,0.00042420818527931037,0.0,2,False,False,3,0.0
100000002939838100,terminal,0.5,4,0.638476,"Входящих переводов: 3, отправителей: 3, исходящих: 0; колено 1; гипотеза конечного получателя",3,0,571233.0,0,3,0,0.0003998470653092849,0.0,1,False,False,6,0.0
100000004479404100,peripheral,0.2,42,0.637594,"Отправителей: 2, получателей: 1; переводов вход/выход: 8/2; недостаточно признаков роли",2,1,1492000.0,300000.0,8,2,0.0008644036231757222,0.20107238605898123,2,False,False,2,0.0
100000000656682100,transit,0.6732,0,0.636931,Отдал/получил в выборке: 1.13; временно сопоставлено за 48 ч: 0%; признаки транзита,1,2,71000.0,80000.0,1,3,0.00028957093622191445,1.1267605633802817,3,False,False,2,0.0
100000003366154100,peripheral,0.2,2,0.63629,"Отправителей: 1, получателей: 3; переводов вход/выход: 1/3; недостаточно признаков роли",1,3,125000.0,289170.0,1,3,0.00031054030365374255,2.31336,1,False,False,4,0.0
100000003159641100,peripheral,0.2,15,0.635471,"Отправителей: 4, получателей: 1; переводов вход/выход: 7/1; недостаточно признаков роли",4,1,64000.0,197800.0,7,1,0.0003051850063600879,3.090625,2,False,False,4,0.234375
100000007229557100,terminal,0.5,17,0.632716,"Входящих переводов: 3, отправителей: 3, исходящих: 0; колено 3; гипотеза конечного получателя",3,0,878000.0,0,3,0,0.0003940764934199565,0.0,3,False,False,4,0.0
100000001732159100,peripheral,0.2,9,0.63188,"Отправителей: 2, получателей: 4; переводов вход/выход: 30/23; недостаточно признаков роли; входящие seed неполны",2,4,2378100.0,1505966.0,30,23,0.0010915968110700167,0.633264370716118,0,True,False,3,0.17499516420671965
100000006755850100,terminal,0.5,5,0.631624,"Входящих переводов: 3, отправителей: 1, исходящих: 0; колено 2; гипотеза конечного получателя",1,0,443475.8,0,3,0,0.0006485108543117145,0.0,2,False,False,9,0.0
100000002793881100,terminal,0.5,8,0.630249,"Входящих переводов: 3, отправителей: 3, исходящих: 0; колено 3; гипотеза конечного получателя",3,0,785600.0,0,3,0,0.00037503715221145215,0.0,3,False,False,4,0.0
100000002205022100,peripheral,0.2,54,0.629534,"Отправителей: 1, получателей: 3; переводов вход/выход: 1/3; недостаточно признаков роли",1,3,7100.0,518000.0,1,3,0.0005452943705992878,72.95774647887323,2,False,False,4,0.8450704225352113
100000003171587100,peripheral,0.2,5,0.628938,"Отправителей: 2, получателей: 2; переводов вход/выход: 2/7; недостаточно признаков роли",2,2,700000.0,431300.0,2,7,0.0003159577801586744,0.6161428571428571,3,False,False,3,0.0
100000002433697100,transit,0.6462,5,0.628499,Отдал/получил в выборке: 0.85; временно сопоставлено за 48 ч: 0%; признаки транзита,1,1,130000.0,110000.0,1,1,0.0002897795497912426,0.8461538461538461,3,False,False,3,0.0
100000001875239100,terminal,0.5,8,0.628118,"Входящих переводов: 3, отправителей: 3, исходящих: 0; колено 3; гипотеза конечного получателя",3,0,712000.0,0,3,0,0.0003339928953094746,0.0,3,False,False,4,0.0
100000003004487100,peripheral,0.2,30,0.627996,"Отправителей: 4, получателей: 2; переводов вход/выход: 9/3; недостаточно признаков роли",4,2,183702.8,265015.0,9,3,0.0003506616042593775,1.4426290726107605,1,False,False,2,0.05045105463825266
100000004569484100,peripheral,0.2,7,0.627552,"Отправителей: 2, получателей: 4; переводов вход/выход: 3/4; недостаточно признаков роли",2,4,98312.0,156000.0,3,4,0.00031935425347142044,1.586784929611848,3,False,False,2,0.0
100000005778283100,terminal,0.5,6,0.625538,"Входящих переводов: 3, отправителей: 3, исходящих: 0; колено 1; гипотеза конечного получателя",3,0,615760.0,0,3,0,0.0004373368972900577,0.0,1,False,False,4,0.0
100000001463701100,terminal,0.5,11,0.625215,"Входящих переводов: 2, отправителей: 2, исходящих: 0; колено 1; гипотеза конечного получателя",2,0,621000.0,0,2,0,0.0005719457693767076,0.0,1,False,False,5,0.0
100000004679953100,peripheral,0.2,3,0.625105,"Отправителей: 3, получателей: 3; переводов вход/выход: 3/3; недостаточно признаков роли",3,3,343538.0,34100.0,3,3,0.00033416299741527157,0.09926121709970949,1,False,False,2,0.06200187461066898
100000008011159100,peripheral,0.2,39,0.624714,"Отправителей: 3, получателей: 5; переводов вход/выход: 6/5; недостаточно признаков роли",3,5,363000.0,153037.0,6,5,0.00048580333971548815,0.4215895316804408,2,False,False,2,0.027548209366391185
100000001660397100,transit,0.8288,0,0.624085,Отдал/получил в выборке: 1.01; временно сопоставлено за 48 ч: 25%; признаки транзита,2,3,48600.0,49000.0,2,4,0.0002951379856219442,1.008230452674897,1,False,False,1,0.24691358024691357
100000002945626100,terminal,0.5,8,0.623856,"Входящих переводов: 3, отправителей: 3, исходящих: 0; колено 3; гипотеза конечного получателя",3,0,584000.0,0,3,0,0.000337699474276269,0.0,3,False,False,4,0.0
100000007170072100,transit,0.9442,3,0.623685,Отдал/получил в выборке: 0.99; временно сопоставлено за 48 ч: 100%; признаки транзита,1,2,100000.0,99500.0,1,9,0.0003076158352570896,0.995,3,False,False,1,0.995
100000002173161100,terminal,0.5,4,0.623394,"Входящих переводов: 5, отправителей: 3, исходящих: 0; колено 1; гипотеза конечного получателя",3,0,1427500.0,0,5,0,0.00043523607841758545,0.0,1,False,False,3,0.0
100000002628576100,peripheral,0.2,5,0.623262,"Отправителей: 2, получателей: 2; переводов вход/выход: 3/2; недостаточно признаков роли",2,2,727882.0,539000.0,3,2,0.0003113313956737376,0.7405046422359668,3,False,False,3,0.0
100000002443664100,terminal,0.5,13,0.622958,"Входящих переводов: 3, отправителей: 3, исходящих: 0; колено 2; гипотеза конечного получателя",3,0,556880.0,0,3,0,0.0003387169766411729,0.0,2,False,False,4,0.0
100000007138613100,peripheral,0.2,0,0.622477,"Отправителей: 3, получателей: 2; переводов вход/выход: 3/2; недостаточно признаков роли",3,2,1002000.0,179000.0,3,2,0.00035405900926699873,0.17864271457085829,3,False,False,3,0.0
100000008632060100,distributor,0.705,0,0.619326,"Получателей: 9, отправителей: 1; признаки веерного распределения",1,9,6000.0,339200.0,1,12,0.00028803011248916094,56.53333333333333,3,False,False,1,0.0
100000002267998100,peripheral,0.2,21,0.618772,"Отправителей: 2, получателей: 3; переводов вход/выход: 4/12; недостаточно признаков роли",2,3,420000.0,1115000.0,4,12,0.0015989488600774734,2.6547619047619047,2,False,False,2,0.5952380952380952
100000008172352100,peripheral,0.2,31,0.618187,"Отправителей: 3, получателей: 7; переводов вход/выход: 3/8; недостаточно признаков роли",3,7,90265.0,289510.0,3,8,0.0003751357985258435,3.207333961114496,1,False,False,2,0.8696615520966045
100000008636603100,peripheral,0.2,4,0.616928,"Отправителей: 2, получателей: 6; переводов вход/выход: 2/7; недостаточно признаков роли",2,6,35460.0,159375.0,2,7,0.00033863506760151206,4.494500846023689,2,False,False,2,0.8801466441060349
100000005079754100,peripheral,0.2,2,0.616443,"Отправителей: 1, получателей: 2; переводов вход/выход: 1/2; недостаточно признаков роли",1,2,70000.0,122000.0,1,2,0.0002995571469379661,1.7428571428571429,1,False,False,4,0.2857142857142857
100000001527186100,terminal,0.5,2,0.615579,"Входящих переводов: 2, отправителей: 1, исходящих: 0; колено 1; гипотеза конечного получателя",1,0,678000.0,0,2,0,0.0004209709520869129,0.0,1,False,False,4,0.0
100000004746397100,peripheral,0.2,5,0.615282,"Отправителей: 1, получателей: 1; переводов вход/выход: 1/1; недостаточно признаков роли",1,1,219520.0,7500.0,1,1,0.00029267239957196054,0.03416545189504373,3,False,False,3,0.0
100000002957306100,terminal,0.5,11,0.614864,"Входящих переводов: 2, отправителей: 2, исходящих: 0; колено 1; гипотеза конечного получателя",2,0,398490.0,0,2,0,0.0003550876033301739,0.0,1,False,False,8,0.0
100000004209339100,peripheral,0.2,11,0.614776,"Отправителей: 1, получателей: 2; переводов вход/выход: 6/11; недостаточно признаков роли",1,2,138500.0,238500.0,6,11,0.0008170946524568047,1.7220216606498195,2,False,False,4,0.1624548736462094
100000004480280100,peripheral,0.2,2,0.61407,"Отправителей: 1, получателей: 2; переводов вход/выход: 1/7; недостаточно признаков роли",1,2,146694.0,295850.0,1,7,0.0003148724600499617,2.0167832358515003,1,False,False,4,0.48400070895878494
100000008254069100,peripheral,0.2,19,0.613871,"Отправителей: 1, получателей: 5; переводов вход/выход: 2/6; недостаточно признаков роли",1,5,10200.0,107500.0,2,6,0.00034241663302235904,10.53921568627451,2,False,False,4,0.0
100000002645609100,consolidator,0.7667,0,0.613076,Отправителей: 4; наблюдаемая доля перевода дальше 0.0%; признаки консолидации,4,0,546820.68,0,5,0,0.00035523431293077115,0.0,1,False,False,2,0.0
100000002480800100,terminal,0.5,2,0.611429,"Входящих переводов: 2, отправителей: 2, исходящих: 0; колено 1; гипотеза конечного получателя",2,0,569251.0,0,2,0,0.0006404319860725022,0.0,1,False,False,4,0.0
100000001714173100,terminal,0.5,17,0.611303,"Входящих переводов: 6, отправителей: 1, исходящих: 0; колено 3; гипотеза конечного получателя",1,0,638905.0,0,6,0,0.0005703398616147043,0.0,3,False,False,3,0.0
100000002603769100,terminal,0.5,0,0.610967,"Входящих переводов: 3, отправителей: 3, исходящих: 0; колено 1; гипотеза конечного получателя",3,0,1185368.0,0,3,0,0.0005410994488529336,0.0,1,False,False,3,0.0
100000004677680100,peripheral,0.2,11,0.609897,"Отправителей: 2, получателей: 1; переводов вход/выход: 2/3; недостаточно признаков роли",2,1,63000.0,168000.0,2,3,0.001093976998263126,2.6666666666666665,1,False,False,5,0.2857142857142857
100000006844768100,peripheral,0.2,0,0.608862,"Отправителей: 1, получателей: 2; переводов вход/выход: 5/5; недостаточно признаков роли",1,2,282000.0,188000.0,5,5,0.001380710067525979,0.6666666666666666,2,False,False,3,0.04609929078014184
100000002704875100,terminal,0.5,3,0.607561,"Входящих переводов: 4, отправителей: 3, исходящих: 0; колено 1; гипотеза конечного получателя",3,0,244891.0,0,4,0,0.0003150124118637131,0.0,1,False,False,5,0.0
100000003528285100,peripheral,0.2,2,0.606538,"Отправителей: 4, получателей: 4; переводов вход/выход: 5/6; недостаточно признаков роли",4,4,118870.0,548000.0,5,6,0.0004041367344759178,4.6100782367292,3,False,False,2,0.17666358206444013
100000003254723100,terminal,0.5,2,0.606247,"Входящих переводов: 6, отправителей: 1, исходящих: 0; колено 2; гипотеза конечного получателя",1,0,269850.0,0,6,0,0.0005296992167938275,0.0,2,False,False,4,0.0
100000003158727100,terminal,0.5,6,0.60591,"Входящих переводов: 3, отправителей: 3, исходящих: 0; колено 1; гипотеза конечного получателя",3,0,367940.0,0,3,0,0.0003141431813307406,0.0,1,False,False,4,0.0
100000003589877100,peripheral,0.2,9,0.605833,"Отправителей: 2, получателей: 6; переводов вход/выход: 2/6; недостаточно признаков роли",2,6,176000.0,416129.0,2,6,0.00030695975212004765,2.364369318181818,1,False,False,2,0.26451704545454546
100000008473207100,terminal,0.5,3,0.605397,"Входящих переводов: 4, отправителей: 1, исходящих: 0; колено 2; гипотеза конечного получателя",1,0,202000.0,0,4,0,0.0005556310486268168,0.0,2,False,False,8,0.0
100000002956769100,terminal,0.5,13,0.604574,"Входящих переводов: 3, отправителей: 3, исходящих: 0; колено 3; гипотеза конечного получателя",3,0,840000.0,0,3,0,0.00038467023197592305,0.0,3,False,False,3,0.0
100000002578405100,distributor,0.95,1,0.604317,"Получателей: 116, отправителей: 2; признаки веерного распределения",2,116,1200351.0,3108352.0,7,120,0.0005696507179096323,2.589535894084314,2,False,False,1,0.9147491025541695
100000005664632100,terminal,0.5,64,0.60277,"Входящих переводов: 18, отправителей: 1, исходящих: 0; колено 2; гипотеза конечного получателя",1,0,198620.0,0,18,0,0.0003650521443988039,0.0,2,False,False,4,0.0
100000001611488100,terminal,0.5,5,0.602443,"Входящих переводов: 3, отправителей: 2, исходящих: 0; колено 3; гипотеза конечного получателя",2,0,779300.0,0,3,0,0.0008763233698363993,0.0,3,False,False,3,0.0
100000005031696100,peripheral,0.2,48,0.601279,"Отправителей: 1, получателей: 2; переводов вход/выход: 1/3; недостаточно признаков роли",1,2,5000.0,115000.0,1,3,0.000539395915535848,23.0,2,False,False,4,1.0
100000002618492100,terminal,0.5,11,0.600253,"Входящих переводов: 2, отправителей: 2, исходящих: 0; колено 1; гипотеза конечного получателя",2,0,296500.0,0,2,0,0.00036892704459197227,0.0,1,False,False,6,0.0
100000000076451100,peripheral,0.2,15,0.599973,"Отправителей: 3, получателей: 4; переводов вход/выход: 4/4; недостаточно признаков роли",3,4,87707.0,58000.0,4,4,0.0013911445530414642,0.661292713238396,2,False,False,3,0.05700799252055138
100000002343825100,peripheral,0.2,9,0.599507,"Отправителей: 3, получателей: 2; переводов вход/выход: 4/2; недостаточно признаков роли",3,2,350000.0,89800.0,4,2,0.000333628840985097,0.25657142857142856,3,False,False,3,0.0
100000001236706100,peripheral,0.2,12,0.59812,"Отправителей: 3, получателей: 2; переводов вход/выход: 3/2; недостаточно признаков роли",3,2,142700.0,36000.0,3,2,0.0007654065693350739,0.25227750525578135,3,False,False,5,0.0
100000002883402100,terminal,0.5,8,0.598059,"Входящих переводов: 3, отправителей: 3, исходящих: 0; колено 3; гипотеза конечного получателя",3,0,300000.0,0,3,0,0.0003006438932497022,0.0,3,False,False,4,0.0
100000004077081100,peripheral,0.2,2,0.597456,"Отправителей: 1, получателей: 4; переводов вход/выход: 1/6; недостаточно признаков роли",1,4,140000.0,615000.0,1,6,0.00029010270101786434,4.392857142857143,3,False,False,3,0.7142857142857143
100000001875167100,terminal,0.5,5,0.596017,"Входящих переводов: 2, отправителей: 1, исходящих: 0; колено 3; гипотеза конечного получателя",1,0,1000000.0,0,2,0,0.00031789370650733536,0.0,3,False,False,3,0.0
100000007472293100,peripheral,0.2,45,0.595614,"Отправителей: 1, получателей: 3; переводов вход/выход: 1/3; недостаточно признаков роли",1,3,5000.0,345900.0,1,3,0.0002863411811118974,69.18,3,False,False,3,0.0
100000003031003100,terminal,0.5,13,0.595255,"Входящих переводов: 3, отправителей: 3, исходящих: 0; колено 3; гипотеза конечного получателя",3,0,280090.0,0,3,0,0.0003114720408457003,0.0,3,False,False,4,0.0
100000001697501100,distributor,0.95,1,0.59521,"Получателей: 38, отправителей: 3; признаки веерного распределения",3,38,123700.0,1482606.0,3,55,0.0005911276838542451,11.98549717057397,1,False,False,1,0.45432497978981407
100000008188026100,peripheral,0.2,15,0.594282,"Отправителей: 2, получателей: 4; переводов вход/выход: 5/4; недостаточно признаков роли",2,4,86468.0,337983.17,5,4,0.0002992962418413496,3.9087659018365173,1,False,False,2,0.0
100000003718221100,peripheral,0.2,21,0.594138,"Отправителей: 2, получателей: 4; переводов вход/выход: 6/8; недостаточно признаков роли",2,4,350000.0,423500.0,6,8,0.0010519802813121273,1.21,2,False,False,2,0.2571428571428571
100000008587459100,peripheral,0.2,0,0.593425,"Отправителей: 2, получателей: 2; переводов вход/выход: 2/4; недостаточно признаков роли",2,2,181507.0,686500.0,2,4,0.00030074385107755036,3.782223275135394,2,False,False,2,0.0
100000005432267100,terminal,0.5,2,0.592138,"Входящих переводов: 2, отправителей: 2, исходящих: 0; колено 1; гипотеза конечного получателя",2,0,350001.0,0,2,0,0.0003421981119700471,0.0,1,False,False,4,0.0
100000008751380100,terminal,0.5,8,0.591353,"Входящих переводов: 2, отправителей: 2, исходящих: 0; колено 3; гипотеза конечного получателя",2,0,345780.0,0,2,0,0.00031286899257446105,0.0,3,False,False,4,0.0
100000001884825100,terminal,0.5,8,0.591228,"Входящих переводов: 3, отправителей: 3, исходящих: 0; колено 3; гипотеза конечного получателя",3,0,495000.0,0,3,0,0.0003401329831576246,0.0,3,False,False,3,0.0
100000008213966100,peripheral,0.2,27,0.590572,"Отправителей: 3, получателей: 1; переводов вход/выход: 7/8; недостаточно признаков роли",3,1,187004.0,436900.0,7,8,0.0019444021450837176,2.336313661739856,2,False,False,2,0.2941113559068255
100000004386258100,peripheral,0.2,10,0.589053,"Отправителей: 3, получателей: 3; переводов вход/выход: 3/3; недостаточно признаков роли",3,3,61700.0,40000.0,3,3,0.0005331737289697287,0.6482982171799028,2,False,False,3,0.0
100000004105288100,terminal,0.5,2,0.588843,"Входящих переводов: 2, отправителей: 2, исходящих: 0; колено 1; гипотеза конечного получателя",2,0,215000.0,0,2,0,0.0004628048434910334,0.0,1,False,False,8,0.0
100000002193259100,peripheral,0.2,10,0.588129,"Отправителей: 2, получателей: 3; переводов вход/выход: 2/3; недостаточно признаков роли",2,3,48000.0,58000.0,2,3,0.0008882320053210178,1.2083333333333333,2,False,False,4,0.0
100000001330685100,peripheral,0.2,5,0.586315,"Отправителей: 3, получателей: 1; переводов вход/выход: 7/1; недостаточно признаков роли",3,1,2435923.0,100500.0,7,1,0.00043779947947219405,0.04125746175063826,1,False,False,3,0.0
100000008003034100,peripheral,0.2,12,0.5858,"Отправителей: 1, получателей: 4; переводов вход/выход: 1/4; недостаточно признаков роли",1,4,12201.0,135000.0,1,4,0.00028688885480550455,11.064666830587656,1,False,False,2,0.0
100000008104567100,peripheral,0.2,7,0.584228,"Отправителей: 3, получателей: 3; переводов вход/выход: 3/4; недостаточно признаков роли",3,3,53550.0,40000.0,3,4,0.0005377830769018869,0.7469654528478058,2,False,False,2,0.0
100000002901457100,peripheral,0.2,0,0.583934,"Отправителей: 1, получателей: 3; переводов вход/выход: 1/3; недостаточно признаков роли",1,3,340000.0,119000.0,1,3,0.0003740252414723467,0.35,3,False,False,2,0.0
100000004587414100,terminal,0.5,5,0.582502,"Входящих переводов: 2, отправителей: 2, исходящих: 0; колено 3; гипотеза конечного получателя",2,0,533603.0,0,2,0,0.0003148088889121019,0.0,3,False,False,3,0.0
100000008258458100,peripheral,0.2,62,0.582036,"Отправителей: 1, получателей: 2; переводов вход/выход: 1/4; недостаточно признаков роли",1,2,19000.0,1557988.0,1,4,0.0002912626450980351,81.99936842105264,3,False,False,2,0.0
100000002356167100,peripheral,0.2,5,0.581876,"Отправителей: 1, получателей: 2; переводов вход/выход: 1/3; недостаточно признаков роли",1,2,300000.0,29500.0,1,3,0.0002952731206438124,0.09833333333333333,3,False,False,3,0.0
100000002849158100,peripheral,0.2,8,0.580999,"Отправителей: 3, получателей: 1; переводов вход/выход: 3/3; недостаточно признаков роли",3,1,723000.0,1313000.0,3,3,0.0003362819753265154,1.8160442600276625,3,False,False,3,0.0
100000002836736100,terminal,0.5,6,0.58082,"Входящих переводов: 2, отправителей: 2, исходящих: 0; колено 1; гипотеза конечного получателя",2,0,509000.0,0,2,0,0.00045153825013335476,0.0,1,False,False,3,0.0
100000003823811100,peripheral,0.2,19,0.580123,"Отправителей: 1, получателей: 3; переводов вход/выход: 1/3; недостаточно признаков роли",1,3,30000.0,66130.0,1,3,0.00035675690839639544,2.2043333333333335,2,False,False,3,0.0
100000008038077100,terminal,0.5,5,0.57981,"Входящих переводов: 2, отправителей: 1, исходящих: 0; колено 3; гипотеза конечного получателя",1,0,499850.0,0,2,0,0.00030173129790784825,0.0,3,False,False,3,0.0
100000003116106100,terminal,0.5,5,0.579137,"Входящих переводов: 2, отправителей: 1, исходящих: 0; колено 3; гипотеза конечного получателя",1,0,494050.0,0,2,0,0.0003015438701964076,0.0,3,False,False,3,0.0
100000008747113100,terminal,0.5,5,0.578782,"Входящих переводов: 2, отправителей: 2, исходящих: 0; колено 1; гипотеза конечного получателя",2,0,197801.0,0,2,0,0.00030746830269081916,0.0,1,False,False,5,0.0
100000003171006100,terminal,0.5,8,0.57824,"Входящих переводов: 2, отправителей: 2, исходящих: 0; колено 3; гипотеза конечного получателя",2,0,485000.0,0,2,0,0.00033490349052036386,0.0,3,False,False,3,0.0
100000008555918100,peripheral,0.2,2,0.577627,"Отправителей: 1, получателей: 2; переводов вход/выход: 1/2; недостаточно признаков роли",1,2,139211.0,43300.0,1,2,0.00031337815165534074,0.3110386391879952,1,False,False,4,0.0
100000005124479100,peripheral,0.2,0,0.577492,"Отправителей: 2, получателей: 2; переводов вход/выход: 2/2; недостаточно признаков роли",2,2,137753.0,22000.0,2,2,0.0003031953286943364,0.15970614070110994,1,False,False,4,0.0
100000008650785100,peripheral,0.2,4,0.577256,"Отправителей: 2, получателей: 2; переводов вход/выход: 2/2; недостаточно признаков роли; входящие seed неполны",2,2,92000.0,120120.0,2,2,0.0006120307164390651,1.3056521739130436,0,True,False,4,0.6141304347826086
100000008708207100,terminal,0.5,8,0.577006,"Входящих переводов: 2, отправителей: 2, исходящих: 0; колено 3; гипотеза конечного получателя",2,0,465000.0,0,2,0,0.0003596917182385899,0.0,3,False,False,3,0.0
100000001141268100,peripheral,0.2,17,0.575677,"Отправителей: 2, получателей: 1; переводов вход/выход: 2/1; недостаточно признаков роли",2,1,480000.0,10000.0,2,1,0.0003647673718720482,0.020833333333333332,3,False,False,3,0.020833333333333332
100000001689968100,terminal,0.5,5,0.575301,"Входящих переводов: 3, отправителей: 3, исходящих: 0; колено 3; гипотеза конечного получателя",3,0,344333.75,0,3,0,0.0003390511866124996,0.0,3,False,False,3,0.0
100000008556318100,terminal,0.5,2,0.575193,"Входящих переводов: 2, отправителей: 2, исходящих: 0; колено 1; гипотеза конечного получателя",2,0,180132.0,0,2,0,0.0005601485002676026,0.0,1,False,False,5,0.0
100000002670860100,terminal,0.5,13,0.575156,"Входящих переводов: 2, отправителей: 2, исходящих: 0; колено 1; гипотеза конечного получателя",2,0,450000.0,0,2,0,0.0003089209142845065,0.0,1,False,False,3,0.0
100000004877085100,peripheral,0.2,12,0.574691,"Отправителей: 1, получателей: 3; переводов вход/выход: 1/9; недостаточно признаков роли",1,3,25000.0,95600.0,1,9,0.000294813919978994,3.824,3,False,False,3,0.0
100000000596954100,peripheral,0.2,2,0.574599,"Отправителей: 1, получателей: 2; переводов вход/выход: 1/2; недостаточно признаков роли",1,2,120000.0,48100.0,1,2,0.0005152871366597658,0.4008333333333333,2,False,False,4,0.4008333333333333
100000008566737100,terminal,0.5,0,0.574473,"Входящих переводов: 2, отправителей: 2, исходящих: 0; колено 1; гипотеза конечного получателя",2,0,230000.0,0,2,0,0.000349353724594321,0.0,1,False,False,4,0.0
100000007864477100,peripheral,0.2,0,0.574132,"Отправителей: 2, получателей: 6; переводов вход/выход: 2/10; недостаточно признаков роли",2,6,76000.0,203500.0,2,10,0.00030473078080787784,2.6776315789473686,3,False,False,2,0.5263157894736842
100000008748408100,distributor,0.845,6,0.574098,"Получателей: 21, отправителей: 1; признаки веерного распределения",1,21,360000.0,1499960.0,2,22,0.00033400899196531404,4.166555555555555,1,False,False,1,1.0
100000002593344100,terminal,0.5,8,0.573081,"Входящих переводов: 2, отправителей: 2, исходящих: 0; колено 3; гипотеза конечного получателя",2,0,431000.0,0,2,0,0.00035887938799264294,0.0,3,False,False,3,0.0
100000004889043100,terminal,0.5,0,0.572587,"Входящих переводов: 4, отправителей: 2, исходящих: 0; колено 3; гипотеза конечного получателя",2,0,272000.0,0,4,0,0.0002984817103198535,0.0,3,False,False,3,0.0
100000001222263100,peripheral,0.2,5,0.572475,"Отправителей: 1, получателей: 1; переводов вход/выход: 1/5; недостаточно признаков роли",1,1,745570.0,420000.0,1,5,0.000309671769848398,0.5633273870998028,3,False,False,3,0.0
100000001924185100,terminal,0.5,11,0.572131,"Входящих переводов: 2, отправителей: 2, исходящих: 0; колено 1; гипотеза конечного получателя",2,0,151000.0,0,2,0,0.0003102063326501867,0.0,1,False,False,8,0.0
100000000910216100,peripheral,0.2,2,0.571991,"Отправителей: 1, получателей: 1; переводов вход/выход: 3/1; недостаточно признаков роли",1,1,71000.0,52010.0,3,1,0.00032319989538009015,0.7325352112676057,2,False,False,2,0.0
100000005610717100,peripheral,0.2,0,0.571556,"Отправителей: 4, получателей: 1; переводов вход/выход: 6/7; недостаточно признаков роли",4,1,484500.0,265200.0,6,7,0.00034439527754085797,0.5473684210526316,3,False,False,3,0.21651186790505675
100000002565277100,terminal,0.5,2,0.571299,"Входящих переводов: 1, отправителей: 1, исходящих: 0; колено 1; гипотеза конечного получателя",1,0,483319.0,0,1,0,0.0003820943714944752,0.0,1,False,False,4,0.0
100000000607941100,peripheral,0.2,4,0.570733,"Отправителей: 2, получателей: 1; переводов вход/выход: 3/4; недостаточно признаков роли",2,1,50000.0,70000.0,3,4,0.0005774896326270223,1.4,2,False,False,3,0.2
100000008561016100,transit,0.8389,8,0.5705,Отдал/получил в выборке: 1.03; временно сопоставлено за 48 ч: 44%; признаки транзита,1,1,180000.0,185000.0,2,4,0.0002948396263769111,1.0277777777777777,3,False,False,1,0.4444444444444444
100000002983879100,terminal,0.5,2,0.56993,"Входящих переводов: 2, отправителей: 2, исходящих: 0; колено 2; гипотеза конечного получателя",2,0,200050.0,0,2,0,0.0003579247126654193,0.0,2,False,False,4,0.0
100000005660203100,peripheral,0.2,4,0.569806,"Отправителей: 1, получателей: 2; переводов вход/выход: 12/5; недостаточно признаков роли",1,2,572899.0,41000.0,12,5,0.0009464579766506331,0.07156584319400104,2,False,False,3,0.06283830134107408
100000002773323100,peripheral,0.2,9,0.569536,"Отправителей: 2, получателей: 1; переводов вход/выход: 2/2; недостаточно признаков роли",2,1,285000.0,1171644.0,2,2,0.00032545946767987947,4.111031578947369,3,False,False,3,0.0
100000002156381100,peripheral,0.2,11,0.568823,"Отправителей: 2, получателей: 1; переводов вход/выход: 7/3; недостаточно признаков роли",2,1,61000.0,21800.0,7,3,0.001080250571178766,0.35737704918032787,2,False,False,4,0.08196721311475409
100000008137435100,peripheral,0.2,21,0.568443,"Отправителей: 2, получателей: 6; переводов вход/выход: 2/7; недостаточно признаков роли",2,6,93906.0,1419700.0,2,7,0.0003142271259407253,15.118309799160864,1,False,False,1,0.0
100000007617808100,terminal,0.5,4,0.568439,"Входящих переводов: 1, отправителей: 1, исходящих: 0; колено 2; гипотеза конечного получателя",1,0,450000.0,0,1,0,0.0003600062838601292,0.0,2,False,False,4,0.0
100000002548759100,terminal,0.5,8,0.567585,"Входящих переводов: 2, отправителей: 2, исходящих: 0; колено 3; гипотеза конечного получателя",2,0,375000.0,0,2,0,0.0003085835763756293,0.0,3,False,False,3,0.0
100000001411870100,terminal,0.5,6,0.567082,"Входящих переводов: 4, отправителей: 2, исходящих: 0; колено 1; гипотеза конечного получателя",2,0,900000.0,0,4,0,0.00047779005208811265,0.0,1,False,False,2,0.0
100000000810551100,peripheral,0.2,2,0.566696,"Отправителей: 1, получателей: 1; переводов вход/выход: 1/1; недостаточно признаков роли",1,1,100000.0,7100.0,1,1,0.000305547959692026,0.071,1,False,False,4,0.0
100000008244300100,consolidator,0.7833,5,0.566685,Отправителей: 5; наблюдаемая доля перевода дальше 0.0%; признаки консолидации,5,0,65430.0,0,6,0,0.00047905618806875886,0.0,1,False,False,3,0.0
100000004666651100,terminal,0.5,64,0.566027,"Входящих переводов: 1, отправителей: 1, исходящих: 0; колено 2; гипотеза конечного получателя",1,0,429250.0,0,1,0,0.00045733382434285253,0.0,2,False,False,4,0.0
100000002736316100,terminal,0.5,0,0.565992,"Входящих переводов: 3, отправителей: 3, исходящих: 0; колено 3; гипотеза конечного получателя",3,0,266921.0,0,3,0,0.0003836333001242726,0.0,3,False,False,3,0.0
100000001567366100,terminal,0.5,4,0.565344,"Входящих переводов: 4, отправителей: 1, исходящих: 0; колено 1; гипотеза конечного получателя",1,0,824070.0,0,4,0,0.00037407583737284974,0.0,1,False,False,2,0.0
100000003457710100,peripheral,0.2,5,0.565297,"Отправителей: 1, получателей: 1; переводов вход/выход: 1/2; недостаточно признаков роли",1,1,326555.0,1306000.0,1,2,0.0002961312487261065,3.999326300316945,3,False,False,3,0.0
100000001746925100,peripheral,0.2,2,0.564724,"Отправителей: 1, получателей: 1; переводов вход/выход: 1/1; недостаточно признаков роли",1,1,65250.0,5000.0,1,1,0.00029860860158523997,0.07662835249042145,1,False,False,4,0.0
100000001066017100,peripheral,0.2,0,0.564695,"Отправителей: 2, получателей: 4; переводов вход/выход: 3/4; недостаточно признаков роли",2,4,136123.0,82500.0,3,4,0.0003012102731995968,0.6060695106631503,3,False,False,2,0.058770376791578205
100000005634552100,peripheral,0.2,0,0.564586,"Отправителей: 1, получателей: 3; переводов вход/выход: 1/4; недостаточно признаков роли",1,3,25850.0,1196000.0,1,4,0.00028835462714693117,46.2669245647969,1,False,False,2,0.0
100000004744306100,peripheral,0.2,19,0.564503,"Отправителей: 1, получателей: 2; переводов вход/выход: 1/3; недостаточно признаков роли",1,2,69000.0,92000.0,1,3,0.0004604970193549179,1.3333333333333333,1,False,False,3,0.0
100000002188829100,terminal,0.5,2,0.563784,"Входящих переводов: 1, отправителей: 1, исходящих: 0; колено 1; гипотеза конечного получателя",1,0,400000.0,0,1,0,0.0003654560872326247,0.0,1,False,False,4,0.0
100000004737477100,transit,0.6619,0,0.563022,Отдал/получил в выборке: 0.82; временно сопоставлено за 48 ч: 30%; признаки транзита,2,1,49598.0,40500.0,3,3,0.00029231317310123603,0.8165651840800032,1,False,False,2,0.30243154965926045
100000007181706100,terminal,0.5,2,0.562865,"Входящих переводов: 2, отправителей: 2, исходящих: 0; колено 1; гипотеза конечного получателя",2,0,176272.0,0,2,0,0.00031898570899665905,0.0,1,False,False,4,0.0
100000008169544100,peripheral,0.2,4,0.562734,"Отправителей: 1, получателей: 4; переводов вход/выход: 2/7; недостаточно признаков роли",1,4,137104.0,42800.0,2,7,0.00030030224499974663,0.31217178200490137,1,False,False,2,0.08971291866028708
100000007281639100,terminal,0.5,4,0.562717,"Входящих переводов: 4, отправителей: 2, исходящих: 0; колено 1; гипотеза конечного получателя",2,0,216770.0,0,4,0,0.00032350986024359455,0.0,1,False,False,3,0.0
100000005171642100,transit,0.7811,26,0.561752,Отдал/получил в выборке: 0.98; временно сопоставлено за 48 ч: 0%; признаки транзита,2,1,696800.0,683600.0,5,4,0.002932007608756859,0.9810562571756601,3,False,False,1,0.0
100000003968044100,peripheral,0.2,3,0.560922,"Отправителей: 1, получателей: 3; переводов вход/выход: 1/4; недостаточно признаков роли",1,3,40000.0,311000.0,1,4,0.00029598407297777,7.775,3,False,False,2,0.0
100000000489417100,transit,0.7116,12,0.560638,Отдал/получил в выборке: 1.09; временно сопоставлено за 48 ч: 0%; признаки транзита,3,1,73504.0,80000.0,3,1,0.0005514515788397592,1.0883761427949499,2,False,False,2,0.0
100000008739887100,peripheral,0.2,3,0.560277,"Отправителей: 2, получателей: 2; переводов вход/выход: 3/2; недостаточно признаков роли",2,2,214000.0,307000.0,3,2,0.0003331847247345392,1.4345794392523366,3,False,False,2,0.3411214953271028
100000003014659100,terminal,0.5,11,0.560242,"Входящих переводов: 1, отправителей: 1, исходящих: 0; колено 1; гипотеза конечного получателя",1,0,280000.0,0,1,0,0.0003280382062803199,0.0,1,False,False,5,0.0
100000005539910100,peripheral,0.2,2,0.559682,"Отправителей: 1, получателей: 2; переводов вход/выход: 1/2; недостаточно признаков роли",1,2,102000.0,22000.0,1,2,0.000498460606172293,0.21568627450980393,2,False,False,4,0.0
100000008343874100,peripheral,0.2,3,0.559582,"Отправителей: 2, получателей: 2; переводов вход/выход: 2/5; недостаточно признаков роли",2,2,283535.0,176400.0,2,5,0.0003076201714752537,0.6221454141464017,3,False,False,2,0.5057576666020068
100000003035737100,peripheral,0.2,5,0.55933,"Отправителей: 2, получателей: 1; переводов вход/выход: 3/1; недостаточно признаков роли",2,1,809170.0,6544.53,3,1,0.0003785945783301215,0.008087954323566123,3,False,False,3,0.008087954323566123
100000002605548100,terminal,0.5,11,0.558755,"Входящих переводов: 2, отправителей: 2, исходящих: 0; колено 1; гипотеза конечного получателя",2,0,116695.0,0,2,0,0.0003143100003746661,0.0,1,False,False,6,0.0
100000002911170100,terminal,0.5,29,0.558612,"Входящих переводов: 2, отправителей: 1, исходящих: 0; колено 2; гипотеза конечного получателя",1,0,300000.0,0,2,0,0.00032291716688725416,0.0,2,False,False,3,0.0
100000003831324100,terminal,0.5,6,0.558612,"Входящих переводов: 2, отправителей: 2, исходящих: 0; колено 1; гипотеза конечного получателя",2,0,300000.0,0,2,0,0.00031517132218150787,0.0,1,False,False,3,0.0
100000003131693100,terminal,0.5,2,0.558513,"Входящих переводов: 1, отправителей: 1, исходящих: 0; колено 1; гипотеза конечного получателя",1,0,353277.0,0,1,0,0.00035612579575569343,0.0,1,False,False,4,0.0
100000002753146100,terminal,0.5,13,0.5583,"Входящих переводов: 3, отправителей: 1, исходящих: 0; колено 3; гипотеза конечного получателя",1,0,803540.0,0,3,0,0.0003237848752713697,0.0,3,False,False,2,0.0
100000002748761100,terminal,0.5,13,0.557964,"Входящих переводов: 3, отправителей: 1, исходящих: 0; колено 3; гипотеза конечного получателя",1,0,796800.0,0,3,0,0.00032346440534552573,0.0,3,False,False,2,0.0
100000003097324100,terminal,0.5,17,0.557603,"Входящих переводов: 2, отправителей: 2, исходящих: 0; колено 3; гипотеза конечного получателя",2,0,294000.0,0,2,0,0.0003259892695712888,0.0,3,False,False,3,0.0
100000002956898100,terminal,0.5,15,0.557266,"Входящих переводов: 2, отправителей: 2, исходящих: 0; колено 2; гипотеза конечного получателя",2,0,290240.0,0,2,0,0.0003766563698210792,0.0,2,False,False,3,0.0
100000004948177100,terminal,0.5,4,0.556102,"Входящих переводов: 8, отправителей: 3, исходящих: 0; колено 1; гипотеза конечного получателя",3,0,437163.0,0,8,0,0.0004219277746720958,0.0,1,False,False,2,0.0
100000001538095100,terminal,0.5,13,0.555528,"Входящих переводов: 2, отправителей: 2, исходящих: 0; колено 3; гипотеза конечного получателя",2,0,280000.0,0,2,0,0.0003300907179800634,0.0,3,False,False,3,0.0
100000001162560100,distributor,0.74,8,0.555162,"Получателей: 12, отправителей: 1; признаки веерного распределения",1,12,331300.0,2904398.0,2,14,0.00032111771534773666,8.76667069121642,1,False,False,1,0.5191669182010262
100000001609499100,peripheral,0.2,0,0.554429,"Отправителей: 3, получателей: 2; переводов вход/выход: 3/2; недостаточно признаков роли",3,2,263113.0,21000.0,3,2,0.0003208421669825634,0.07981361620292422,1,False,False,2,0.03800648390615439
100000002963189100,peripheral,0.2,14,0.554001,"Отправителей: 1, получателей: 7; переводов вход/выход: 3/15; недостаточно признаков роли",1,7,490000.0,5219000.0,3,15,0.0004243529292953254,10.651020408163266,3,False,False,1,0.0
100000002692750100,peripheral,0.2,6,0.553963,"Отправителей: 3, получателей: 1; переводов вход/выход: 3/8; недостаточно признаков роли",3,1,112830.0,77000.0,3,8,0.0021272439768367647,0.682442612780289,2,False,False,3,0.06204023752548081
100000007382543100,peripheral,0.2,27,0.553914,"Отправителей: 3, получателей: 5; переводов вход/выход: 3/8; недостаточно признаков роли",3,5,218000.0,427000.0,3,8,0.0011865430987075343,1.9587155963302751,2,False,False,1,0.0
100000002822472100,terminal,0.5,13,0.55379,"Входящих переводов: 2, отправителей: 2, исходящих: 0; колено 3; гипотеза конечного получателя",2,0,266722.0,0,2,0,0.0003122607186274742,0.0,3,False,False,3,0.0
100000005409156100,terminal,0.5,5,0.553117,"Входящих переводов: 2, отправителей: 2, исходящих: 0; колено 3; гипотеза конечного получателя",2,0,260080.0,0,2,0,0.0004237127589647795,0.0,3,False,False,3,0.0
100000002645993100,peripheral,0.2,0,0.553025,"Отправителей: 2, получателей: 5; переводов вход/выход: 4/9; недостаточно признаков роли",2,5,49650.0,86980.0,4,9,0.0002933034280834813,1.7518630412890233,3,False,False,2,0.1782477341389728
100000004226848100,terminal,0.5,2,0.552905,"Входящих переводов: 1, отправителей: 1, исходящих: 0; колено 1; гипотеза конечного получателя",1,0,301866.0,0,1,0,0.000345859339939061,0.0,1,False,False,4,0.0
100000007898453100,peripheral,0.2,2,0.552501,"Отправителей: 1, получателей: 2; переводов вход/выход: 1/2; недостаточно признаков роли",1,2,24750.0,320000.0,1,2,0.00033295597286317225,12.929292929292929,2,False,False,4,1.0
100000002596035100,terminal,0.5,11,0.552223,"Входящих переводов: 1, отправителей: 1, исходящих: 0; колено 1; гипотеза конечного получателя",1,0,231570.0,0,1,0,0.00032069420801412416,0.0,1,False,False,5,0.0
100000002481974100,peripheral,0.2,3,0.552112,"Отправителей: 2, получателей: 2; переводов вход/выход: 2/4; недостаточно признаков роли",2,2,89447.0,318000.0,2,4,0.00033160171561503576,3.5551779265934016,3,False,False,2,0.6596084832358827
100000003254277100,transit,0.7146,0,0.55149,Отдал/получил в выборке: 0.91; временно сопоставлено за 48 ч: 0%; признаки транзита,1,1,49200.0,44997.0,1,1,0.00028834511535130524,0.9145731707317073,3,False,False,2,0.0
100000002679516100,terminal,0.5,10,0.550168,"Входящих переводов: 3, отправителей: 3, исходящих: 0; колено 1; гипотеза конечного получателя",3,0,102335.0,0,3,0,0.0003267615449163034,0.0,1,False,False,4,0.0
100000000673868100,peripheral,0.2,29,0.549802,"Отправителей: 1, получателей: 5; переводов вход/выход: 5/19; недостаточно признаков роли",1,5,2030650.0,383000.0,5,19,0.0011687994212621249,0.18860955851574618,3,False,False,1,0.12902272671312143
100000005942793100,consolidator,0.7667,0,0.549547,Отправителей: 4; наблюдаемая доля перевода дальше 0.0%; признаки консолидации,4,0,55000.0,0,4,0,0.0003321797454817243,0.0,2,False,False,3,0.0
100000002459832100,terminal,0.5,3,0.548678,"Входящих переводов: 2, отправителей: 2, исходящих: 0; колено 3; гипотеза конечного получателя",2,0,880606.0,0,2,0,0.00039297617108398364,0.0,3,False,False,2,0.0
100000008730371100,terminal,0.5,0,0.548543,"Входящих переводов: 3, отправителей: 2, исходящих: 0; колено 3; гипотеза конечного получателя",2,0,520000.0,0,3,0,0.00085711329291485,0.0,3,False,False,2,0.0
100000002632742100,terminal,0.5,9,0.548406,"Входящих переводов: 2, отправителей: 2, исходящих: 0; колено 3; гипотеза конечного получателя",2,0,235500.0,0,2,0,0.00031753535235064137,0.0,3,False,False,3,0.0
100000002826669100,terminal,0.5,0,0.548304,"Входящих переводов: 4, отправителей: 1, исходящих: 0; колено 2; гипотеза конечного получателя",1,0,159900.0,0,4,0,0.0004758221509422561,0.0,2,False,False,3,0.0
100000008603331100,peripheral,0.2,9,0.548159,"Отправителей: 2, получателей: 6; переводов вход/выход: 3/6; недостаточно признаков роли",2,6,39500.0,741774.0,3,6,0.0003441765948425765,18.779088607594936,2,False,False,1,0.12658227848101267
100000004160650100,distributor,0.7167,23,0.547608,"Получателей: 10, отправителей: 2; признаки веерного распределения",2,10,75100.0,1489827.0,4,40,0.0003690483231428923,19.83790945406125,2,False,False,1,0.7336884154460719
100000004004621100,terminal,0.5,12,0.547082,"Входящих переводов: 3, отправителей: 3, исходящих: 0; колено 1; гипотеза конечного получателя",3,0,75389.0,0,3,0,0.00030074840508447214,0.0,1,False,False,7,0.0
100000001287955100,peripheral,0.2,13,0.547037,"Отправителей: 1, получателей: 4; переводов вход/выход: 1/5; недостаточно признаков роли",1,4,17520.0,310000.0,1,5,0.0002939107516841643,17.69406392694064,2,False,False,1,1.0
100000003221384100,terminal,0.5,15,0.546858,"Входящих переводов: 1, отправителей: 1, исходящих: 0; колено 2; гипотеза конечного получателя",1,0,511200.0,0,1,0,0.0004478325940347091,0.0,2,False,False,3,0.0
100000004420041100,peripheral,0.2,10,0.546303,"Отправителей: 1, получателей: 7; переводов вход/выход: 1/11; недостаточно признаков роли",1,7,69638.0,651830.0,1,11,0.000299711701497352,9.360263074758034,3,False,False,1,0.0
100000002722108100,terminal,0.5,13,0.54621,"Входящих переводов: 2, отправителей: 1, исходящих: 0; колено 3; гипотеза конечного получателя",1,0,800000.0,0,2,0,0.00032361655723910153,0.0,3,False,False,2,0.0
100000003105929100,peripheral,0.2,5,0.546118,"Отправителей: 1, получателей: 1; переводов вход/выход: 2/1; недостаточно признаков роли",1,1,429567.0,156354.0,2,1,0.00029946009414178257,0.3639804733603838,3,False,False,3,0.0
100000002936322100,terminal,0.5,3,0.545986,"Входящих переводов: 2, отправителей: 2, исходящих: 0; колено 3; гипотеза конечного получателя",2,0,787133.0,0,2,0,0.0003662268437042841,0.0,3,False,False,2,0.0
100000001904863100,terminal,0.5,14,0.545961,"Входящих переводов: 1, отправителей: 1, исходящих: 0; колено 2; гипотеза конечного получателя",1,0,500000.0,0,1,0,0.00048083479205688267,0.0,2,False,False,3,0.0
100000002941114100,peripheral,0.2,11,0.545763,"Отправителей: 2, получателей: 1; переводов вход/выход: 15/1; недостаточно признаков роли",2,1,128510.0,15000.0,15,1,0.0019175079814587972,0.11672243405182477,1,False,False,5,0.11672243405182477
100000002720627100,terminal,0.5,11,0.545157,"Входящих переводов: 1, отправителей: 1, исходящих: 0; колено 1; гипотеза конечного получателя",1,0,199300.0,0,1,0,0.000315800736528472,0.0,1,False,False,5,0.0
100000004674799100,terminal,0.5,0,0.544211,"Входящих переводов: 5, отправителей: 1, исходящих: 0; колено 2; гипотеза конечного получателя",1,0,140000.0,0,5,0,0.0007877676392553446,0.0,2,False,False,3,0.0
100000001140785100,terminal,0.5,9,0.544144,"Входящих переводов: 2, отправителей: 2, исходящих: 0; колено 3; гипотеза конечного получателя",2,0,215000.0,0,2,0,0.0003153206919384612,0.0,3,False,False,3,0.0
100000002712416100,terminal,0.5,13,0.54391,"Входящих переводов: 2, отправителей: 2, исходящих: 0; колено 3; гипотеза конечного получателя",2,0,116800.0,0,2,0,0.0003026437374175834,0.0,3,False,False,4,0.0
100000007511163100,peripheral,0.2,4,0.543426,"Отправителей: 2, получателей: 3; переводов вход/выход: 2/3; недостаточно признаков роли",2,3,63666.0,82052.0,2,3,0.00033949715881134067,1.2887883642760658,1,False,False,2,0.0
100000004336312100,transit,0.6384,32,0.543072,Отдал/получил в выборке: 0.80; временно сопоставлено за 48 ч: 23%; признаки транзита,3,2,90415.0,72650.0,7,3,0.0006951393992337572,0.8035171155228668,2,False,False,1,0.23226234584969307
100000002973903100,terminal,0.5,10,0.542653,"Входящих переводов: 3, отправителей: 3, исходящих: 0; колено 1; гипотеза конечного получателя",3,0,92880.0,0,3,0,0.000316832574240969,0.0,1,False,False,4,0.0
100000001184915100,terminal,0.5,15,0.542462,"Входящих переводов: 2, отправителей: 1, исходящих: 0; колено 2; гипотеза конечного получателя",1,0,201000.0,0,2,0,0.00034937564184222436,0.0,2,False,False,3,0.0
100000002760175100,terminal,0.5,11,0.542129,"Входящих переводов: 1, отправителей: 1, исходящих: 0; колено 1; гипотеза конечного получателя",1,0,187410.0,0,1,0,0.00031399771899006464,0.0,1,False,False,5,0.0
100000002921047100,peripheral,0.2,6,0.54208,"Отправителей: 2, получателей: 1; переводов вход/выход: 2/1; недостаточно признаков роли",2,1,338000.0,163000.02,2,1,0.0003170132944833963,0.48224857988165676,1,False,False,3,0.0
100000007131370100,transit,0.8,15,0.542008,Отдал/получил в выборке: 1.00; временно сопоставлено за 48 ч: 0%; признаки транзита,1,1,30000.0,30000.0,1,1,0.000897202563331587,1.0,3,False,False,3,0.0
100000004717647100,peripheral,0.2,42,0.54164,"Отправителей: 1, получателей: 5; переводов вход/выход: 2/10; недостаточно признаков роли",1,5,300000.0,2240000.0,2,10,0.0010203217656270433,7.466666666666667,3,False,False,1,0.15666666666666668
100000008532050100,terminal,0.5,5,0.541475,"Входящих переводов: 1, отправителей: 1, исходящих: 0; колено 3; гипотеза конечного получателя",1,0,455156.0,0,1,0,0.00030028700581558493,0.0,3,False,False,3,0.0
100000003360542100,peripheral,0.2,11,0.540305,"Отправителей: 2, получателей: 2; переводов вход/выход: 3/5; недостаточно признаков роли",2,2,317000.0,51800.0,3,5,0.0014511227401559138,0.16340694006309148,2,False,False,9,0.04889589905362776
100000001427082100,peripheral,0.2,20,0.539235,"Отправителей: 1, получателей: 5; переводов вход/выход: 1/6; недостаточно признаков роли",1,5,5000.0,124900.0,1,6,0.0004390234092592621,24.98,3,False,False,2,0.0
100000008175078100,peripheral,0.0,34,0.538985,Граница 4-го колена: исходящие не наблюдаются; роль не определена,1,0,1846711.0,0,15,0,0.00046886604941387855,0.0,4,False,True,3,0.0
100000003873332100,peripheral,0.2,18,0.537994,"Отправителей: 1, получателей: 4; переводов вход/выход: 1/8; недостаточно признаков роли",1,4,23468.0,286000.0,1,8,0.00028997175791598315,12.186807567751833,1,False,False,1,0.0
100000005386383100,peripheral,0.2,19,0.537862,"Отправителей: 2, получателей: 1; переводов вход/выход: 2/1; недостаточно признаков роли; входящие seed неполны",2,1,37500.0,29000.0,2,1,0.0005240487162629075,0.7733333333333333,0,True,False,4,0.0
100000000640800100,peripheral,0.2,3,0.537457,"Отправителей: 1, получателей: 4; переводов вход/выход: 1/6; недостаточно признаков роли",1,4,80000.0,518135.0,1,6,0.0003032083849747036,6.4766875,3,False,False,1,0.0
100000008389800100,peripheral,0.2,4,0.537356,"Отправителей: 3, получателей: 7; переводов вход/выход: 3/8; недостаточно признаков роли",3,7,189000.0,401620.0,3,8,0.0005047353989134769,2.124973544973545,2,False,False,1,0.8804232804232804
100000004544958100,peripheral,0.2,11,0.537337,"Отправителей: 1, получателей: 2; переводов вход/выход: 3/2; недостаточно признаков роли",1,2,168000.0,23200.0,3,2,0.0012154592093123783,0.1380952380952381,2,False,False,4,0.030952380952380953
100000002527114100,distributor,0.95,1,0.536254,"Получателей: 111, отправителей: 3; признаки веерного распределения; входящие seed неполны",3,111,129000.0,3289249.0,4,113,0.0008104645525492992,25.49805426356589,0,True,False,0,1.0
100000000821507100,terminal,0.5,29,0.536203,"Входящих переводов: 1, отправителей: 1, исходящих: 0; колено 2; гипотеза конечного получателя",1,0,400000.0,0,1,0,0.000335363361234619,0.0,2,False,False,3,0.0
100000003321423100,terminal,0.5,11,0.536115,"Входящих переводов: 2, отправителей: 1, исходящих: 0; колено 2; гипотеза конечного получателя",1,0,100000.0,0,2,0,0.0006693446983662031,0.0,2,False,False,4,0.0
100000007747786100,distributor,0.95,6,0.535963,"Получателей: 31, отправителей: 0; признаки веерного распределения; входящие seed неполны",0,31,0,4238009.4,0,35,0.00028557858384515975,,0,True,False,0,0.0
100000007629096100,peripheral,0.2,0,0.535238,"Отправителей: 4, получателей: 1; переводов вход/выход: 5/5; недостаточно признаков роли",4,1,1075170.0,765205.0,5,5,0.00254589074450527,0.7117060557865268,2,False,False,3,0.5104169573183776
100000004559194100,terminal,0.5,4,0.535196,"Входящих переводов: 6, отправителей: 1, исходящих: 0; колено 1; гипотеза конечного получателя",1,0,282145.0,0,6,0,0.0003158782642079567,0.0,1,False,False,2,0.0
100000001009583100,terminal,0.5,5,0.535082,"Входящих переводов: 1, отправителей: 1, исходящих: 0; колено 3; гипотеза конечного получателя",1,0,393740.0,0,1,0,0.00029830234024216476,0.0,3,False,False,3,0.0
100000004664905100,terminal,0.5,4,0.535061,"Входящих переводов: 4, отправителей: 2, исходящих: 0; колено 1; гипотеза конечного получателя",2,0,329020.0,0,4,0,0.00041161605456609417,0.0,1,False,False,2,0.0
100000001680944100,terminal,0.5,17,0.534857,"Входящих переводов: 1, отправителей: 1, исходящих: 0; колено 3; гипотеза конечного получателя",1,0,393000.0,0,1,0,0.00034551872901073883,0.0,3,False,False,3,0.0
100000002469065100,terminal,0.5,4,0.534791,"Входящих переводов: 1, отправителей: 1, исходящих: 0; колено 2; гипотеза конечного получателя",1,0,200000.0,0,1,0,0.0003186575616295906,0.0,2,False,False,4,0.0
100000004905207100,terminal,0.5,14,0.534016,"Входящих переводов: 1, отправителей: 1, исходящих: 0; колено 2; гипотеза конечного получателя",1,0,380000.0,0,1,0,0.0004339733020860692,0.0,2,False,False,3,0.0
100000000706545100,peripheral,0.2,4,0.533986,"Отправителей: 3, получателей: 1; переводов вход/выход: 8/3; недостаточно признаков роли",3,1,1070300.0,75800.0,8,3,0.003432059739212922,0.07082126506586939,1,False,False,2,0.0
100000005264990100,peripheral,0.2,19,0.533957,"Отправителей: 1, получателей: 2; переводов вход/выход: 1/2; недостаточно признаков роли; входящие seed неполны",1,2,17070.0,122000.0,1,2,0.0003638541745574547,7.147041593438781,0,True,False,2,0.0
100000001887715100,peripheral,0.2,17,0.533917,"Отправителей: 3, получателей: 1; переводов вход/выход: 4/1; недостаточно признаков роли",3,1,1331500.0,750000.0,4,1,0.0007304308730289108,0.5632745024408562,3,False,False,2,0.0
100000001053894100,peripheral,0.0,37,0.533355,Граница 4-го колена: исходящие не наблюдаются; роль не определена,1,0,2000000.0,0,7,0,0.00044835584444818325,0.0,4,False,True,3,0.0
100000004114962100,terminal,0.5,5,0.532199,"Входящих переводов: 2, отправителей: 2, исходящих: 0; колено 3; гипотеза конечного получателя",2,0,165000.0,0,2,0,0.0007105380325383194,0.0,3,False,False,3,0.0
100000002575080100,transit,0.7615,15,0.532111,Отдал/получил в выборке: 0.96; временно сопоставлено за 48 ч: 0%; признаки транзита,1,1,13000.0,12500.0,1,1,0.0005506156416226116,0.9615384615384616,3,False,False,3,0.0
100000005523088100,peripheral,0.2,19,0.532008,"Отправителей: 1, получателей: 0; переводов вход/выход: 2/0; недостаточно признаков роли; входящие seed неполны",1,0,700000.0,0,2,0,0.001713545531196162,0.0,0,True,False,7,0.0
100000005481280100,peripheral,0.2,15,0.531991,"Отправителей: 1, получателей: 3; переводов вход/выход: 1/3; недостаточно признаков роли",1,3,32700.0,50000.0,1,3,0.0002959575082058762,1.529051987767584,2,False,False,3,0.5198776758409785
100000007334196100,terminal,0.5,11,0.53181,"Входящих переводов: 1, отправителей: 1, исходящих: 0; колено 1; гипотеза конечного получателя",1,0,150002.0,0,1,0,0.0003083251134327272,0.0,1,False,False,5,0.0
100000008121806100,peripheral,0.2,3,0.531546,"Отправителей: 1, получателей: 4; переводов вход/выход: 1/6; недостаточно признаков роли",1,4,67000.0,248509.0,1,6,0.00030034354229115275,3.709089552238806,3,False,False,1,0.746268656716418
100000005375968100,peripheral,0.2,0,0.531004,"Отправителей: 1, получателей: 2; переводов вход/выход: 1/4; недостаточно признаков роли",1,2,170082.0,86000.0,1,4,0.00029514234830914837,0.5056384567443939,3,False,False,2,0.05879516938888301
100000008295429100,terminal,0.5,5,0.53082,"Входящих переводов: 1, отправителей: 1, исходящих: 0; колено 3; гипотеза конечного получателя",1,0,352000.0,0,1,0,0.00029695350702224556,0.0,3,False,False,3,0.0
100000002454724100,terminal,0.5,29,0.530718,"Входящих переводов: 3, отправителей: 1, исходящих: 0; колено 2; гипотеза конечного получателя",1,0,125000.0,0,3,0,0.00030113632677936574,0.0,2,False,False,3,0.0
100000007390016100,peripheral,0.2,68,0.530079,"Отправителей: 1, получателей: 1; переводов вход/выход: 13/14; недостаточно признаков роли",1,1,511000.0,346500.0,13,14,0.0019484909432117932,0.678082191780822,3,False,False,3,0.18590998043052837
100000003286537100,terminal,0.5,8,0.528274,"Входящих переводов: 2, отправителей: 2, исходящих: 0; колено 3; гипотеза конечного получателя",2,0,153000.0,0,2,0,0.00030111055912624584,0.0,3,False,False,3,0.0
100000004722765100,peripheral,0.2,44,0.528086,"Отправителей: 1, получателей: 3; переводов вход/выход: 1/9; недостаточно признаков роли",1,3,230000.0,2284500.0,1,9,0.0005811406598970421,9.932608695652174,3,False,False,1,0.043478260869565216
100000002121357100,peripheral,0.2,9,0.528061,"Отправителей: 2, получателей: 1; переводов вход/выход: 2/1; недостаточно признаков роли",2,1,255300.0,113000.0,2,1,0.00032623853765375264,0.4426165295730513,3,False,False,3,0.0
100000000795129100,terminal,0.5,15,0.528016,"Входящих переводов: 1, отправителей: 1, исходящих: 0; колено 2; гипотеза конечного получателя",1,0,332000.0,0,1,0,0.0003909548189447888,0.0,2,False,False,3,0.0
100000004135268100,transit,0.6527,51,0.527563,Отдал/получил в выборке: 0.81; временно сопоставлено за 48 ч: 30%; признаки транзита,2,3,1239000.0,1000200.0,3,4,0.0017503471314183454,0.8072639225181598,1,False,False,1,0.3026634382566586
100000002592567100,peripheral,0.2,4,0.526995,"Отправителей: 1, получателей: 2; переводов вход/выход: 1/2; недостаточно признаков роли",1,2,5297.0,48600.0,1,2,0.00028614743109349564,9.175004719652634,1,False,False,2,0.0
100000003031633100,terminal,0.5,8,0.526919,"Входящих переводов: 2, отправителей: 1, исходящих: 0; колено 3; гипотеза конечного получателя",1,0,414000.0,0,2,0,0.00031475804691936157,0.0,3,False,False,2,0.0
100000004388353100,terminal,0.5,11,0.526565,"Входящих переводов: 2, отправителей: 2, исходящих: 0; колено 1; гипотеза конечного получателя",2,0,62960.0,0,2,0,0.0003406838836403713,0.0,1,False,False,6,0.0
100000001637376100,peripheral,0.2,5,0.526266,"Отправителей: 1, получателей: 1; переводов вход/выход: 1/2; недостаточно признаков роли",1,1,116700.0,234250.0,1,2,0.00028934975865983563,2.0072836332476434,3,False,False,3,0.0
100000002621949100,terminal,0.5,2,0.52509,"Входящих переводов: 1, отправителей: 1, исходящих: 0; колено 1; гипотеза конечного получателя",1,0,164612.0,0,1,0,0.0003184505728142032,0.0,1,False,False,4,0.0
100000008314203100,peripheral,0.2,9,0.524898,"Отправителей: 2, получателей: 2; переводов вход/выход: 10/13; недостаточно признаков роли; входящие seed неполны",2,2,382076.0,327000.0,10,13,0.0005019411816671981,0.8558506684533967,0,True,False,3,0.3376291627843675
100000001929088100,terminal,0.5,6,0.524676,"Входящих переводов: 2, отправителей: 2, исходящих: 0; колено 1; гипотеза конечного получателя",2,0,396010.0,0,2,0,0.00031756043941258834,0.0,1,False,False,2,0.0
100000002556775100,terminal,0.5,5,0.524314,"Входящих переводов: 1, отправителей: 1, исходящих: 0; колено 3; гипотеза конечного получателя",1,0,300000.0,0,1,0,0.0002952731206438124,0.0,3,False,False,3,0.0
100000006530134100,terminal,0.5,5,0.52418,"Входящих переводов: 2, отправителей: 2, исходящих: 0; колено 3; гипотеза конечного получателя",2,0,144663.0,0,2,0,0.0002990668285547951,0.0,3,False,False,3,0.0
100000003068941100,peripheral,0.2,0,0.523949,"Отправителей: 3, получателей: 1; переводов вход/выход: 3/2; недостаточно признаков роли",3,1,94000.0,25000.0,3,2,0.0003201301676188612,0.26595744680851063,2,False,False,3,0.05319148936170213
100000000041368100,terminal,0.5,2,0.523856,"Входящих переводов: 1, отправителей: 1, исходящих: 0; колено 1; гипотеза конечного получателя",1,0,160000.0,0,1,0,0.00031752958520014576,0.0,1,False,False,4,0.0
100000001102676100,transit,0.8,2,0.523606,Отдал/получил в выборке: 1.00; временно сопоставлено за 48 ч: 0%; признаки транзита,1,1,50000.0,50000.0,1,1,0.0003130038452048591,1.0,2,False,False,2,0.0
100000003042994100,terminal,0.5,4,0.523419,"Входящих переводов: 3, отправителей: 1, исходящих: 0; колено 1; гипотеза конечного получателя",1,0,286086.0,0,3,0,0.0003163014899972132,0.0,1,False,False,2,0.0
100000001279272100,peripheral,0.2,0,0.523338,"Отправителей: 1, получателей: 2; переводов вход/выход: 1/2; недостаточно признаков роли",1,2,250000.0,136758.0,1,2,0.0003076998787549238,0.547032,3,False,False,1,0.52
100000004790991100,terminal,0.5,4,0.522612,"Входящих переводов: 4, отправителей: 1, исходящих: 0; колено 1; гипотеза конечного получателя",1,0,239413.0,0,4,0,0.00031128925521873825,0.0,1,False,False,2,0.0
100000004756901100,terminal,0.5,4,0.521725,"Входящих переводов: 1, отправителей: 1, исходящих: 0; колено 2; гипотеза конечного получателя",1,0,153248.0,0,1,0,0.00031092501978270204,0.0,2,False,False,4,0.0
100000003154105100,peripheral,0.2,20,0.521485,"Отправителей: 1, получателей: 7; переводов вход/выход: 1/9; недостаточно признаков роли",1,7,60000.0,338000.0,1,9,0.0005500274111999789,5.633333333333334,3,False,False,1,0.6666666666666666
100000006446271100,terminal,0.5,2,0.521198,"Входящих переводов: 2, отправителей: 2, исходящих: 0; колено 1; гипотеза конечного получателя",2,0,80000.0,0,2,0,0.0003138547645014883,0.0,1,False,False,4,0.0
100000000201868100,transit,0.95,53,0.520973,Отдал/получил в выборке: 1.00; временно сопоставлено за 48 ч: 100%; признаки транзита,1,1,190000.0,190000.0,1,1,0.0009727708234594649,1.0,2,False,False,1,1.0
100000004076740100,peripheral,0.2,32,0.520565,"Отправителей: 3, получателей: 6; переводов вход/выход: 5/10; недостаточно признаков роли",3,6,93250.0,125000.0,5,10,0.0007403547322023265,1.3404825737265416,1,False,False,1,0.19302949061662197
100000001052945100,peripheral,0.2,56,0.519809,"Отправителей: 1, получателей: 3; переводов вход/выход: 1/6; недостаточно признаков роли",1,3,56520.0,1595700.0,1,6,0.0003015857797734115,28.23248407643312,3,False,False,1,0.0
100000002748180100,distributor,0.6933,13,0.519509,"Получателей: 8, отправителей: 1; признаки веерного распределения",1,8,9900.0,679743.0,1,9,0.00028721967880713655,68.66090909090909,1,False,False,1,0.0
100000003001661100,peripheral,0.2,27,0.519427,"Отправителей: 1, получателей: 5; переводов вход/выход: 1/8; недостаточно признаков роли",1,5,110000.0,439500.0,1,8,0.0005453954353297978,3.9954545454545456,3,False,False,1,0.0
100000008671929100,terminal,0.5,2,0.518899,"Входящих переводов: 2, отправителей: 1, исходящих: 0; колено 1; гипотеза конечного получателя",1,0,75000.0,0,2,0,0.00030055561573030944,0.0,1,False,False,4,0.0
100000008680731100,distributor,0.915,10,0.518644,"Получателей: 27, отправителей: 0; признаки веерного распределения; входящие seed неполны",0,27,0,1464354.0,0,28,0.00028557858384515975,,0,True,False,0,0.0
100000002531406100,transit,0.7615,3,0.518411,Отдал/получил в выборке: 0.96; временно сопоставлено за 48 ч: 0%; признаки транзита,1,1,520000.0,500000.0,1,1,0.00032255483479946937,0.9615384615384616,3,False,False,1,0.0
100000004183610100,peripheral,0.2,12,0.517655,"Отправителей: 1, получателей: 1; переводов вход/выход: 1/3; недостаточно признаков роли",1,1,22000.0,915000.0,1,3,0.00034066689867769394,41.59090909090909,3,False,False,2,0.6818181818181818
100000004917367100,terminal,0.5,5,0.517619,"Входящих переводов: 2, отправителей: 2, исходящих: 0; колено 3; гипотеза конечного получателя",2,0,120000.0,0,2,0,0.00029401284067768243,0.0,3,False,False,3,0.0
100000001714413100,terminal,0.5,5,0.517585,"Входящих переводов: 1, отправителей: 1, исходящих: 0; колено 3; гипотеза конечного получателя",1,0,250172.0,0,1,0,0.00029366292271180153,0.0,3,False,False,3,0.0
100000008223756100,terminal,0.5,3,0.517273,"Входящих переводов: 2, отправителей: 2, исходящих: 0; колено 3; гипотеза конечного получателя",2,0,331682.0,0,2,0,0.0003561260062831065,0.0,3,False,False,2,0.0
100000001384826100,peripheral,0.2,5,0.51698,"Отправителей: 1, получателей: 1; переводов вход/выход: 1/1; недостаточно признаков роли",1,1,364260.0,10000.0,1,1,0.00029734969042608385,0.027452918245209467,3,False,False,3,0.0
100000008232832100,peripheral,0.2,9,0.516958,"Отправителей: 1, получателей: 1; переводов вход/выход: 2/1; недостаточно признаков роли",1,1,337000.0,138000.0,2,1,0.0004932113886772379,0.4094955489614243,1,False,False,4,0.0
100000003062895100,terminal,0.5,9,0.516937,"Входящих переводов: 2, отправителей: 2, исходящих: 0; колено 2; гипотеза конечного получателя",2,0,328444.0,0,2,0,0.00040750825935843154,0.0,2,False,False,2,0.0
100000008659950100,terminal,0.5,9,0.516688,"Входящих переводов: 1, отправителей: 1, исходящих: 0; колено 3; гипотеза конечного получателя",1,0,246000.0,0,1,0,0.000320833170637336,0.0,3,False,False,3,0.0
100000000583220100,peripheral,0.2,65,0.516533,"Отправителей: 1, получателей: 1; переводов вход/выход: 1/4; недостаточно признаков роли",1,1,5000.0,761255.0,1,4,0.00029809865539800844,152.251,3,False,False,2,1.0
100000003149149100,terminal,0.5,5,0.516351,"Входящих переводов: 1, отправителей: 1, исходящих: 0; колено 3; гипотеза конечного получателя",1,0,245000.0,0,1,0,0.0002934957888973928,0.0,3,False,False,3,0.0
100000008759857100,peripheral,0.2,17,0.515919,"Отправителей: 1, получателей: 2; переводов вход/выход: 1/3; недостаточно признаков роли",1,2,5000.0,994000.0,1,3,0.0002863411811118974,198.8,3,False,False,3,0.0
100000004017410100,peripheral,0.2,32,0.515588,"Отправителей: 2, получателей: 5; переводов вход/выход: 6/11; недостаточно признаков роли",2,5,193650.0,1330915.0,6,11,0.001129000057321091,6.872785954040795,3,False,False,1,0.0
100000005505655100,peripheral,0.2,24,0.515474,"Отправителей: 2, получателей: 1; переводов вход/выход: 2/1; недостаточно признаков роли",2,1,33070.0,20000.0,2,1,0.00032143477035988867,0.6047777441790142,1,False,False,2,0.0
100000003205210100,terminal,0.5,2,0.514995,"Входящих переводов: 1, отправителей: 1, исходящих: 0; колено 1; гипотеза конечного получателя",1,0,137563.0,0,1,0,0.0003130490563413844,0.0,1,False,False,4,0.0
100000004424023100,peripheral,0.2,6,0.51483,"Отправителей: 1, получателей: 1; переводов вход/выход: 1/1; недостаточно признаков роли",1,1,50000.0,100000.0,1,1,0.0009702788543502793,2.0,2,False,False,5,0.0
100000002864256100,terminal,0.5,2,0.514659,"Входящих переводов: 1, отправителей: 1, исходящих: 0; колено 1; гипотеза конечного получателя",1,0,135780.0,0,1,0,0.00031269300237003473,0.0,1,False,False,4,0.0
100000000913911100,peripheral,0.2,2,0.513976,"Отправителей: 2, получателей: 1; переводов вход/выход: 2/1; недостаточно признаков роли",2,1,467000.0,600000.0,2,1,0.000459100679514207,1.284796573875803,2,False,False,2,0.0
100000008576243100,terminal,0.5,0,0.513928,"Входящих переводов: 4, отправителей: 2, исходящих: 0; колено 3; гипотеза конечного получателя",2,0,82920.0,0,4,0,0.001647674221732229,0.0,3,False,False,3,0.0
100000004676985100,transit,0.6401,0,0.513598,Отдал/получил в выборке: 0.84; временно сопоставлено за 48 ч: 0%; признаки транзита,1,1,32260.0,27102.0,1,1,0.0002873925738124007,0.8401115933044018,3,False,False,2,0.0
100000006564102100,terminal,0.5,2,0.513547,"Входящих переводов: 1, отправителей: 1, исходящих: 0; колено 2; гипотеза конечного получателя",1,0,233235.0,0,1,0,0.00042778579409705523,0.0,2,False,False,3,0.0
100000000941942100,terminal,0.5,2,0.513369,"Входящих переводов: 1, отправителей: 1, исходящих: 0; колено 1; гипотеза конечного получателя",1,0,130000.0,0,1,0,0.00031153877244608587,0.0,1,False,False,4,0.0
100000002781227100,transit,0.7219,61,0.512848,Отдал/получил в выборке: 1.11; временно сопоставлено за 48 ч: 22%; признаки транзита,2,3,191167.62,212420.0,8,10,0.002386120498476758,1.1111714421092862,1,False,False,1,0.22057930103434883
100000005133757100,terminal,0.5,3,0.512842,"Входящих переводов: 2, отправителей: 2, исходящих: 0; колено 1; гипотеза конечного получателя",2,0,65000.0,0,2,0,0.0002993858283716483,0.0,1,False,False,4,0.0
100000003050771100,terminal,0.5,12,0.512313,"Входящих переводов: 1, отправителей: 1, исходящих: 0; колено 3; гипотеза конечного получателя",1,0,229000.0,0,1,0,0.0003701742628310818,0.0,3,False,False,3,0.0
100000003022835100,terminal,0.5,2,0.512135,"Входящих переводов: 1, отправителей: 1, исходящих: 0; колено 1; гипотеза конечного получателя",1,0,125000.0,0,1,0,0.00031054030365374255,0.0,1,False,False,4,0.0
100000008501413100,transit,0.93,11,0.511859,Отдал/получил в выборке: 1.02; временно сопоставлено за 48 ч: 100%; признаки транзита,1,1,5000.0,5100.0,1,1,0.00036653229559467003,1.02,3,False,False,2,1.0
100000005897462100,terminal,0.5,11,0.511622,"Входящих переводов: 1, отправителей: 1, исходящих: 0; колено 1; гипотеза конечного получателя",1,0,98400.0,0,1,0,0.0003005001083009446,0.0,1,False,False,5,0.0
100000000979923100,terminal,0.5,11,0.511397,"Входящих переводов: 1, отправителей: 1, исходящих: 0; колено 1; гипотеза конечного получателя",1,0,97900.0,0,1,0,0.0003004242875465961,0.0,1,False,False,5,0.0
100000004662806100,peripheral,0.2,10,0.511376,"Отправителей: 2, получателей: 2; переводов вход/выход: 2/3; недостаточно признаков роли",2,2,106585.0,59900.0,2,3,0.00030543347999308177,0.5619927757189098,1,False,False,2,0.5526575034010415
100000008472324100,terminal,0.5,5,0.508837,"Входящих переводов: 1, отправителей: 1, исходящих: 0; колено 3; гипотеза конечного получателя",1,0,205200.0,0,1,0,0.00029220964701543817,0.0,3,False,False,3,0.0
100000002755292100,terminal,0.5,5,0.5085,"Входящих переводов: 1, отправителей: 1, исходящих: 0; колено 3; гипотеза конечного получателя",1,0,203400.0,0,1,0,0.0002921514797946463,0.0,3,False,False,3,0.0
100000006445501100,terminal,0.5,11,0.50736,"Входящих переводов: 1, отправителей: 1, исходящих: 0; колено 1; гипотеза конечного получателя",1,0,91000.0,0,1,0,0.0002993779611365868,0.0,1,False,False,5,0.0
100000001987030100,peripheral,0.2,15,0.507352,"Отправителей: 2, получателей: 1; переводов вход/выход: 2/1; недостаточно признаков роли",2,1,30864.0,19000.0,2,1,0.0002938635484992097,0.6156039398652151,1,False,False,3,0.0
100000002224132100,peripheral,0.2,22,0.507269,"Отправителей: 5, получателей: 4; переводов вход/выход: 10/25; недостаточно признаков роли",5,4,3951020.0,12115000.0,10,25,0.006372802865197966,3.0662968043695047,2,False,False,2,0.17337295179472642
100000006567935100,terminal,0.5,29,0.50721,"Входящих переводов: 1, отправителей: 1, исходящих: 0; колено 2; гипотеза конечного получателя",1,0,200000.0,0,1,0,0.00031047097253988936,0.0,2,False,False,3,0.0
100000005572303100,peripheral,0.2,4,0.506944,"Отправителей: 1, получателей: 1; переводов вход/выход: 1/1; недостаточно признаков роли",1,1,75000.0,20000.0,1,1,0.0003132517707970785,0.26666666666666666,2,False,False,3,0.0
100000004816564100,peripheral,0.2,15,0.506886,"Отправителей: 1, получателей: 1; переводов вход/выход: 1/1; недостаточно признаков роли",1,1,285480.0,5000.0,1,1,0.00037618945009890105,0.01751436177665686,2,False,False,3,0.01751436177665686
100000008536546100,terminal,0.5,17,0.506618,"Входящих переводов: 2, отправителей: 2, исходящих: 0; колено 3; гипотеза конечного получателя",2,0,250000.0,0,2,0,0.0003172225974342536,0.0,3,False,False,2,0.0
100000002870463100,peripheral,0.2,6,0.506612,"Отправителей: 3, получателей: 1; переводов вход/выход: 4/1; недостаточно признаков роли",3,1,207000.0,10000.0,4,1,0.0020393515184954926,0.04830917874396135,2,False,False,2,0.0
100000005198906100,peripheral,0.2,5,0.506549,"Отправителей: 1, получателей: 1; переводов вход/выход: 1/1; недостаточно признаков роли",1,1,227970.0,60000.0,1,1,0.0002929454623584559,0.26319252533228055,3,False,False,3,0.0
100000008568512100,terminal,0.5,5,0.506369,"Входящих переводов: 1, отправителей: 1, исходящих: 0; колено 3; гипотеза конечного получателя",1,0,199640.0,0,1,0,0.0002920299749334365,0.0,3,False,False,3,0.0
100000008624978100,terminal,0.5,17,0.506191,"Входящих переводов: 1, отправителей: 1, исходящих: 0; колено 2; гипотеза конечного получателя",1,0,109000.0,0,1,0,0.0003379741455552154,0.0,2,False,False,4,0.0
100000003985389100,peripheral,0.0,3,0.506145,Граница 4-го колена: исходящие не наблюдаются; роль не определена,1,0,422698.0,0,16,0,0.0004901085024486921,0.0,4,False,True,3,0.0
100000007129492100,peripheral,0.2,11,0.505801,"Отправителей: 2, получателей: 1; переводов вход/выход: 2/1; недостаточно признаков роли",2,1,50990.0,37000.0,2,1,0.00029451209061791137,0.725632476956266,1,False,False,8,0.0
100000005857058100,terminal,0.5,0,0.505763,"Входящих переводов: 3, отправителей: 3, исходящих: 0; колено 3; гипотеза конечного получателя",3,0,80222.0,0,3,0,0.0003897440126732898,0.0,3,False,False,3,0.0
100000005844459100,terminal,0.5,0,0.505385,"Входящих переводов: 2, отправителей: 2, исходящих: 0; колено 1; гипотеза конечного получателя",2,0,243400.0,0,2,0,0.00033795517387859585,0.0,1,False,False,2,0.0
100000004330371100,peripheral,0.2,4,0.505004,"Отправителей: 2, получателей: 2; переводов вход/выход: 12/6; недостаточно признаков роли",2,2,264171.0,90681.0,12,6,0.0012565042961792982,0.3432662934235779,1,False,False,2,0.018927134318301404
100000008238112100,terminal,0.5,5,0.503958,"Входящих переводов: 1, отправителей: 1, исходящих: 0; колено 3; гипотеза конечного получателя",1,0,190000.0,0,1,0,0.0002917184571509731,0.0,3,False,False,3,0.0
100000004386331100,transit,0.675,10,0.503956,Отдал/получил в выборке: 0.88; временно сопоставлено за 48 ч: 0%; признаки транзита,1,2,20000.0,17500.0,1,2,0.0005121774392586615,0.875,3,False,False,2,0.0
100000001674850100,terminal,0.5,9,0.503927,"Входящих переводов: 2, отправителей: 2, исходящих: 0; колено 3; гипотеза конечного получателя",2,0,237000.0,0,2,0,0.00031408770832056735,0.0,3,False,False,2,0.0
100000000724540100,peripheral,0.2,17,0.503399,"Отправителей: 1, получателей: 1; переводов вход/выход: 1/1; недостаточно признаков роли",1,1,50000.0,100000.0,1,1,0.0003096132451800477,2.0,2,False,False,4,0.0
100000001317336100,peripheral,0.2,30,0.502645,"Отправителей: 1, получателей: 2; переводов вход/выход: 1/3; недостаточно признаков роли",1,2,131196.0,1752000.0,1,3,0.0003436435620777001,13.354065672733924,3,False,False,1,0.0
100000003509750100,transit,0.8227,6,0.50251,Отдал/получил в выборке: 0.95; временно сопоставлено за 48 ч: 47%; признаки транзита,3,3,82290.0,78400.0,4,5,0.0016838257981694642,0.9527281565196257,2,False,False,1,0.46664236237695955
100000000998559100,terminal,0.5,2,0.501817,"Входящих переводов: 1, отправителей: 1, исходящих: 0; колено 1; гипотеза конечного получателя",1,0,100000.0,0,1,0,0.000305547959692026,0.0,1,False,False,4,0.0
100000003112436100,terminal,0.5,4,0.501817,"Входящих переводов: 1, отправителей: 1, исходящих: 0; колено 2; гипотеза конечного получателя",1,0,100000.0,0,1,0,0.0003021180727373752,0.0,2,False,False,4,0.0
100000008332511100,terminal,0.5,6,0.501817,"Входящих переводов: 1, отправителей: 1, исходящих: 0; колено 3; гипотеза конечного получателя",1,0,100000.0,0,1,0,0.0011103156910728389,0.0,3,False,False,4,0.0
100000003190207100,peripheral,0.2,19,0.501796,"Отправителей: 1, получателей: 1; переводов вход/выход: 1/8; недостаточно признаков роли",1,1,5000.0,377000.0,1,8,0.0002991159867335151,75.4,3,False,False,2,1.0
100000003843844100,peripheral,0.2,12,0.501726,"Отправителей: 1, получателей: 1; переводов вход/выход: 1/1; недостаточно признаков роли",1,1,16680.0,238000.0,1,1,0.000291740400113654,14.268585131894485,3,False,False,3,0.0
100000005873152100,transit,0.8,11,0.50151,Отдал/получил в выборке: 1.00; временно сопоставлено за 48 ч: 0%; признаки транзита,1,1,10000.0,10000.0,1,1,0.00046639187880256915,1.0,3,False,False,4,0.0
100000004715209100,peripheral,0.2,49,0.501375,"Отправителей: 1, получателей: 5; переводов вход/выход: 1/17; недостаточно признаков роли",1,5,5000.0,350450.0,1,17,0.0002875505465277309,70.09,3,False,False,1,1.0
100000001063678100,peripheral,0.2,21,0.501372,"Отправителей: 1, получателей: 2; переводов вход/выход: 1/2; недостаточно признаков роли",1,2,35000.0,90000.0,1,2,0.0003282411323687562,2.5714285714285716,3,False,False,2,0.5714285714285714
100000002284426100,terminal,0.5,5,0.501356,"Входящих переводов: 2, отправителей: 1, исходящих: 0; колено 3; гипотеза конечного получателя",1,0,90000.0,0,2,0,0.0002884869448847556,0.0,3,False,False,3,0.0
100000002109656100,terminal,0.5,13,0.501033,"Входящих переводов: 1, отправителей: 1, исходящих: 0; колено 3; гипотеза конечного получателя",1,0,500000.0,0,1,0,0.00030935231721637333,0.0,3,False,False,2,0.0
100000002644285100,terminal,0.5,13,0.501033,"Входящих переводов: 1, отправителей: 1, исходящих: 0; колено 3; гипотеза конечного получателя",1,0,500000.0,0,1,0,0.00030935231721637333,0.0,3,False,False,2,0.0
100000003163886100,terminal,0.5,54,0.501033,"Входящих переводов: 1, отправителей: 1, исходящих: 0; колено 3; гипотеза конечного получателя",1,0,500000.0,0,1,0,0.0007329726527559291,0.0,3,False,False,2,0.0
100000008388049100,terminal,0.5,13,0.500248,"Входящих переводов: 1, отправителей: 1, исходящих: 0; колено 3; гипотеза конечного получателя",1,0,496400.0,0,1,0,0.00030918114633610063,0.0,3,False,False,2,0.0
100000006745291100,terminal,0.5,11,0.500181,"Входящих переводов: 1, отправителей: 1, исходящих: 0; колено 1; гипотеза конечного получателя",1,0,82534.0,0,1,0,0.000298094164123958,0.0,1,False,False,5,0.0
100000002943472100,terminal,0.5,9,0.49992,"Входящих переводов: 1, отправителей: 1, исходящих: 0; колено 3; гипотеза конечного получателя",1,0,170000.0,0,1,0,0.00030994150967715144,0.0,3,False,False,3,0.0
100000003220685100,peripheral,0.0,5,0.499886,Граница 4-го колена: исходящие не наблюдаются; роль не определена,1,0,1306000.0,0,2,0,0.0005372901653870291,0.0,4,False,True,3,0.0
100000008205937100,terminal,0.5,12,0.499856,"Входящих переводов: 3, отправителей: 1, исходящих: 0; колено 2; гипотеза конечного получателя",1,0,35000.0,0,3,0,0.0003315116966260196,0.0,2,False,False,5,0.0
100000003406094100,peripheral,0.2,4,0.499578,"Отправителей: 1, получателей: 3; переводов вход/выход: 4/3; недостаточно признаков роли",1,3,70000.0,47000.0,4,3,0.0007764448219571649,0.6714285714285714,3,False,False,2,0.1
100000007242833100,peripheral,0.2,10,0.499213,"Отправителей: 1, получателей: 1; переводов вход/выход: 3/2; недостаточно признаков роли",1,1,107500.0,45000.0,3,2,0.0005134500134562237,0.4186046511627907,2,False,False,3,0.4186046511627907
100000004993576100,terminal,0.5,15,0.498742,"Входящих переводов: 1, отправителей: 1, исходящих: 0; колено 2; гипотеза конечного получателя",1,0,167000.0,0,1,0,0.00033858409969346714,0.0,2,False,False,3,0.0
100000003221510100,peripheral,0.2,0,0.498702,"Отправителей: 1, получателей: 2; переводов вход/выход: 1/3; недостаточно признаков роли",1,2,24000.0,120000.0,1,3,0.00028692811140913315,5.0,3,False,False,2,0.0
100000002670960100,terminal,0.5,13,0.498565,"Входящих переводов: 1, отправителей: 1, исходящих: 0; колено 3; гипотеза конечного получателя",1,0,480310.0,0,1,0,0.000308416107596215,0.0,3,False,False,2,0.0
100000002815005100,terminal,0.5,8,0.498453,"Входящих переводов: 1, отправителей: 1, исходящих: 0; колено 3; гипотеза конечного получателя",1,0,476500.0,0,1,0,0.0003191631590984379,0.0,3,False,False,2,0.0
100000002958139100,terminal,0.5,8,0.498431,"Входящих переводов: 2, отправителей: 1, исходящих: 0; колено 3; гипотеза конечного получателя",1,0,209500.0,0,2,0,0.00030034451986942374,0.0,3,False,False,2,0.0
100000002581346100,terminal,0.5,5,0.498406,"Входящих переводов: 1, отправителей: 1, исходящих: 0; колено 3; гипотеза конечного получателя",1,0,166400.0,0,1,0,0.0002909558202561458,0.0,3,False,False,3,0.0
100000005357705100,peripheral,0.2,3,0.498346,"Отправителей: 1, получателей: 4; переводов вход/выход: 1/5; недостаточно признаков роли",1,4,52595.0,387080.0,1,5,0.00029625280370955924,7.35963494628767,3,False,False,1,0.0
100000008200810100,terminal,0.5,13,0.498285,"Входящих переводов: 1, отправителей: 1, исходящих: 0; колено 3; гипотеза конечного получателя",1,0,475000.0,0,1,0,0.00030816363054781266,0.0,3,False,False,2,0.0
100000008438656100,peripheral,0.2,2,0.498264,"Отправителей: 2, получателей: 1; переводов вход/выход: 2/1; недостаточно признаков роли",2,1,80000.0,5000.0,2,1,0.00029736961862749056,0.0625,1,False,False,5,0.0
100000003724440100,terminal,0.5,2,0.497925,"Входящих переводов: 2, отправителей: 2, исходящих: 0; колено 2; гипотеза конечного получателя",2,0,50000.0,0,2,0,0.00030806086066030754,0.0,2,False,False,4,0.0
100000004180097100,peripheral,0.2,0,0.49763,"Отправителей: 3, получателей: 3; переводов вход/выход: 5/7; недостаточно признаков роли",3,3,104854.0,47800.0,5,7,0.000854418409638063,0.4558719743643542,1,False,False,1,0.04768535296698266
100000001227106100,terminal,0.5,5,0.497621,"Входящих переводов: 1, отправителей: 1, исходящих: 0; колено 3; гипотеза конечного получателя",1,0,164765.0,0,1,0,0.0002909029850305931,0.0,3,False,False,3,0.0
100000005498992100,distributor,0.7867,8,0.497088,"Получателей: 16, отправителей: 0; признаки веерного распределения; входящие seed неполны",0,16,0,2262868.0,0,19,0.00028557858384515975,,0,True,False,0,0.0
100000000594783100,peripheral,0.2,22,0.496771,"Отправителей: 1, получателей: 2; переводов вход/выход: 10/2; недостаточно признаков роли",1,2,2635000.0,152500.0,10,2,0.001463743643075971,0.05787476280834915,3,False,False,2,0.022770398481973434
100000004318918100,terminal,0.5,11,0.496592,"Входящих переводов: 1, отправителей: 1, исходящих: 0; колено 1; гипотеза конечного получателя",1,0,75600.0,0,1,0,0.000297042681902653,0.0,1,False,False,5,0.0
100000002878467100,terminal,0.5,9,0.49658,"Входящих переводов: 2, отправителей: 2, исходящих: 0; колено 3; гипотеза конечного получателя",2,0,200000.0,0,2,0,0.000314491466104162,0.0,3,False,False,2,0.0
100000002842321100,terminal,0.5,5,0.496275,"Входящих переводов: 1, отправителей: 1, исходящих: 0; колено 3; гипотеза конечного получателя",1,0,160000.0,0,1,0,0.00029074900347110787,0.0,3,False,False,3,0.0
100000000031787100,transit,0.8667,6,0.496158,Отдал/получил в выборке: 1.00; временно сопоставлено за 48 ч: 44%; признаки транзита,1,2,90000.0,90000.0,2,4,0.0004311993861653536,1.0,2,False,False,1,0.4444444444444444
100000005958064100,peripheral,0.2,14,0.495666,"Отправителей: 1, получателей: 2; переводов вход/выход: 1/3; недостаточно признаков роли",1,2,5746.0,163986.84,1,3,0.0002861956494084858,28.539303863557258,1,False,False,2,0.0
100000004603109100,peripheral,0.2,22,0.495469,"Отправителей: 3, получателей: 2; переводов вход/выход: 8/2; недостаточно признаков роли",3,2,2730000.0,400000.0,8,2,0.0033866927135940993,0.14652014652014653,3,False,False,2,0.03663003663003663
100000004892144100,peripheral,0.2,22,0.495469,"Отправителей: 2, получателей: 1; переводов вход/выход: 7/1; недостаточно признаков роли",2,1,4500000.0,180300.0,7,1,0.0029725844143652933,0.04006666666666667,3,False,False,2,0.0
100000006169033100,peripheral,0.2,39,0.494514,"Отправителей: 1, получателей: 3; переводов вход/выход: 1/10; недостаточно признаков роли",1,3,49000.0,1140271.0,1,10,0.0004177930866248222,23.270836734693876,3,False,False,1,0.0
100000004417753100,terminal,0.5,2,0.494169,"Входящих переводов: 2, отправителей: 2, исходящих: 0; колено 3; гипотеза конечного получателя",2,0,192099.0,0,2,0,0.0003929943826973556,0.0,3,False,False,2,0.0
100000001222245100,peripheral,0.0,5,0.49384,Граница 4-го колена: исходящие не наблюдаются; роль не определена,1,0,420000.0,0,5,0,0.0005487996096812384,0.0,4,False,True,3,0.0
100000002697752100,terminal,0.5,3,0.493496,"Входящих переводов: 2, отправителей: 2, исходящих: 0; колено 3; гипотеза конечного получателя",2,0,190785.0,0,2,0,0.00032947196545056977,0.0,3,False,False,2,0.0
100000004134060100,terminal,0.5,17,0.493349,"Входящих переводов: 1, отправителей: 1, исходящих: 0; колено 2; гипотеза конечного получателя",1,0,88179.0,0,1,0,0.0003279656318821414,0.0,2,False,False,4,0.0
100000008335401100,terminal,0.5,7,0.493249,"Входящих переводов: 3, отправителей: 1, исходящих: 0; колено 2; гипотеза конечного получателя",1,0,150000.0,0,3,0,0.0005508537458283065,0.0,2,False,False,2,0.0
100000003025903100,peripheral,0.0,5,0.493022,Граница 4-го колена: исходящие не наблюдаются; роль не определена,1,0,386300.0,0,6,0,0.0005261218840032478,0.0,4,False,True,3,0.0
100000003366471100,peripheral,0.2,3,0.493002,"Отправителей: 2, получателей: 1; переводов вход/выход: 5/1; недостаточно признаков роли",2,1,329789.0,20000.0,5,1,0.00036030211681107785,0.0606448365470043,3,False,False,2,0.0
100000001927599100,terminal,0.5,7,0.492823,"Входящих переводов: 2, отправителей: 2, исходящих: 0; колено 3; гипотеза конечного получателя",2,0,188000.0,0,2,0,0.00032720232110186137,0.0,3,False,False,2,0.0
100000005830339100,peripheral,0.2,2,0.49227,"Отправителей: 5, получателей: 1; переводов вход/выход: 12/1; недостаточно признаков роли",5,1,476341.0,339251.0,12,1,0.00036343977837127137,0.7122019729563485,3,False,False,2,0.0
100000005667841100,terminal,0.5,9,0.492262,"Входящих переводов: 2, отправителей: 2, исходящих: 0; колено 3; гипотеза конечного получателя",2,0,186000.0,0,2,0,0.0003123002453333458,0.0,3,False,False,2,0.0
100000001046626100,terminal,0.5,5,0.492013,"Входящих переводов: 1, отправителей: 1, исходящих: 0; колено 3; гипотеза конечного получателя",1,0,150000.0,0,1,0,0.0002904258522444861,0.0,3,False,False,3,0.0
100000001961048100,terminal,0.5,29,0.492013,"Входящих переводов: 1, отправителей: 1, исходящих: 0; колено 2; гипотеза конечного получателя",1,0,150000.0,0,1,0,0.000304247875366207,0.0,2,False,False,3,0.0
100000002459240100,terminal,0.5,5,0.492013,"Входящих переводов: 1, отправителей: 1, исходящих: 0; колено 3; гипотеза конечного получателя",1,0,150000.0,0,1,0,0.0002904258522444861,0.0,3,False,False,3,0.0
100000003089553100,terminal,0.5,9,0.492013,"Входящих переводов: 1, отправителей: 1, исходящих: 0; колено 3; гипотеза конечного получателя",1,0,150000.0,0,1,0,0.00030707528310868187,0.0,3,False,False,3,0.0
100000003486970100,terminal,0.5,5,0.492013,"Входящих переводов: 1, отправителей: 1, исходящих: 0; колено 3; гипотеза конечного получателя",1,0,150000.0,0,1,0,0.0002904258522444861,0.0,3,False,False,3,0.0
100000002970466100,peripheral,0.2,0,0.490964,"Отправителей: 1, получателей: 2; переводов вход/выход: 1/3; недостаточно признаков роли",1,2,23317.0,93000.0,1,3,0.0002868897061038751,3.9885062400823434,3,False,False,2,1.0
100000000791285100,peripheral,0.2,25,0.490744,"Отправителей: 1, получателей: 3; переводов вход/выход: 2/3; недостаточно признаков роли",1,3,1120000.0,650000.0,2,3,0.0005654533543882437,0.5803571428571429,3,False,False,1,0.0
100000001641951100,terminal,0.5,3,0.490715,"Входящих переводов: 4, отправителей: 1, исходящих: 0; колено 2; гипотеза конечного получателя",1,0,25000.0,0,4,0,0.0003190009185953648,0.0,2,False,False,8,0.0
100000004588479100,terminal,0.5,4,0.49058,"Входящих переводов: 2, отправителей: 1, исходящих: 0; колено 1; гипотеза конечного получателя",1,0,177633.0,0,2,0,0.00030465467281318934,0.0,1,False,False,2,0.0
100000004019124100,peripheral,0.2,4,0.490199,"Отправителей: 3, получателей: 0; переводов вход/выход: 3/0; недостаточно признаков роли; входящие seed неполны",3,0,193000.0,0,3,0,0.0012012355014891867,0.0,0,True,False,5,0.0
100000008579978100,peripheral,0.2,5,0.489883,"Отправителей: 1, получателей: 1; переводов вход/выход: 1/6; недостаточно признаков роли",1,1,34000.0,77000.0,1,6,0.0002866772980156737,2.264705882352941,3,False,False,3,0.5
100000002513028100,peripheral,0.2,58,0.489594,"Отправителей: 1, получателей: 3; переводов вход/выход: 1/24; недостаточно признаков роли",1,3,9500.0,332709.0,1,24,0.0003055662929080906,35.022,3,False,False,1,0.0
100000005799271100,terminal,0.5,11,0.489569,"Входящих переводов: 2, отправителей: 1, исходящих: 0; колено 2; гипотеза конечного получателя",1,0,45000.0,0,2,0,0.0005363346831563332,0.0,2,False,False,4,0.0
100000008468762100,terminal,0.5,17,0.48929,"Входящих переводов: 2, отправителей: 2, исходящих: 0; колено 3; гипотеза конечного получателя",2,0,170000.0,0,2,0,0.0003103854179489574,0.0,3,False,False,2,0.0
100000002872399100,terminal,0.5,6,0.489262,"Входящих переводов: 9, отправителей: 1, исходящих: 0; колено 3; гипотеза конечного получателя",1,0,1090000.0,0,9,0,0.0007047072825374194,0.0,3,False,False,1,0.0
100000004657034100,terminal,0.5,5,0.488985,"Входящих переводов: 1, отправителей: 1, исходящих: 0; колено 3; гипотеза конечного получателя",1,0,141250.0,0,1,0,0.0002901430949211921,0.0,3,False,False,3,0.0
100000005053653100,peripheral,0.2,12,0.488908,"Отправителей: 2, получателей: 1; переводов вход/выход: 2/1; недостаточно признаков роли",2,1,63073.0,25000.0,2,1,0.0003135641521953887,0.3963661154535221,2,False,False,4,0.0
100000004580202100,peripheral,0.2,21,0.488376,"Отправителей: 1, получателей: 3; переводов вход/выход: 1/4; недостаточно признаков роли",1,3,9000.0,45000.0,1,4,0.00032203216938283836,5.0,2,False,False,2,0.5555555555555556
100000004097972100,peripheral,0.2,0,0.488294,"Отправителей: 1, получателей: 2; переводов вход/выход: 1/2; недостаточно признаков роли",1,2,118878.0,10000.0,1,2,0.0003165031772728207,0.0841198539679335,3,False,False,2,0.0
100000002570206100,terminal,0.5,16,0.488,"Входящих переводов: 2, отправителей: 2, исходящих: 0; колено 2; гипотеза конечного получателя",2,0,166959.6,0,2,0,0.0003184617369654409,0.0,2,False,False,2,0.0
100000001534244100,peripheral,0.2,8,0.487787,"Отправителей: 2, получателей: 1; переводов вход/выход: 2/1; недостаточно признаков роли",2,1,366000.0,45000.0,2,1,0.0003415240924314902,0.12295081967213115,3,False,False,2,0.0
100000004315838100,peripheral,0.2,2,0.487777,"Отправителей: 2, получателей: 1; переводов вход/выход: 2/1; недостаточно признаков роли",2,1,50000.0,18000.0,2,1,0.0002913788058734307,0.36,1,False,False,5,0.0
100000002435265100,terminal,0.5,0,0.487641,"Входящих переводов: 3, отправителей: 1, исходящих: 0; колено 3; гипотеза конечного получателя",1,0,132628.0,0,3,0,0.00029303629808493753,0.0,3,False,False,2,0.0
100000001362940100,terminal,0.5,2,0.487461,"Входящих переводов: 1, отправителей: 1, исходящих: 0; колено 1; гипотеза конечного получателя",1,0,81000.0,0,1,0,0.0003017537782811214,0.0,1,False,False,4,0.0
100000008376089100,terminal,0.5,29,0.48691,"Входящих переводов: 1, отправителей: 1, исходящих: 0; колено 2; гипотеза конечного получателя",1,0,135000.0,0,1,0,0.00030238094621410223,0.0,2,False,False,3,0.0
100000006111439100,transit,0.6333,5,0.486414,Отдал/получил в выборке: 1.17; временно сопоставлено за 48 ч: 0%; признаки транзита,3,4,20570.0,24000.0,3,4,0.0003653430211157898,1.166747690811862,3,False,False,2,0.0
100000007311010100,peripheral,0.2,2,0.486104,"Отправителей: 2, получателей: 1; переводов вход/выход: 2/1; недостаточно признаков роли",2,1,64480.0,20000.0,2,1,0.0003093122375858713,0.31017369727047145,1,False,False,4,0.0
100000008571443100,terminal,0.5,12,0.485261,"Входящих переводов: 2, отправителей: 2, исходящих: 0; колено 2; гипотеза конечного получателя",2,0,65000.0,0,2,0,0.0003147107622383421,0.0,2,False,False,3,0.0
100000000440392100,terminal,0.5,4,0.484927,"Входящих переводов: 4, отправителей: 1, исходящих: 0; колено 1; гипотеза конечного получателя",1,0,105705.0,0,4,0,0.0002969302920545891,0.0,1,False,False,2,0.0
100000002521039100,terminal,0.5,0,0.484882,"Входящих переводов: 1, отправителей: 1, исходящих: 0; колено 3; гипотеза конечного получателя",1,0,349370.0,0,1,0,0.00030522376905455114,0.0,3,False,False,2,0.0
100000008531186100,terminal,0.5,2,0.484554,"Входящих переводов: 1, отправителей: 1, исходящих: 0; колено 2; гипотеза конечного получателя",1,0,125000.0,0,1,0,0.00036179313689889067,0.0,2,False,False,3,0.0
100000000733451100,peripheral,0.2,12,0.483469,"Отправителей: 1, получателей: 1; переводов вход/выход: 2/1; недостаточно признаков роли",1,1,70000.0,300000.0,2,1,0.0005402834819410751,4.285714285714286,3,False,False,2,0.0
100000002666248100,terminal,0.5,2,0.48247,"Входящих переводов: 1, отправителей: 1, исходящих: 0; колено 1; гипотеза конечного получателя",1,0,70032.0,0,1,0,0.00029956353713823713,0.0,1,False,False,4,0.0
100000000552584100,peripheral,0.2,22,0.482392,"Отправителей: 1, получателей: 1; переводов вход/выход: 3/1; недостаточно признаков роли",1,1,2500000.0,57500.0,3,1,0.0014033822453544684,0.023,3,False,False,2,0.0
100000000817146100,terminal,0.5,4,0.482357,"Входящих переводов: 1, отправителей: 1, исходящих: 0; колено 1; гипотеза конечного получателя",1,0,70020.0,0,1,0,0.0005888272976003831,0.0,1,False,False,4,0.0
100000003246024100,peripheral,0.2,3,0.482115,"Отправителей: 1, получателей: 1; переводов вход/выход: 1/1; недостаточно признаков роли",1,1,25000.0,5000.0,1,1,0.0003745293498882773,0.2,2,False,False,2,0.0
100000000555721100,terminal,0.5,0,0.482033,"Входящих переводов: 3, отправителей: 2, исходящих: 0; колено 1; гипотеза конечного получателя",2,0,113000.0,0,3,0,0.0003080449101304021,0.0,1,False,False,2,0.0
100000003044431100,terminal,0.5,2,0.482008,"Входящих переводов: 2, отправителей: 2, исходящих: 0; колено 2; гипотеза конечного получателя",2,0,60000.0,0,2,0,0.00030244436634260124,0.0,2,False,False,3,0.0
100000004408683100,terminal,0.5,4,0.481809,"Входящих переводов: 3, отправителей: 2, исходящих: 0; колено 1; гипотеза конечного получателя",2,0,112919.68,0,3,0,0.00038514927167016054,0.0,1,False,False,2,0.0
100000003134474100,terminal,0.5,5,0.481638,"Входящих переводов: 1, отправителей: 1, исходящих: 0; колено 3; гипотеза конечного получателя",1,0,116000.0,0,1,0,0.0002893271380739721,0.0,3,False,False,3,0.0
100000005882013100,peripheral,0.2,12,0.481372,"Отправителей: 2, получателей: 1; переводов вход/выход: 3/1; недостаточно признаков роли",2,1,135000.0,10000.0,3,1,0.0005258366780436566,0.07407407407407407,2,False,False,5,0.07407407407407407
100000002738256100,transit,0.7849,51,0.48128,Отдал/получил в выборке: 1.17; временно сопоставлено за 48 ч: 100%; признаки транзита,1,1,150200.0,175000.0,1,1,0.0005090007717269555,1.1651131824234353,2,False,False,1,1.0
100000003284932100,terminal,0.5,2,0.481124,"Входящих переводов: 1, отправителей: 1, исходящих: 0; колено 1; гипотеза конечного получателя",1,0,69925.0,0,1,0,0.000299542169906081,0.0,1,False,False,4,0.0
100000008675322100,peripheral,0.0,34,0.481055,Граница 4-го колена: исходящие не наблюдаются; роль не определена,1,0,340000.0,0,4,0,0.0003193238413832176,0.0,4,False,True,3,0.0
100000002958345100,terminal,0.5,13,0.480957,"Входящих переводов: 1, отправителей: 1, исходящих: 0; колено 3; гипотеза конечного получателя",1,0,307000.0,0,1,0,0.0003001756561350849,0.0,3,False,False,2,0.0
100000002293421100,transit,0.6902,0,0.480914,Отдал/получил в выборке: 1.15; временно сопоставлено за 48 ч: 24%; признаки транзита,2,2,41000.0,47000.0,6,5,0.0009722379570914692,1.146341463414634,2,False,False,1,0.24390243902439024
100000002509598100,terminal,0.5,13,0.480844,"Входящих переводов: 1, отправителей: 1, исходящих: 0; колено 3; гипотеза конечного получателя",1,0,305550.0,0,1,0,0.0003001067123083084,0.0,3,False,False,2,0.0
100000002529880100,terminal,0.5,9,0.480093,"Входящих переводов: 2, отправителей: 2, исходящих: 0; колено 3; гипотеза конечного получателя",2,0,147000.0,0,2,0,0.00030626348462780206,0.0,3,False,False,2,0.0
100000001851289100,terminal,0.5,4,0.480014,"Входящих переводов: 3, отправителей: 1, исходящих: 0; колено 1; гипотеза конечного получателя",1,0,109510.0,0,3,0,0.0002973389127417551,0.0,1,False,False,2,0.0
100000008469048100,peripheral,0.0,0,0.479855,Граница 4-го колена: исходящие не наблюдаются; роль не определена,1,0,265200.0,0,7,0,0.0005783145945095094,0.0,4,False,True,3,0.0
100000003242795100,terminal,0.5,5,0.479788,"Входящих переводов: 1, отправителей: 1, исходящих: 0; колено 3; гипотеза конечного получателя",1,0,111000.0,0,1,0,0.00028916556246066124,0.0,3,False,False,3,0.0
100000002609774100,peripheral,0.2,7,0.479644,"Отправителей: 1, получателей: 1; переводов вход/выход: 1/1; недостаточно признаков роли",1,1,7700.0,27500.0,1,1,0.000286405490360581,3.5714285714285716,1,False,False,2,0.0
100000005183943100,terminal,0.5,41,0.479504,"Входящих переводов: 9, отправителей: 1, исходящих: 0; колено 1; гипотеза конечного получателя",1,0,680900.0,0,9,0,0.0006097410273381606,0.0,1,False,False,1,0.0
100000001733687100,terminal,0.5,8,0.479386,"Входящих переводов: 1, отправителей: 1, исходящих: 0; колено 3; гипотеза конечного получателя",1,0,300000.0,0,1,0,0.0003067231223047263,0.0,3,False,False,2,0.0
100000008427027100,terminal,0.5,2,0.479386,"Входящих переводов: 1, отправителей: 1, исходящих: 0; колено 3; гипотеза конечного получателя",1,0,300000.0,0,1,0,0.0005509028963044682,0.0,3,False,False,2,0.0
100000000976943100,transit,0.6,11,0.479012,Отдал/получил в выборке: 1.20; временно сопоставлено за 48 ч: 0%; признаки транзита,1,1,70000.0,84000.0,1,3,0.0003733027677477509,1.2,3,False,False,1,0.0
100000001484381100,terminal,0.5,7,0.478758,"Входящих переводов: 4, отправителей: 2, исходящих: 0; колено 3; гипотеза конечного получателя",2,0,95585.0,0,4,0,0.00032124406156724283,0.0,3,False,False,2,0.0
100000005186131100,transit,0.8,0,0.478508,Отдал/получил в выборке: 1.00; временно сопоставлено за 48 ч: 0%; признаки транзита,1,1,10000.0,10000.0,1,1,0.00028614088699681535,1.0,3,False,False,2,0.0
100000003163256100,transit,0.6877,4,0.478255,Отдал/получил в выборке: 1.11; временно сопоставлено за 48 ч: 0%; признаки транзита,1,1,13485.0,15000.0,1,1,0.0002870267441517125,1.1123470522803114,1,False,False,2,0.0
100000005182219100,terminal,0.5,5,0.478195,"Входящих переводов: 2, отправителей: 2, исходящих: 0; колено 3; гипотеза конечного получателя",2,0,55000.0,0,2,0,0.0003540044164942406,0.0,3,False,False,3,0.0
100000001788284100,peripheral,0.2,24,0.478176,"Отправителей: 1, получателей: 5; переводов вход/выход: 1/8; недостаточно признаков роли",1,5,8000.0,296700.0,1,8,0.00029935962114421724,37.0875,3,False,False,1,0.0
100000002989353100,peripheral,0.2,13,0.478137,"Отправителей: 1, получателей: 2; переводов вход/выход: 2/2; недостаточно признаков роли",1,2,500000.0,321160.0,2,2,0.00030935231721637333,0.64232,3,False,False,2,0.0
100000005168487100,peripheral,0.2,11,0.477961,"Отправителей: 1, получателей: 1; переводов вход/выход: 1/14; недостаточно признаков роли",1,1,15000.0,103510.0,1,14,0.0019154587642442283,6.900666666666667,2,False,False,4,1.0
100000006532229100,terminal,0.5,9,0.477208,"Входящих переводов: 1, отправителей: 1, исходящих: 0; колено 3; гипотеза конечного получателя",1,0,105000.0,0,1,0,0.00030062627332962523,0.0,3,False,False,3,0.0
100000002774456100,terminal,0.5,11,0.477077,"Входящих переводов: 1, отправителей: 1, исходящих: 0; колено 1; гипотеза конечного получателя",1,0,50363.0,0,1,0,0.0002932157051476668,0.0,1,False,False,5,0.0
100000003760160100,terminal,0.5,5,0.476984,"Входящих переводов: 1, отправителей: 1, исходящих: 0; колено 3; гипотеза конечного получателя",1,0,104470.0,0,1,0,0.0002889545447096772,0.0,3,False,False,3,0.0
100000003923946100,peripheral,0.2,6,0.47665,"Отправителей: 1, получателей: 4; переводов вход/выход: 3/4; недостаточно признаков роли",1,4,282000.0,675000.0,3,4,0.0003892813228090773,2.393617021276596,1,False,False,2,0.425531914893617
100000005893892100,terminal,0.5,5,0.476535,"Входящих переводов: 1, отправителей: 1, исходящих: 0; колено 3; гипотеза конечного получателя",1,0,102780.0,0,1,0,0.00028889993215237814,0.0,3,False,False,3,0.0
100000002087788100,terminal,0.5,5,0.47575,"Входящих переводов: 1, отправителей: 1, исходящих: 0; колено 2; гипотеза конечного получателя",1,0,100500.0,0,1,0,0.0006577081753354895,0.0,2,False,False,3,0.0
100000002821425100,terminal,0.5,13,0.475517,"Входящих переводов: 1, отправителей: 1, исходящих: 0; колено 3; гипотеза конечного получателя",1,0,275000.0,0,1,0,0.00029865413719932723,0.0,3,False,False,2,0.0
100000005519347100,peripheral,0.2,4,0.475465,"Отправителей: 2, получателей: 1; переводов вход/выход: 2/1; недостаточно признаков роли; входящие seed неполны",2,1,73100.0,99000.0,2,1,0.0005561524663306233,1.3543091655266757,0,True,False,4,0.0
100000003899899100,peripheral,0.2,4,0.475281,"Отправителей: 2, получателей: 1; переводов вход/выход: 5/1; недостаточно признаков роли",2,1,218500.0,10000.0,5,1,0.0006534744589884447,0.04576659038901602,3,False,False,2,0.04576659038901602
100000001252290100,peripheral,0.2,5,0.474248,"Отправителей: 1, получателей: 1; переводов вход/выход: 1/1; недостаточно признаков роли",1,1,141005.0,5000.0,1,1,0.00029013517771613983,0.03545973547037339,3,False,False,3,0.0
100000002877262100,terminal,0.5,9,0.474236,"Входящих переводов: 1, отправителей: 1, исходящих: 0; колено 3; гипотеза конечного получателя",1,0,100000.0,0,1,0,0.0002999097166875078,0.0,3,False,False,3,0.0
100000003647799100,terminal,0.5,5,0.474236,"Входящих переводов: 1, отправителей: 1, исходящих: 0; колено 3; гипотеза конечного получателя",1,0,100000.0,0,1,0,0.00028881009611137734,0.0,3,False,False,3,0.0
100000001633685100,terminal,0.5,0,0.473854,"Входящих переводов: 3, отправителей: 3, исходящих: 0; колено 2; гипотеза конечного получателя",3,0,45000.0,0,3,0,0.0003061708954254125,0.0,2,False,False,3,0.0
100000008722541100,peripheral,0.0,5,0.47354,Граница 4-го колена: исходящие не наблюдаются; роль не определена,1,0,280000.0,0,4,0,0.0003835235161051601,0.0,4,False,True,3,0.0
100000004144536100,consolidator,0.7667,23,0.473411,Отправителей: 4; наблюдаемая доля перевода дальше 0.0%; признаки консолидации,4,0,168000.0,0,6,0,0.0009672235056951473,0.0,1,False,False,1,0.0
100000002696152100,peripheral,0.2,11,0.473257,"Отправителей: 1, получателей: 2; переводов вход/выход: 3/8; недостаточно признаков роли",1,2,21800.0,69000.0,3,8,0.0012037917315108912,3.165137614678899,3,False,False,2,0.5871559633027523
100000003739818100,terminal,0.5,2,0.473048,"Входящих переводов: 1, отправителей: 1, исходящих: 0; колено 1; гипотеза конечного получателя",1,0,57293.0,0,1,0,0.00029701963834910484,0.0,1,False,False,4,0.0
100000002306369100,peripheral,0.2,2,0.473002,"Отправителей: 1, получателей: 6; переводов вход/выход: 1/9; недостаточно признаков роли",1,6,73166.0,260900.0,1,9,0.00029927514827612385,3.5658639258672062,1,False,False,1,0.0
100000004904960100,terminal,0.5,0,0.472577,"Входящих переводов: 2, отправителей: 2, исходящих: 0; колено 2; гипотеза конечного получателя",2,0,32000.0,0,2,0,0.0007772506796721827,0.0,2,False,False,4,0.0
100000001056414100,terminal,0.5,13,0.47232,"Входящих переводов: 1, отправителей: 1, исходящих: 0; колено 3; гипотеза конечного получателя",1,0,250000.0,0,1,0,0.00029746545053076657,0.0,3,False,False,2,0.0
100000003834495100,peripheral,0.2,0,0.472296,"Отправителей: 3, получателей: 1; переводов вход/выход: 5/1; недостаточно признаков роли",3,1,602441.0,20000.0,5,1,0.0006203436140374811,0.0331982716979754,3,False,False,2,0.0331982716979754
100000004750321100,terminal,0.5,7,0.472139,"Входящих переводов: 2, отправителей: 2, исходящих: 0; колено 3; гипотеза конечного получателя",2,0,50185.0,0,2,0,0.0003124921873658774,0.0,3,False,False,3,0.0
100000008760098100,peripheral,0.2,17,0.471998,"Отправителей: 1, получателей: 1; переводов вход/выход: 1/1; недостаточно признаков роли",1,1,7000.0,390000.0,1,1,0.0002866462200185925,55.714285714285715,3,False,False,3,0.0
100000007982728100,distributor,0.6933,6,0.471657,"Получателей: 8, отправителей: 0; признаки веерного распределения; входящие seed неполны",0,8,0,1804384.0,0,12,0.00028557858384515975,,0,True,False,0,0.0
100000004358004100,distributor,0.7283,2,0.471613,"Получателей: 11, отправителей: 0; признаки веерного распределения; входящие seed неполны",0,11,0,980850.0,0,17,0.00028557858384515975,,0,True,False,0,0.0
100000008293431100,peripheral,0.2,0,0.471613,"Отправителей: 1, получателей: 5; переводов вход/выход: 1/7; недостаточно признаков роли",1,5,15000.0,297000.0,1,7,0.0002869058615397456,19.8,3,False,False,1,0.0
100000005974542100,terminal,0.5,21,0.47121,"Входящих переводов: 3, отправителей: 1, исходящих: 0; колено 3; гипотеза конечного получателя",1,0,94500.0,0,3,0,0.00048510712640474,0.0,3,False,False,2,0.0
100000006562026100,terminal,0.5,52,0.470593,"Входящих переводов: 6, отправителей: 2, исходящих: 0; колено 1; гипотеза конечного получателя",2,0,75000.0,0,6,0,0.0006849162352158623,0.0,1,False,False,2,0.0
100000002015633100,terminal,0.5,5,0.470479,"Входящих переводов: 1, отправителей: 1, исходящих: 0; колено 3; гипотеза конечного получателя",1,0,94970.0,0,1,0,0.00028864755104438656,0.0,3,False,False,3,0.0
100000001554432100,terminal,0.5,2,0.47002,"Входящих переводов: 1, отправителей: 1, исходящих: 0; колено 1; гипотеза конечного получателя",1,0,53920.0,0,1,0,0.00029634607130179006,0.0,1,False,False,4,0.0
100000003057225100,terminal,0.5,4,0.469404,"Входящих переводов: 1, отправителей: 1, исходящих: 0; колено 1; гипотеза конечного получателя",1,0,236000.0,0,1,0,0.00031092273159053917,0.0,1,False,False,2,0.0
100000003037660100,terminal,0.5,2,0.46873,"Входящих переводов: 1, отправителей: 1, исходящих: 0; колено 1; гипотеза конечного получателя",1,0,53000.0,0,1,0,0.00029616235304399886,0.0,1,False,False,4,0.0
100000003131016100,peripheral,0.2,3,0.468328,"Отправителей: 1, получателей: 1; переводов вход/выход: 7/4; недостаточно признаков роли",1,1,405700.0,126000.0,7,4,0.0017290716151928712,0.31057431599704216,2,False,False,2,0.036973132856790734
100000003178549100,peripheral,0.2,16,0.46729,"Отправителей: 2, получателей: 4; переводов вход/выход: 2/4; недостаточно признаков роли",2,4,250000.0,89080.0,2,4,0.00035203923573511714,0.35632,3,False,False,1,0.0
100000000534581100,peripheral,0.2,3,0.467159,"Отправителей: 2, получателей: 1; переводов вход/выход: 2/1; недостаточно признаков роли",2,1,55960.0,40000.0,2,1,0.0002984318969983857,0.7147962830593281,3,False,False,3,0.0
100000008634520100,terminal,0.5,9,0.467058,"Входящих переводов: 1, отправителей: 1, исходящих: 0; колено 3; гипотеза конечного получателя",1,0,90000.0,0,1,0,0.00029847660340327303,0.0,3,False,False,3,0.0
100000002126791100,peripheral,0.0,8,0.466937,Граница 4-го колена: исходящие не наблюдаются; роль не определена,1,0,1313000.0,0,3,0,0.0005714182859594161,0.0,4,False,True,2,0.0
100000002710570100,terminal,0.5,30,0.466713,"Входящих переводов: 1, отправителей: 1, исходящих: 0; колено 2; гипотеза конечного получателя",1,0,225015.0,0,1,0,0.0005386529704145737,0.0,2,False,False,2,0.0
100000008728457100,terminal,0.5,11,0.466702,"Входящих переводов: 1, отправителей: 1, исходящих: 0; колено 1; гипотеза конечного получателя",1,0,45000.0,0,1,0,0.0002924024517365248,0.0,1,False,False,5,0.0
100000000838385100,peripheral,0.2,27,0.466667,"Отправителей: 1, получателей: 2; переводов вход/выход: 8/6; недостаточно признаков роли",1,2,436900.0,177500.0,8,6,0.0019383208323697952,0.40627145799954223,3,False,False,1,0.16365300984206912
100000003321895100,peripheral,0.2,50,0.46663,"Отправителей: 1, получателей: 2; переводов вход/выход: 1/3; недостаточно признаков роли",1,2,24000.0,553830.0,1,3,0.0003112162588804796,23.07625,3,False,False,1,0.0
100000005602999100,peripheral,0.2,11,0.465671,"Отправителей: 1, получателей: 2; переводов вход/выход: 1/3; недостаточно признаков роли",1,2,5000.0,16000.0,1,3,0.00030476688957121193,3.2,2,False,False,4,1.0
100000008352542100,terminal,0.5,2,0.465534,"Входящих переводов: 1, отправителей: 1, исходящих: 0; колено 2; гипотеза конечного получателя",1,0,50220.0,0,1,0,0.0003314202514517213,0.0,2,False,False,4,0.0
100000003557488100,peripheral,0.2,30,0.465209,"Отправителей: 1, получателей: 2; переводов вход/выход: 3/4; недостаточно признаков роли",1,2,664992.0,138000.0,3,4,0.0005798920233159781,0.20752129348924497,3,False,False,1,0.0
100000005756189100,peripheral,0.2,5,0.464939,"Отправителей: 1, получателей: 1; переводов вход/выход: 1/1; недостаточно признаков роли",1,1,65000.0,49050.0,1,1,0.0002876790668182012,0.7546153846153846,3,False,False,3,0.0
100000005367284100,peripheral,0.2,0,0.464573,"Отправителей: 1, получателей: 2; переводов вход/выход: 1/5; недостаточно признаков роли",1,2,13700.0,48300.0,1,5,0.0002891424638730788,3.5255474452554743,3,False,False,2,0.0
100000002537811100,peripheral,0.2,11,0.464031,"Отправителей: 1, получателей: 1; переводов вход/выход: 1/1; недостаточно признаков роли",1,1,52000.0,15000.0,1,1,0.0012258077176236885,0.28846153846153844,3,False,False,4,0.0
100000002653948100,terminal,0.5,5,0.463973,"Входящих переводов: 1, отправителей: 1, исходящих: 0; колено 3; гипотеза конечного получателя",1,0,85200.0,0,1,0,0.0002883318322959771,0.0,3,False,False,3,0.0
100000001194266100,terminal,0.5,2,0.463627,"Входящих переводов: 1, отправителей: 1, исходящих: 0; колено 1; гипотеза конечного получателя",1,0,50000.0,0,1,0,0.00029556327176859286,0.0,1,False,False,4,0.0
100000003476560100,terminal,0.5,2,0.463627,"Входящих переводов: 1, отправителей: 1, исходящих: 0; колено 1; гипотеза конечного получателя",1,0,50000.0,0,1,0,0.00029556327176859286,0.0,1,False,False,4,0.0
100000006248077100,terminal,0.5,4,0.463627,"Входящих переводов: 1, отправителей: 1, исходящих: 0; колено 2; гипотеза конечного получателя",1,0,50000.0,0,1,0,0.00029384832829126747,0.0,2,False,False,4,0.0
100000002947299100,terminal,0.5,2,0.463581,"Входящих переводов: 1, отправителей: 1, исходящих: 0; колено 2; гипотеза конечного получателя",1,0,85000.0,0,1,0,0.0003374044799216968,0.0,2,False,False,3,0.0
100000008737514100,terminal,0.5,15,0.463581,"Входящих переводов: 1, отправителей: 1, исходящих: 0; колено 2; гипотеза конечного получателя",1,0,85000.0,0,1,0,0.00031255743921705274,0.0,2,False,False,3,0.0
100000004670388100,peripheral,0.2,47,0.462875,"Отправителей: 1, получателей: 2; переводов вход/выход: 1/4; недостаточно признаков роли",1,2,160354.0,720000.0,1,4,0.0005134370132776161,4.490065729573319,3,False,False,1,0.0
100000000629812100,terminal,0.5,54,0.462467,"Входящих переводов: 2, отправителей: 2, исходящих: 0; колено 2; гипотеза конечного получателя",2,0,22000.0,0,2,0,0.00029796999038823977,0.0,2,False,False,6,0.0
100000001960517100,terminal,0.5,6,0.462282,"Входящих переводов: 1, отправителей: 1, исходящих: 0; колено 1; гипотеза конечного получателя",1,0,200000.0,0,1,0,0.000359126625663541,0.0,1,False,False,2,0.0
100000002964966100,terminal,0.5,2,0.462282,"Входящих переводов: 1, отправителей: 1, исходящих: 0; колено 2; гипотеза конечного получателя",1,0,200000.0,0,1,0,0.000395279629283957,0.0,2,False,False,2,0.0
100000006852430100,terminal,0.5,11,0.462015,"Входящих переводов: 1, отправителей: 1, исходящих: 0; колено 2; гипотеза конечного получателя",1,0,37000.0,0,1,0,0.0005359138809311356,0.0,2,False,False,8,0.0
100000000267734100,peripheral,0.2,6,0.461974,"Отправителей: 2, получателей: 7; переводов вход/выход: 4/8; недостаточно признаков роли",2,7,180000.0,282000.0,4,8,0.0005367982026539322,1.5666666666666667,1,False,False,1,0.2222222222222222
100000003888197100,terminal,0.5,5,0.461955,"Входящих переводов: 1, отправителей: 1, исходящих: 0; колено 3; гипотеза конечного получателя",1,0,83167.0,0,1,0,0.00028826613565160493,0.0,3,False,False,3,0.0
100000006492770100,peripheral,0.2,0,0.461733,"Отправителей: 1, получателей: 1; переводов вход/выход: 1/1; недостаточно признаков роли",1,1,269000.0,20000.0,1,1,0.0003007045386246952,0.07434944237918216,3,False,False,2,0.07434944237918216
100000002594214100,peripheral,0.0,37,0.461719,Граница 4-го колена: исходящие не наблюдаются; роль не определена,1,0,1000000.0,0,1,0,0.0003669672141466715,0.0,4,False,True,3,0.0
100000001541418100,terminal,0.5,8,0.461194,"Входящих переводов: 2, отправителей: 2, исходящих: 0; колено 2; гипотеза конечного получателя",2,0,96900.0,0,2,0,0.00030356018091707025,0.0,2,False,False,2,0.0
100000008174521100,terminal,0.5,4,0.460945,"Входящих переводов: 1, отправителей: 1, исходящих: 0; колено 2; гипотеза конечного получателя",1,0,82110.0,0,1,0,0.00044035438374842616,0.0,2,False,False,3,0.0
100000003292979100,terminal,0.5,2,0.460711,"Входящих переводов: 1, отправителей: 1, исходящих: 0; колено 2; гипотеза конечного получателя",1,0,48950.0,0,1,0,0.00033026097391567323,0.0,2,False,False,4,0.0
100000003971049100,terminal,0.5,0,0.460342,"Входящих переводов: 7, отправителей: 1, исходящих: 0; колено 2; гипотеза конечного получателя",1,0,55900.0,0,7,0,0.00029426237078282105,0.0,2,False,False,2,0.0
100000002432143100,terminal,0.5,2,0.460272,"Входящих переводов: 1, отправителей: 1, исходящих: 0; колено 2; гипотеза конечного получателя",1,0,81310.0,0,1,0,0.00033515462631555063,0.0,2,False,False,3,0.0
100000005668605100,peripheral,0.2,19,0.4597,"Отправителей: 3, получателей: 0; переводов вход/выход: 3/0; недостаточно признаков роли; входящие seed неполны",3,0,94500.0,0,3,0,0.0008372716600258292,0.0,0,True,False,7,0.0
100000003164661100,terminal,0.5,28,0.459607,"Входящих переводов: 3, отправителей: 1, исходящих: 0; колено 3; гипотеза конечного получателя",1,0,596200.0,0,3,0,0.0006000731275598381,0.0,3,False,False,1,0.0
100000004186824100,peripheral,0.2,4,0.458906,"Отправителей: 2, получателей: 1; переводов вход/выход: 7/1; недостаточно признаков роли",2,1,451700.0,7000.0,7,1,0.0003818168883684361,0.015497011290679655,1,False,False,2,0.0
100000008730021100,terminal,0.5,59,0.458704,"Входящих переводов: 3, отправителей: 1, исходящих: 0; колено 1; гипотеза конечного получателя",1,0,75555.0,0,3,0,0.0004678207459547783,0.0,1,False,False,2,0.0
100000003964910100,terminal,0.5,16,0.458676,"Входящих переводов: 2, отправителей: 2, исходящих: 0; колено 3; гипотеза конечного получателя",2,0,1000000.0,0,2,0,0.000508954238791293,0.0,3,False,False,1,0.0
100000008223661100,peripheral,0.2,9,0.458256,"Отправителей: 2, получателей: 5; переводов вход/выход: 2/5; недостаточно признаков роли",2,5,202000.0,262580.0,2,5,0.000314756692210654,1.29990099009901,3,False,False,2,0.07844554455445545
100000001835625100,terminal,0.5,5,0.457244,"Входящих переводов: 1, отправителей: 1, исходящих: 0; колено 3; гипотеза конечного получателя",1,0,75130.0,0,1,0,0.000288006419010769,0.0,3,False,False,3,0.0
100000006789108100,terminal,0.5,11,0.457225,"Входящих переводов: 1, отправителей: 1, исходящих: 0; колено 1; гипотеза конечного получателя",1,0,37500.0,0,1,0,0.0002912651404212973,0.0,1,False,False,5,0.0
100000005539201100,peripheral,0.2,4,0.457021,"Отправителей: 1, получателей: 1; переводов вход/выход: 1/1; недостаточно признаков роли",1,1,45504.0,25000.0,1,1,0.0002904652791799299,0.5494022503516175,1,False,False,2,0.0
100000002847207100,terminal,0.5,2,0.456785,"Входящих переводов: 1, отправителей: 1, исходящих: 0; колено 1; гипотеза конечного получателя",1,0,46243.0,0,1,0,0.0002948130223180261,0.0,1,False,False,4,0.0
100000003988112100,peripheral,0.2,19,0.455966,"Отправителей: 1, получателей: 1; переводов вход/выход: 2/5; недостаточно признаков роли",1,1,92000.0,64000.0,2,5,0.0005038587791356159,0.6956521739130435,2,False,False,3,0.3695652173913043
100000003917461100,peripheral,0.2,10,0.455093,"Отправителей: 1, получателей: 2; переводов вход/выход: 1/5; недостаточно признаков роли",1,2,10000.0,140000.0,1,5,0.0003988780115519106,14.0,3,False,False,2,0.0
100000000557536100,peripheral,0.0,34,0.454564,Граница 4-го колена: исходящие не наблюдаются; роль не определена,1,0,153000.0,0,7,0,0.0003007639497372858,0.0,4,False,True,3,0.0
100000003610172100,terminal,0.5,5,0.45416,"Входящих переводов: 1, отправителей: 1, исходящих: 0; колено 3; гипотеза конечного получателя",1,0,70000.0,0,1,0,0.00028784064243151205,0.0,3,False,False,3,0.0
100000004399686100,terminal,0.5,22,0.454134,"Входящих переводов: 2, отправителей: 1, исходящих: 0; колено 3; гипотеза конечного получателя",1,0,806000.0,0,2,0,0.0005695184000077902,0.0,3,False,False,1,0.0
100000001382002100,transit,0.7727,0,0.453222,Отдал/получил в выборке: 1.03; временно сопоставлено за 48 ч: 0%; признаки транзита,1,1,55000.0,56500.0,2,3,0.0006616320408811402,1.0272727272727273,2,False,False,1,0.0
100000000297649100,peripheral,0.2,10,0.453196,"Отправителей: 1, получателей: 1; переводов вход/выход: 1/2; недостаточно признаков роли",1,1,40000.0,70600.0,1,2,0.0008067492910979672,1.765,2,False,False,4,0.0
100000002991079100,peripheral,0.2,4,0.452883,"Отправителей: 2, получателей: 1; переводов вход/выход: 3/1; недостаточно признаков роли",2,1,148900.0,11000.0,3,1,0.00039496325434174815,0.07387508394895903,1,False,False,2,0.0
100000004221668100,peripheral,0.2,26,0.452856,"Отправителей: 4, получателей: 3; переводов вход/выход: 8/10; недостаточно признаков роли",4,3,1128300.0,731440.0,8,10,0.003238367253989881,0.6482673047948241,2,False,False,1,0.03545156430027475
100000005584222100,peripheral,0.2,0,0.452566,"Отправителей: 2, получателей: 2; переводов вход/выход: 6/3; недостаточно признаков роли",2,2,192717.0,108587.0,6,3,0.0008734654979462632,0.5634531463233653,1,False,False,1,0.207558233056762
100000004368189100,peripheral,0.2,13,0.451579,"Отправителей: 1, получателей: 2; переводов вход/выход: 1/2; недостаточно признаков роли",1,2,384600.0,28200.0,1,2,0.00030386533955429723,0.07332293291731669,3,False,False,2,0.056422256890275614
100000001346560100,peripheral,0.2,3,0.451517,"Отправителей: 2, получателей: 1; переводов вход/выход: 2/1; недостаточно признаков роли",2,1,10000.0,22200.0,2,1,0.0005861410440040355,2.22,2,False,False,8,0.5
100000002559089100,terminal,0.5,13,0.451442,"Входящих переводов: 2, отправителей: 2, исходящих: 0; колено 3; гипотеза конечного получателя",2,0,715000.0,0,2,0,0.00039228955380525755,0.0,3,False,False,1,0.0
100000003037476100,peripheral,0.0,8,0.450281,Граница 4-го колена: исходящие не наблюдаются; роль не определена,3,0,555000.0,0,3,0,0.00035926358071638326,0.0,4,False,True,2,0.0
100000008088082100,peripheral,0.2,12,0.450022,"Отправителей: 1, получателей: 1; переводов вход/выход: 1/1; недостаточно признаков роли",1,1,39138.0,50000.0,1,1,0.00030003668726939997,1.2775307884920026,3,False,False,3,0.0
100000008237827100,terminal,0.5,2,0.449719,"Входящих переводов: 1, отправителей: 1, исходящих: 0; колено 1; гипотеза конечного получателя",1,0,40001.0,0,1,0,0.0002935665338776647,0.0,1,False,False,4,0.0
100000001386612100,terminal,0.5,19,0.449617,"Входящих переводов: 1, отправителей: 1, исходящих: 0; колено 2; гипотеза конечного получателя",1,0,62264.0,0,1,0,0.00043330682384043104,0.0,2,False,False,3,0.0
100000005034574100,terminal,0.5,63,0.449288,"Входящих переводов: 16, отправителей: 1, исходящих: 0; колено 1; гипотеза конечного получателя",1,0,258816.0,0,16,0,0.0004249380246841034,0.0,1,False,False,1,0.0
100000003003821100,terminal,0.5,2,0.449047,"Входящих переводов: 1, отправителей: 1, исходящих: 0; колено 2; гипотеза конечного получателя",1,0,40000.0,0,1,0,0.0004376832064800131,0.0,2,False,False,4,0.0
100000003877908100,terminal,0.5,2,0.449047,"Входящих переводов: 1, отправителей: 1, исходящих: 0; колено 1; гипотеза конечного получателя",1,0,40000.0,0,1,0,0.00029356633418390623,0.0,1,False,False,4,0.0
100000004509286100,terminal,0.5,2,0.449047,"Входящих переводов: 1, отправителей: 1, исходящих: 0; колено 1; гипотеза конечного получателя",1,0,40000.0,0,1,0,0.00029356633418390623,0.0,1,False,False,4,0.0
100000006994985100,peripheral,0.2,6,0.448126,"Отправителей: 1, получателей: 1; переводов вход/выход: 2/2; недостаточно признаков роли",1,1,48500.0,10200.0,2,2,0.0005010273881420053,0.21030927835051547,2,False,False,3,0.21030927835051547
100000001329153100,terminal,0.5,0,0.447982,"Входящих переводов: 1, отправителей: 1, исходящих: 0; колено 3; гипотеза конечного получателя",1,0,150687.0,0,1,0,0.00029405176134651234,0.0,3,False,False,2,0.0
100000005616568100,peripheral,0.0,5,0.44798,Граница 4-го колена: исходящие не наблюдаются; роль не определена,1,0,530000.0,0,1,0,0.0004317742892382382,0.0,4,False,True,3,0.0
100000008376785100,peripheral,0.0,5,0.447957,Граница 4-го колена: исходящие не наблюдаются; роль не определена,1,0,234250.0,0,2,0,0.0005315258981594567,0.0,4,False,True,3,0.0
100000000646541100,terminal,0.5,0,0.447867,"Входящих переводов: 4, отправителей: 3, исходящих: 0; колено 2; гипотеза конечного получателя",3,0,25300.0,0,4,0,0.00050557167764881,0.0,2,False,False,3,0.0
100000003001564100,peripheral,0.2,4,0.447489,"Отправителей: 1, получателей: 1; переводов вход/выход: 1/1; недостаточно признаков роли",1,1,23520.0,180000.0,1,1,0.0002881044073831738,7.653061224489796,1,False,False,2,0.0
100000008516839100,peripheral,0.2,19,0.447239,"Отправителей: 3, получателей: 0; переводов вход/выход: 4/0; недостаточно признаков роли; входящие seed неполны",3,0,155000.0,0,4,0,0.0010684379567506405,0.0,0,True,False,3,0.0
100000003270419100,terminal,0.5,12,0.447085,"Входящих переводов: 1, отправителей: 1, исходящих: 0; колено 3; гипотеза конечного получателя",1,0,150000.0,0,1,0,0.0008313747940506926,0.0,3,False,False,2,0.0
100000008775471100,terminal,0.5,17,0.446956,"Входящих переводов: 2, отправителей: 1, исходящих: 0; колено 3; гипотеза конечного получателя",1,0,580000.0,0,2,0,0.0003582994681689396,0.0,3,False,False,1,0.0
100000006756956100,peripheral,0.0,0,0.446858,Граница 4-го колена: исходящие не наблюдаются; роль не определена,1,0,121200.0,0,9,0,0.000310911645344367,0.0,4,False,True,3,0.0
100000007274584100,terminal,0.5,2,0.446579,"Входящих переводов: 1, отправителей: 1, исходящих: 0; колено 1; гипотеза конечного получателя",1,0,38000.0,0,1,0,0.0002931669466669689,0.0,1,False,False,4,0.0
100000000254336100,peripheral,0.2,0,0.446457,"Отправителей: 2, получателей: 1; переводов вход/выход: 2/1; недостаточно признаков роли",2,1,97177.0,60000.0,2,1,0.0002919327566379626,0.6174300503205491,3,False,False,2,0.6174300503205491
100000008647905100,peripheral,0.2,18,0.445792,"Отправителей: 1, получателей: 2; переводов вход/выход: 1/2; недостаточно признаков роли",1,2,50000.0,344222.0,1,2,0.0003286687960340136,6.88444,2,False,False,1,1.0
100000008221543100,terminal,0.5,16,0.445497,"Входящих переводов: 2, отправителей: 2, исходящих: 0; колено 1; гипотеза конечного получателя",2,0,542000.0,0,2,0,0.00037132796888289955,0.0,1,False,False,1,0.0
100000005475379100,peripheral,0.2,11,0.445358,"Отправителей: 1, получателей: 3; переводов вход/выход: 1/3; недостаточно признаков роли",1,3,108370.0,81000.0,1,3,0.0004213881525526427,0.7474393282273692,3,False,False,1,0.0
100000002824176100,terminal,0.5,6,0.444617,"Входящих переводов: 1, отправителей: 1, исходящих: 0; колено 1; гипотеза конечного получателя",1,0,144000.0,0,1,0,0.00033853317395439426,0.0,1,False,False,2,0.0
100000006126743100,terminal,0.5,5,0.443897,"Входящих переводов: 1, отправителей: 1, исходящих: 0; колено 3; гипотеза конечного получателя",1,0,55000.0,0,1,0,0.00028735591559157943,0.0,3,False,False,3,0.0
100000008721637100,peripheral,0.2,6,0.443405,"Отправителей: 1, получателей: 2; переводов вход/выход: 1/2; недостаточно признаков роли",1,2,24041.0,127000.0,1,2,0.00029045773433018736,5.282642152988644,3,False,False,1,0.0
100000002807334100,terminal,0.5,5,0.443336,"Входящих переводов: 1, отправителей: 1, исходящих: 0; колено 3; гипотеза конечного получателя",1,0,54715.0,0,1,0,0.0002873467057816207,0.0,3,False,False,3,0.0
100000001686328100,terminal,0.5,8,0.443272,"Входящих переводов: 1, отправителей: 1, исходящих: 0; колено 3; гипотеза конечного получателя",1,0,140000.0,0,1,0,0.00031502614558533767,0.0,3,False,False,2,0.0
100000007793871100,terminal,0.5,7,0.442618,"Входящих переводов: 3, отправителей: 1, исходящих: 0; колено 3; гипотеза конечного получателя",1,0,26000.0,0,3,0,0.000686481951165183,0.0,3,False,False,3,0.0
100000002492277100,terminal,0.5,2,0.442599,"Входящих переводов: 1, отправителей: 1, исходящих: 0; колено 2; гипотеза конечного получателя",1,0,138500.0,0,1,0,0.00030738344966584497,0.0,2,False,False,2,0.0
100000003832231100,terminal,0.5,2,0.442261,"Входящих переводов: 1, отправителей: 1, исходящих: 0; колено 1; гипотеза конечного получателя",1,0,35000.0,0,1,0,0.0002925678653915629,0.0,1,False,False,4,0.0
100000004659919100,peripheral,0.2,48,0.441971,"Отправителей: 1, получателей: 1; переводов вход/выход: 2/1; недостаточно признаков роли",1,1,110000.0,39000.0,2,1,0.0007241309531448695,0.35454545454545455,3,False,False,2,0.0
100000006664478100,transit,0.7091,26,0.44196,Отдал/получил в выборке: 1.09; временно сопоставлено за 48 ч: 0%; признаки транзита,1,2,55000.0,60000.0,3,2,0.0006163432707504157,1.0909090909090908,3,False,False,1,0.0
100000004217419100,peripheral,0.2,3,0.441836,"Отправителей: 2, получателей: 1; переводов вход/выход: 3/1; недостаточно признаков роли",2,1,118200.0,7700.0,3,1,0.0005836941479740669,0.06514382402707276,3,False,False,2,0.05922165820642978
100000002255058100,terminal,0.5,2,0.441684,"Входящих переводов: 2, отправителей: 1, исходящих: 0; колено 3; гипотеза конечного получателя",1,0,491500.0,0,2,0,0.00042591041504607926,0.0,3,False,False,1,0.0
100000005815602100,peripheral,0.2,4,0.441489,"Отправителей: 1, получателей: 1; переводов вход/выход: 1/1; недостаточно признаков роли",1,1,20000.0,165000.0,1,1,0.0005518426103944508,8.25,3,False,False,2,0.0
100000003034546100,terminal,0.5,8,0.441011,"Входящих переводов: 2, отправителей: 1, исходящих: 0; колено 2; гипотеза конечного получателя",1,0,486715.0,0,2,0,0.00033131918074891253,0.0,2,False,False,1,0.0
100000007841978100,peripheral,0.0,5,0.440353,Граница 4-го колена: исходящие не наблюдаются; роль не определена,1,0,449000.0,0,1,0,0.0005060231790895405,0.0,4,False,True,3,0.0
100000003235780100,terminal,0.5,0,0.440333,"Входящих переводов: 2, отправителей: 2, исходящих: 0; колено 1; гипотеза конечного получателя",2,0,65000.0,0,2,0,0.0002911980768943168,0.0,1,False,False,2,0.0
100000000288317100,peripheral,0.2,0,0.43975,"Отправителей: 2, получателей: 3; переводов вход/выход: 2/3; недостаточно признаков роли",2,3,100000.0,53500.0,2,3,0.0003127924110923323,0.535,3,False,False,1,0.0
100000005849100100,terminal,0.5,2,0.439681,"Входящих переводов: 1, отправителей: 1, исходящих: 0; колено 2; гипотеза конечного получателя",1,0,33300.0,0,1,0,0.0004904323784804862,0.0,2,False,False,4,0.0
100000000723383100,peripheral,0.2,20,0.439676,"Отправителей: 1, получателей: 2; переводов вход/выход: 1/2; недостаточно признаков роли",1,2,6800.0,75000.0,1,2,0.00038889529830437425,11.029411764705882,2,False,False,1,0.0
100000008306857100,terminal,0.5,13,0.439626,"Входящих переводов: 1, отправителей: 1, исходящих: 0; колено 3; гипотеза конечного получателя",1,0,125000.0,0,1,0,0.00029152201718796313,0.0,3,False,False,2,0.0
100000007865484100,peripheral,0.0,38,0.439593,Граница 4-го колена: исходящие не наблюдаются; роль не определена,1,0,584600.0,0,2,0,0.00036610388176910776,0.0,4,False,True,2,0.0
100000002757240100,terminal,0.5,2,0.439186,"Входящих переводов: 1, отправителей: 1, исходящих: 0; колено 2; гипотеза конечного получателя",1,0,51183.0,0,1,0,0.00031678569959675264,0.0,2,False,False,3,0.0
100000002990675100,terminal,0.5,5,0.439074,"Входящих переводов: 1, отправителей: 1, исходящих: 0; колено 3; гипотеза конечного получателя",1,0,51143.0,0,1,0,0.0002872312761634714,0.0,3,False,False,3,0.0
100000003798151100,terminal,0.5,4,0.438913,"Входящих переводов: 3, отправителей: 1, исходящих: 0; колено 2; гипотеза конечного получателя",1,0,350000.0,0,3,0,0.0005750037661656367,0.0,2,False,False,1,0.0
100000004539443100,terminal,0.5,2,0.438426,"Входящих переводов: 2, отправителей: 2, исходящих: 0; колено 3; гипотеза конечного получателя",2,0,61990.0,0,2,0,0.0009549776566116011,0.0,3,False,False,2,0.0
100000002567887100,terminal,0.5,5,0.438401,"Входящих переводов: 1, отправителей: 1, исходящих: 0; колено 3; гипотеза конечного получателя",1,0,50915.0,0,1,0,0.00028722390831550443,0.0,3,False,False,3,0.0
100000005493505100,peripheral,0.2,12,0.438095,"Отправителей: 3, получателей: 0; переводов вход/выход: 3/0; недостаточно признаков роли; входящие seed неполны",3,0,62020.0,0,3,0,0.000616995831568313,0.0,0,True,False,6,0.0
100000005661829100,transit,0.8006,18,0.437998,Отдал/получил в выборке: 1.07; временно сопоставлено за 48 ч: 46%; признаки транзита,1,2,37790.0,40362.0,1,4,0.00029203020429331196,1.0680603334215402,3,False,False,1,0.4575284466790156
100000001934935100,terminal,0.5,0,0.437888,"Входящих переводов: 1, отправителей: 1, исходящих: 0; колено 3; гипотеза конечного получателя",1,0,118935.0,0,1,0,0.00029226633637937554,0.0,3,False,False,2,0.0
100000002890167100,terminal,0.5,4,0.437664,"Входящих переводов: 1, отправителей: 1, исходящих: 0; колено 1; гипотеза конечного получателя",1,0,118150.0,0,1,0,0.0002982667662863317,0.0,1,False,False,2,0.0
100000008168850100,peripheral,0.0,5,0.437639,Граница 4-го колена: исходящие не наблюдаются; роль не определена,1,0,187910.0,0,2,0,0.0005327924410670041,0.0,4,False,True,3,0.0
100000004451012100,peripheral,0.2,18,0.437395,"Отправителей: 1, получателей: 3; переводов вход/выход: 1/3; недостаточно признаков роли",1,3,91245.0,65740.0,1,3,0.00030115619982271064,0.7204778344018851,3,False,False,1,0.0
100000003031890100,terminal,0.5,23,0.436659,"Входящих переводов: 10, отправителей: 1, исходящих: 0; колено 2; гипотеза конечного получателя",1,0,215000.0,0,10,0,0.0003919038696548532,0.0,2,False,False,1,0.0
100000008669310100,terminal,0.5,0,0.436183,"Входящих переводов: 2, отправителей: 1, исходящих: 0; колено 3; гипотеза конечного получателя",1,0,59567.0,0,2,0,0.0002889280550286266,0.0,3,False,False,2,0.0
100000003293377100,terminal,0.5,5,0.436046,"Входящих переводов: 1, отправителей: 1, исходящих: 0; колено 3; гипотеза конечного получателя",1,0,50000.0,0,1,0,0.0002871943399782685,0.0,3,False,False,3,0.0
100000002633108100,terminal,0.5,14,0.435829,"Входящих переводов: 3, отправителей: 1, исходящих: 0; колено 3; гипотеза конечного получателя",1,0,320000.0,0,3,0,0.0003762067278126149,0.0,3,False,False,1,0.0
100000000764836100,peripheral,0.2,3,0.43581,"Отправителей: 1, получателей: 2; переводов вход/выход: 1/2; недостаточно признаков роли",1,2,251716.0,50000.0,1,2,0.000336664655285167,0.1986365586613485,3,False,False,1,0.0
100000000942301100,terminal,0.5,0,0.435174,"Входящих переводов: 2, отправителей: 1, исходящих: 0; колено 3; гипотеза конечного получателя",1,0,57580.0,0,2,0,0.00030055728545155217,0.0,3,False,False,2,0.0
100000005317181100,peripheral,0.2,0,0.434142,"Отправителей: 1, получателей: 1; переводов вход/выход: 1/1; недостаточно признаков роли",1,1,141250.0,14500.0,1,1,0.0003223229673446896,0.10265486725663717,3,False,False,2,0.0
100000001578517100,terminal,0.5,4,0.433344,"Входящих переводов: 1, отправителей: 1, исходящих: 0; колено 2; гипотеза конечного получателя",1,0,30000.0,0,1,0,0.0002905404305128244,0.0,2,False,False,4,0.0
100000002173070100,terminal,0.5,4,0.433344,"Входящих переводов: 1, отправителей: 1, исходящих: 0; колено 2; гипотеза конечного получателя",1,0,30000.0,0,1,0,0.0002905404305128244,0.0,2,False,False,4,0.0
100000001073568100,peripheral,0.2,14,0.433295,"Отправителей: 1, получателей: 2; переводов вход/выход: 4/3; недостаточно признаков роли",1,2,707465.0,219503.0,4,3,0.0004859418334449586,0.31026693900051594,3,False,False,1,0.0
100000003795588100,terminal,0.5,0,0.43316,"Входящих переводов: 2, отправителей: 1, исходящих: 0; колено 3; гипотеза конечного получателя",1,0,400000.0,0,2,0,0.00032097265570078223,0.0,3,False,False,1,0.0
100000004652395100,peripheral,0.0,0,0.43221,Граница 4-го колена: исходящие не наблюдаются; роль не определена,3,0,101528.0,0,5,0,0.00033564776863149787,0.0,4,False,True,3,0.0
100000000291908100,peripheral,0.2,47,0.432167,"Отправителей: 1, получателей: 1; переводов вход/выход: 5/1; недостаточно признаков роли",1,1,295500.0,13300.0,5,1,0.0007054755985581751,0.045008460236886635,3,False,False,1,0.0
100000003112578100,terminal,0.5,13,0.431158,"Входящих переводов: 1, отправителей: 1, исходящих: 0; колено 3; гипотеза конечного получателя",1,0,101080.0,0,1,0,0.0002903846817834843,0.0,3,False,False,2,0.0
100000003072205100,peripheral,0.0,8,0.431134,Граница 4-го колена: исходящие не наблюдаются; роль не определена,2,0,163000.0,0,2,0,0.000318948244543689,0.0,4,False,True,3,0.0
100000000878006100,terminal,0.5,5,0.430775,"Входящих переводов: 1, отправителей: 1, исходящих: 0; колено 3; гипотеза конечного получателя",1,0,47003.0,0,1,0,0.00028709749155565,0.0,3,False,False,3,0.0
100000003215448100,peripheral,0.2,3,0.430627,"Отправителей: 1, получателей: 2; переводов вход/выход: 1/4; недостаточно признаков роли",1,2,91309.0,124000.0,1,4,0.00030410985757076966,1.3580260434349298,3,False,False,1,0.08761458344741482
100000007629121100,terminal,0.5,2,0.43054,"Входящих переводов: 1, отправителей: 1, исходящих: 0; колено 2; гипотеза конечного получателя",1,0,29000.0,0,1,0,0.00039585443525542844,0.0,2,False,False,4,0.0
100000004340038100,peripheral,0.2,12,0.430282,"Отправителей: 1, получателей: 1; переводов вход/выход: 1/1; недостаточно признаков роли",1,1,9978.0,49000.0,1,1,0.0002892645912028957,4.910803768290238,3,False,False,3,0.0
100000002600345100,terminal,0.5,4,0.429902,"Входящих переводов: 2, отправителей: 2, исходящих: 0; колено 1; гипотеза конечного получателя",2,0,52400.0,0,2,0,0.00029571432798855947,0.0,1,False,False,2,0.0
100000001601320100,transit,0.7379,6,0.429662,Отдал/получил в выборке: 1.06; временно сопоставлено за 48 ч: 0%; признаки транзита,2,1,43500.0,46200.0,2,1,0.0008107054756556343,1.0620689655172413,2,False,False,1,0.0
100000002593038100,terminal,0.5,10,0.429643,"Входящих переводов: 1, отправителей: 1, исходящих: 0; колено 2; гипотеза конечного получателя",1,0,28500.0,0,1,0,0.000656912712762785,0.0,2,False,False,4,0.0
100000003886323100,peripheral,0.2,4,0.429477,"Отправителей: 2, получателей: 1; переводов вход/выход: 6/1; недостаточно признаков роли",2,1,78168.0,7650.0,6,1,0.0019068625124312286,0.09786613447958244,1,False,False,2,0.0
100000000790311100,terminal,0.5,15,0.429317,"Входящих переводов: 1, отправителей: 1, исходящих: 0; колено 2; гипотеза конечного получателя",1,0,46300.0,0,1,0,0.0003002741250653791,0.0,2,False,False,3,0.0
100000008070101100,terminal,0.5,8,0.429308,"Входящих переводов: 1, отправителей: 1, исходящих: 0; колено 3; гипотеза конечного получателя",1,0,100000.0,0,1,0,0.0002926267633316819,0.0,3,False,False,2,0.0
100000008417029100,terminal,0.5,8,0.429308,"Входящих переводов: 1, отправителей: 1, исходящих: 0; колено 3; гипотеза конечного получателя",1,0,100000.0,0,1,0,0.00030661255651671536,0.0,3,False,False,2,0.0
100000002713074100,peripheral,0.2,16,0.428494,"Отправителей: 2, получателей: 1; переводов вход/выход: 2/2; недостаточно признаков роли",2,1,700000.0,430000.0,2,2,0.00043337589695491535,0.6142857142857143,3,False,False,1,0.0
100000001130176100,terminal,0.5,0,0.428004,"Входящих переводов: 2, отправителей: 1, исходящих: 0; колено 3; гипотеза конечного получателя",1,0,25000.0,0,2,0,0.0005576892483109756,0.0,3,False,False,3,0.0
100000007283257100,terminal,0.5,63,0.427878,"Входящих переводов: 7, отправителей: 1, исходящих: 0; колено 1; гипотеза конечного получателя",1,0,192000.0,0,7,0,0.00038896095835476186,0.0,1,False,False,1,0.0
100000008493007100,transit,0.95,1,0.427377,Отдал/получил в выборке: 1.00; временно сопоставлено за 48 ч: 100%; признаки транзита,1,1,26150.0,26150.0,1,1,0.00028965209689495685,1.0,3,False,False,1,1.0
100000008060273100,terminal,0.5,3,0.426887,"Входящих переводов: 2, отправителей: 1, исходящих: 0; колено 2; гипотеза конечного получателя",1,0,10000.0,0,2,0,0.0002989475177452418,0.0,2,False,False,8,0.0
100000008551752100,peripheral,0.0,38,0.426022,Граница 4-го колена: исходящие не наблюдаются; роль не определена,1,0,406000.0,0,2,0,0.00034150275585529126,0.0,4,False,True,2,0.0
100000001703168100,peripheral,0.2,2,0.425787,"Отправителей: 1, получателей: 1; переводов вход/выход: 1/1; недостаточно признаков роли",1,1,45000.0,90000.0,1,1,0.0002926631972887037,2.0,2,False,False,2,1.0
100000005175148100,peripheral,0.2,15,0.425536,"Отправителей: 2, получателей: 1; переводов вход/выход: 4/1; недостаточно признаков роли",2,1,79000.0,15000.0,4,1,0.00072075066008735,0.189873417721519,2,False,False,3,0.189873417721519
100000005142589100,terminal,0.5,0,0.425416,"Входящих переводов: 2, отправителей: 1, исходящих: 0; колено 2; гипотеза конечного получателя",1,0,50000.0,0,2,0,0.0003103486284149878,0.0,2,False,False,2,0.0
100000004360785100,terminal,0.5,4,0.425326,"Входящих переводов: 1, отправителей: 1, исходящих: 0; колено 1; гипотеза конечного получателя",1,0,94705.0,0,1,0,0.00029574899703255876,0.0,1,False,False,2,0.0
100000002032323100,peripheral,0.2,9,0.424591,"Отправителей: 1, получателей: 1; переводов вход/выход: 1/2; недостаточно признаков роли",1,1,300000.0,1050000.0,1,2,0.00040389634479942994,3.5,3,False,False,1,0.0
100000008599354100,peripheral,0.2,0,0.424324,"Отправителей: 1, получателей: 1; переводов вход/выход: 1/2; недостаточно признаков роли",1,1,177000.0,38200.0,1,2,0.00033162287325696,0.21581920903954802,3,False,False,2,0.0
100000006638021100,peripheral,0.0,45,0.424115,Граница 4-го колена: исходящие не наблюдаются; роль не определена,2,0,388500.0,0,2,0,0.0005441916608450618,0.0,4,False,True,2,0.0
100000005022552100,peripheral,0.2,4,0.42407,"Отправителей: 1, получателей: 1; переводов вход/выход: 3/1; недостаточно признаков роли",1,1,241000.0,5000.0,3,1,0.00035767641342110466,0.02074688796680498,3,False,False,2,0.0
100000003831201100,terminal,0.5,0,0.423879,"Входящих переводов: 3, отправителей: 1, исходящих: 0; колено 2; гипотеза конечного получателя",1,0,40500.0,0,3,0,0.0005340448006823483,0.0,2,False,False,2,0.0
100000001083990100,terminal,0.5,10,0.423846,"Входящих переводов: 2, отправителей: 1, исходящих: 0; колено 2; гипотеза конечного получателя",1,0,49900.0,0,2,0,0.0005018550794479748,0.0,2,False,False,2,0.0
100000007797290100,peripheral,0.2,0,0.422198,"Отправителей: 1, получателей: 1; переводов вход/выход: 1/1; недостаточно признаков роли",1,1,100000.0,20000.0,1,1,0.00030111308641700467,0.2,2,False,False,2,0.0
100000000933075100,peripheral,0.2,10,0.421614,"Отправителей: 1, получателей: 2; переводов вход/выход: 1/2; недостаточно признаков роли",1,2,40000.0,55000.0,1,2,0.0008062663788918599,1.375,3,False,False,2,0.0
100000008664469100,terminal,0.5,2,0.421287,"Входящих переводов: 1, отправителей: 1, исходящих: 0; колено 1; гипотеза конечного получателя",1,0,25000.0,0,1,0,0.00029057092780687634,0.0,1,False,False,4,0.0
100000001232297100,peripheral,0.2,12,0.421222,"Отправителей: 1, получателей: 2; переводов вход/выход: 1/2; недостаточно признаков роли",1,2,5000.0,45000.0,1,2,0.0002921404570995683,9.0,2,False,False,5,0.0
100000008422226100,terminal,0.5,0,0.420279,"Входящих переводов: 1, отправителей: 1, исходящих: 0; колено 3; гипотеза конечного получателя",1,0,87450.0,0,1,0,0.0002904959249063879,0.0,3,False,False,2,0.0
100000005939154100,terminal,0.5,4,0.419929,"Входящих переводов: 2, отправителей: 1, исходящих: 0; колено 2; гипотеза конечного получателя",1,0,22000.0,0,2,0,0.0002936960520177226,0.0,2,False,False,3,0.0
100000006165886100,peripheral,0.2,0,0.41983,"Отправителей: 2, получателей: 1; переводов вход/выход: 2/1; недостаточно признаков роли",2,1,184481.0,75000.0,2,1,0.0002985457512889891,0.4065459315593476,3,False,False,2,0.0
100000005314565100,terminal,0.5,0,0.419678,"Входящих переводов: 3, отправителей: 1, исходящих: 0; колено 3; гипотеза конечного получателя",1,0,218500.0,0,3,0,0.0003748550852975352,0.0,3,False,False,1,0.0
100000005268319100,peripheral,0.2,0,0.419481,"Отправителей: 1, получателей: 5; переводов вход/выход: 2/10; недостаточно признаков роли",1,5,19712.8,91000.0,2,10,0.0002936329994874041,4.6162899232985675,3,False,False,1,0.4565561462602979
100000003199390100,peripheral,0.0,5,0.418706,Граница 4-го колена: исходящие не наблюдаются; роль не определена,1,0,260000.0,0,1,0,0.00037652744951516005,0.0,4,False,True,3,0.0
100000006122699100,terminal,0.5,4,0.418126,"Входящих переводов: 2, отправителей: 2, исходящих: 0; колено 2; гипотеза конечного получателя",2,0,45865.0,0,2,0,0.0004045387713019324,0.0,2,False,False,2,0.0
100000004591973100,peripheral,0.2,10,0.417992,"Отправителей: 1, получателей: 1; переводов вход/выход: 1/1; недостаточно признаков роли",1,1,10000.0,100000.0,1,1,0.0003988780115519106,10.0,3,False,False,2,0.0
100000004475818100,peripheral,0.2,5,0.417686,"Отправителей: 1, получателей: 3; переводов вход/выход: 1/3; недостаточно признаков роли",1,3,13000.0,53989.0,1,3,0.0003097787925975421,4.153,3,False,False,1,1.0
100000001690558100,terminal,0.5,18,0.417592,"Входящих переводов: 1, отправителей: 1, исходящих: 0; колено 3; гипотеза конечного получателя",1,0,740000.0,0,1,0,0.00041191357012810843,0.0,3,False,False,1,0.0
100000005852946100,terminal,0.5,2,0.41753,"Входящих переводов: 1, отправителей: 1, исходящих: 0; колено 1; гипотеза конечного получателя",1,0,23746.0,0,1,0,0.00029032051183375664,0.0,1,False,False,4,0.0
100000003781406100,terminal,0.5,10,0.41706,"Входящих переводов: 2, отправителей: 1, исходящих: 0; колено 3; гипотеза конечного получателя",1,0,45000.0,0,2,0,0.000722011133642427,0.0,3,False,False,2,0.0
100000002119762100,peripheral,0.0,5,0.416923,Граница 4-го колена: исходящие не наблюдаются; роль не определена,1,0,77000.0,0,6,0,0.0005292543063473948,0.0,4,False,True,3,0.0
100000000922570100,transit,0.7385,10,0.416818,Отдал/получил в выборке: 1.06; временно сопоставлено за 48 ч: 0%; признаки транзита,1,1,47101.0,50000.0,1,1,0.00029338638321930826,1.0615485870788306,1,False,False,1,0.0
100000008432942100,terminal,0.5,0,0.415883,"Входящих переводов: 2, отправителей: 1, исходящих: 0; колено 3; гипотеза конечного получателя",1,0,44542.0,0,2,0,0.0002880831945432641,0.0,3,False,False,2,0.0
100000008665380100,peripheral,0.2,0,0.415838,"Отправителей: 2, получателей: 1; переводов вход/выход: 2/1; недостаточно признаков роли",2,1,69100.0,18200.0,2,1,0.00029077378033203036,0.2633863965267728,1,False,False,2,0.2633863965267728
100000000806727100,peripheral,0.2,3,0.415043,"Отправителей: 1, получателей: 1; переводов вход/выход: 1/1; недостаточно признаков роли",1,1,45000.0,5000.0,1,1,0.0003457387863955289,0.1111111111111111,2,False,False,8,0.0
100000004331458100,terminal,0.5,46,0.414205,"Входящих переводов: 2, отправителей: 2, исходящих: 0; колено 2; гипотеза конечного получателя",2,0,250000.0,0,2,0,0.001320777097272416,0.0,2,False,False,1,0.0
100000002028158100,terminal,0.5,15,0.414063,"Входящих переводов: 1, отправителей: 1, исходящих: 0; колено 2; гипотеза конечного получателя",1,0,34800.0,0,1,0,0.00029662404463271126,0.0,2,False,False,3,0.0
100000002799941100,terminal,0.5,18,0.413835,"Входящих переводов: 1, отправителей: 1, исходящих: 0; колено 3; гипотеза конечного получателя",1,0,600000.0,0,1,0,0.00038801235650701003,0.0,3,False,False,1,0.0
100000004737764100,terminal,0.5,2,0.413835,"Входящих переводов: 1, отправителей: 1, исходящих: 0; колено 3; гипотеза конечного получателя",1,0,600000.0,0,1,0,0.0006758141959969906,0.0,3,False,False,1,0.0
100000008497298100,terminal,0.5,8,0.413835,"Входящих переводов: 1, отправителей: 1, исходящих: 0; колено 2; гипотеза конечного получателя",1,0,600000.0,0,1,0,0.00034196550050532367,0.0,2,False,False,1,0.0
100000004959752100,terminal,0.5,3,0.413661,"Входящих переводов: 1, отправителей: 1, исходящих: 0; колено 3; гипотеза конечного получателя",1,0,22200.0,0,1,0,0.0007837985160885684,0.0,3,False,False,4,0.0
100000004806903100,terminal,0.5,2,0.413315,"Входящих переводов: 1, отправителей: 1, исходящих: 0; колено 2; гипотеза конечного получателя",1,0,18000.0,0,1,0,0.0005332505884816374,0.0,2,False,False,5,0.0
100000001285440100,terminal,0.5,17,0.41286,"Входящих переводов: 2, отправителей: 2, исходящих: 0; колено 3; гипотеза конечного получателя",2,0,243000.0,0,2,0,0.0003203286805988009,0.0,3,False,False,1,0.0
100000001641789100,terminal,0.5,6,0.412362,"Входящих переводов: 1, отправителей: 1, исходящих: 0; колено 1; гипотеза конечного получателя",1,0,17826.0,0,1,0,0.00048822067046091523,0.0,1,False,False,5,0.0
100000002472632100,peripheral,0.2,24,0.412119,"Отправителей: 2, получателей: 1; переводов вход/выход: 3/1; недостаточно признаков роли",2,1,502400.0,20000.0,3,1,0.0009841672611460462,0.03980891719745223,3,False,False,1,0.0
100000005783452100,peripheral,0.0,13,0.411666,Граница 4-го колена: исходящие не наблюдаются; роль не определена,2,0,286500.0,0,2,0,0.0003143910058059528,0.0,4,False,True,2,0.0
100000002886166100,terminal,0.5,23,0.411435,"Входящих переводов: 3, отправителей: 1, исходящих: 0; колено 3; гипотеза конечного получателя",1,0,185000.0,0,3,0,0.00032453133054602016,0.0,3,False,False,1,0.0
100000008279405100,terminal,0.5,3,0.410841,"Входящих переводов: 2, отправителей: 1, исходящих: 0; колено 3; гипотеза конечного получателя",1,0,234738.0,0,2,0,0.0003332189493272285,0.0,3,False,False,1,0.0
100000002958343100,peripheral,0.2,6,0.410773,"Отправителей: 1, получателей: 2; переводов вход/выход: 4/17; недостаточно признаков роли",1,2,2900000.0,1390000.0,4,17,0.0006288060840762277,0.4793103448275862,2,False,False,1,0.05172413793103448
100000004094958100,transit,0.7744,46,0.410763,Отдал/получил в выборке: 1.03; временно сопоставлено за 48 ч: 0%; признаки транзита,1,1,39000.0,40000.0,1,1,0.00039135434695793385,1.0256410256410255,1,False,False,1,0.0
100000008430691100,peripheral,0.2,50,0.410684,"Отправителей: 1, получателей: 2; переводов вход/выход: 1/2; недостаточно признаков роли",1,2,20000.0,604900.0,1,2,0.00030694331304125964,30.245,3,False,False,1,0.0
100000006952718100,terminal,0.5,4,0.410521,"Входящих переводов: 1, отправителей: 1, исходящих: 0; колено 1; гипотеза конечного получателя",1,0,71489.0,0,1,0,0.0002932558201933353,0.0,1,False,False,2,0.0
100000003016438100,peripheral,0.2,9,0.410437,"Отправителей: 1, получателей: 1; переводов вход/выход: 1/3; недостаточно признаков роли",1,1,200000.0,300000.0,1,3,0.00031688173771396194,1.5,3,False,False,1,0.0
100000005326681100,terminal,0.5,15,0.409352,"Входящих переводов: 1, отправителей: 1, исходящих: 0; колено 2; гипотеза конечного получателя",1,0,31228.0,0,1,0,0.00029549029791049475,0.0,2,False,False,3,0.0
100000000274067100,peripheral,0.2,6,0.408732,"Отправителей: 2, получателей: 3; переводов вход/выход: 9/9; недостаточно признаков роли",2,3,517704.0,2969000.0,9,9,0.00041340460782623203,5.734937338710924,1,False,False,1,0.1062383137854836
100000003835149100,peripheral,0.2,22,0.408687,"Отправителей: 1, получателей: 2; переводов вход/выход: 1/13; недостаточно признаков роли",1,2,248500.0,4600440.0,1,13,0.000488680742478539,18.512837022132796,1,False,False,1,0.0
100000001965374100,peripheral,0.2,22,0.408037,"Отправителей: 2, получателей: 3; переводов вход/выход: 8/5; недостаточно признаков роли",2,3,1759720.0,3082100.0,8,5,0.0012773767073961776,1.7514718250630783,2,False,False,1,0.06478303366444661
100000002836052100,terminal,0.5,3,0.407674,"Входящих переводов: 1, отправителей: 1, исходящих: 0; колено 2; гипотеза конечного получателя",1,0,15000.0,0,1,0,0.0003056319846952828,0.0,2,False,False,8,0.0
100000002457464100,terminal,0.5,2,0.407269,"Входящих переводов: 1, отправителей: 1, исходящих: 0; колено 2; гипотеза конечного получателя",1,0,66647.0,0,1,0,0.00032213481172195735,0.0,2,False,False,2,0.0
100000004441291100,terminal,0.5,2,0.407212,"Входящих переводов: 1, отправителей: 1, исходящих: 0; колено 2; гипотеза конечного получателя",1,0,20000.0,0,1,0,0.0005484940070944867,0.0,2,False,False,4,0.0
100000005022964100,terminal,0.5,2,0.407212,"Входящих переводов: 1, отправителей: 1, исходящих: 0; колено 2; гипотеза конечного получателя",1,0,20000.0,0,1,0,0.00032732015685047995,0.0,2,False,False,4,0.0
100000002778085100,terminal,0.5,4,0.407044,"Входящих переводов: 1, отправителей: 1, исходящих: 0; колено 1; гипотеза конечного получателя",1,0,66208.0,0,1,0,0.00029268869119230417,0.0,1,False,False,2,0.0
100000005049404100,peripheral,0.0,5,0.406795,Граница 4-го колена: исходящие не наблюдаются; роль не определена,1,0,98000.0,0,2,0,0.0003126109972952007,0.0,4,False,True,3,0.0
100000003603979100,terminal,0.5,23,0.406724,"Входящих переводов: 3, отправителей: 1, исходящих: 0; колено 2; гипотеза конечного получателя",1,0,165000.0,0,3,0,0.0005849679849242141,0.0,2,False,False,1,0.0
100000005409680100,peripheral,0.2,18,0.406225,"Отправителей: 2, получателей: 0; переводов вход/выход: 2/0; недостаточно признаков роли; входящие seed неполны",2,0,55060.0,0,2,0,0.0006327383164509448,0.0,0,True,False,4,0.0
100000001339466100,terminal,0.5,2,0.405763,"Входящих переводов: 1, отправителей: 1, исходящих: 0; колено 2; гипотеза конечного получателя",1,0,30000.0,0,1,0,0.0003038700765780552,0.0,2,False,False,3,0.0
100000003814002100,terminal,0.5,5,0.405763,"Входящих переводов: 1, отправителей: 1, исходящих: 0; колено 3; гипотеза конечного получателя",1,0,30000.0,0,1,0,0.00028654803752502505,0.0,3,False,False,3,0.0
100000005105153100,terminal,0.5,0,0.405763,"Входящих переводов: 1, отправителей: 1, исходящих: 0; колено 2; гипотеза конечного получателя",1,0,30000.0,0,1,0,0.00040208193317290645,0.0,2,False,False,3,0.0
100000005507142100,peripheral,0.2,35,0.405533,"Отправителей: 3, получателей: 3; переводов вход/выход: 3/4; недостаточно признаков роли",3,3,51000.0,100000.0,3,4,0.000558547636071216,1.9607843137254901,2,False,False,1,0.0
100000008050986100,peripheral,0.0,5,0.405169,Граница 4-го колена: исходящие не наблюдаются; роль не определена,1,0,95000.0,0,2,0,0.0003117834744344851,0.0,4,False,True,3,0.0
100000003031761100,terminal,0.5,3,0.404919,"Входящих переводов: 1, отправителей: 1, исходящих: 0; колено 3; гипотеза конечного получателя",1,0,460408.0,0,1,0,0.0003183173564401055,0.0,3,False,False,1,0.0
100000008418835100,peripheral,0.2,59,0.404806,"Отправителей: 1, получателей: 4; переводов вход/выход: 67/6; недостаточно признаков роли; входящие seed неполны",1,4,1372000.0,186179.0,67,6,0.0005283203991937055,0.13569897959183674,0,True,False,1,0.06823906705539358
100000003942602100,transit,0.8,1,0.404667,Отдал/получил в выборке: 1.00; временно сопоставлено за 48 ч: 0%; признаки транзита,1,1,30000.0,30000.0,1,1,0.0002918617347816338,1.0,1,False,False,1,0.0
100000000943371100,terminal,0.5,12,0.404174,"Входящих переводов: 1, отправителей: 1, исходящих: 0; колено 2; гипотеза конечного получателя",1,0,15500.0,0,1,0,0.00030592039093382627,0.0,2,False,False,5,0.0
100000008238989100,terminal,0.5,21,0.404167,"Входящих переводов: 2, отправителей: 1, исходящих: 0; колено 2; гипотеза конечного получателя",1,0,200000.0,0,2,0,0.00032320527662733987,0.0,2,False,False,1,0.0
100000005614315100,terminal,0.5,4,0.404021,"Входящих переводов: 1, отправителей: 1, исходящих: 0; колено 2; гипотеза конечного получателя",1,0,455000.0,0,1,0,0.0005747243173686663,0.0,2,False,False,1,0.0
100000001737722100,terminal,0.5,2,0.403792,"Входящих переводов: 1, отправителей: 1, исходящих: 0; колено 2; гипотеза конечного получателя",1,0,60460.0,0,1,0,0.0003187412098813082,0.0,2,False,False,2,0.0
100000004508696100,peripheral,0.2,36,0.402868,"Отправителей: 1, получателей: 3; переводов вход/выход: 1/4; недостаточно признаков роли",1,3,7000.0,111000.0,1,4,0.0004222860218470253,15.857142857142858,3,False,False,1,1.0
100000003122817100,terminal,0.5,25,0.402451,"Входящих переводов: 1, отправителей: 1, исходящих: 0; колено 3; гипотеза конечного получателя",1,0,444680.0,0,1,0,0.0003966988632782835,0.0,3,False,False,1,0.0
100000004278574100,peripheral,0.2,5,0.402018,"Отправителей: 1, получателей: 1; переводов вход/выход: 1/1; недостаточно признаков роли",1,1,25000.0,12500.0,1,1,0.00028638646191171414,0.5,3,False,False,3,0.0
100000008555233100,terminal,0.5,17,0.402003,"Входящих переводов: 1, отправителей: 1, исходящих: 0; колено 3; гипотеза конечного получателя",1,0,440600.0,0,1,0,0.0003633168384104201,0.0,3,False,False,1,0.0
100000004398811100,peripheral,0.2,2,0.401716,"Отправителей: 1, получателей: 3; переводов вход/выход: 1/4; недостаточно признаков роли",1,3,426000.0,1040672.0,1,4,0.0003495647063893502,2.4428920187793426,2,False,False,1,0.0
100000001805543100,terminal,0.5,4,0.401661,"Входящих переводов: 1, отправителей: 1, исходящих: 0; колено 1; гипотеза конечного получателя",1,0,59000.0,0,1,0,0.0002919146207815046,0.0,1,False,False,2,0.0
100000004235471100,peripheral,0.0,5,0.401658,Граница 4-го колена: исходящие не наблюдаются; роль не определена,1,0,180000.0,0,1,0,0.00034854318315515997,0.0,4,False,True,3,0.0
100000002762076100,peripheral,0.2,6,0.401436,"Отправителей: 2, получателей: 1; переводов вход/выход: 2/1; недостаточно признаков роли",2,1,140350.0,30000.0,2,1,0.0002991395888539311,0.21375133594584966,1,False,False,2,0.0
100000002731501100,peripheral,0.2,23,0.401374,"Отправителей: 3, получателей: 7; переводов вход/выход: 7/20; недостаточно признаков роли",3,7,570370.0,833960.0,7,20,0.0004852039806339962,1.4621386117783193,1,False,False,1,0.29805214159229976
100000000507799100,peripheral,0.2,36,0.401371,"Отправителей: 1, получателей: 1; переводов вход/выход: 1/1; недостаточно признаков роли",1,1,5132.0,8000.0,1,1,0.0002861297116681652,1.558846453624318,1,False,False,2,0.0
100000002487222100,peripheral,0.0,5,0.401356,Граница 4-го колена: исходящие не наблюдаются; роль не определена,1,0,90000.0,0,2,0,0.0003104042696666259,0.0,4,False,True,3,0.0
100000008576528100,terminal,0.5,5,0.401109,"Входящих переводов: 1, отправителей: 1, исходящих: 0; колено 3; гипотеза конечного получателя",1,0,28000.0,0,1,0,0.00028648340727970066,0.0,3,False,False,3,0.0
100000008701256100,terminal,0.5,0,0.4011,"Входящих переводов: 1, отправителей: 1, исходящих: 0; колено 2; гипотеза конечного получателя",1,0,58250.0,0,1,0,0.00030372834551871197,0.0,2,False,False,2,0.0
100000001985793100,terminal,0.5,26,0.400488,"Входящих переводов: 1, отправителей: 1, исходящих: 0; колено 2; гипотеза конечного получателя",1,0,420000.0,0,1,0,0.0003725658839788726,0.0,2,False,False,1,0.0
100000001110358100,terminal,0.5,0,0.400068,"Входящих переводов: 2, отправителей: 2, исходящих: 0; колено 3; гипотеза конечного получателя",2,0,32000.0,0,2,0,0.0002929756265673859,0.0,3,False,False,2,0.0
100000001872484100,peripheral,0.2,55,0.400006,"Отправителей: 1, получателей: 3; переводов вход/выход: 13/9; недостаточно признаков роли",1,3,871400.0,514580.0,13,9,0.0023711017075249015,0.5905210006885472,1,False,False,1,0.08168464539820977
100000002956779100,terminal,0.5,2,0.399703,"Входящих переводов: 1, отправителей: 1, исходящих: 0; колено 3; гипотеза конечного получателя",1,0,411000.0,0,1,0,0.00040292625957980455,0.0,3,False,False,1,0.0
100000002185328100,peripheral,0.2,20,0.399654,"Отправителей: 1, получателей: 4; переводов вход/выход: 1/4; недостаточно признаков роли",1,4,15000.0,55000.0,1,4,0.00035169079068386456,3.6666666666666665,3,False,False,1,0.0
100000008531133100,peripheral,0.2,4,0.399351,"Отправителей: 1, получателей: 3; переводов вход/выход: 1/3; недостаточно признаков роли",1,3,25000.0,158271.68,1,3,0.0005324740908247221,6.3308672,2,False,False,1,0.0
100000003582677100,peripheral,0.2,2,0.398293,"Отправителей: 2, получателей: 4; переводов вход/выход: 2/5; недостаточно признаков роли",2,4,29756.99,56000.0,2,5,0.00029328448636929254,1.881910771217116,3,False,False,1,0.0
100000002445750100,peripheral,0.2,0,0.398196,"Отправителей: 1, получателей: 1; переводов вход/выход: 1/1; недостаточно признаков роли",1,1,70000.0,10000.0,1,1,0.000536989875889323,0.14285714285714285,2,False,False,2,0.0
100000008629581100,terminal,0.5,2,0.398184,"Входящих переводов: 1, отправителей: 1, исходящих: 0; колено 2; гипотеза конечного получателя",1,0,54184.0,0,1,0,0.0003152987910754387,0.0,2,False,False,2,0.0
100000004410489100,terminal,0.5,2,0.397848,"Входящих переводов: 1, отправителей: 1, исходящих: 0; колено 2; гипотеза конечного получателя",1,0,54000.0,0,1,0,0.0003141919757167969,0.0,2,False,False,2,0.0
100000008655779100,peripheral,0.2,27,0.397718,"Отправителей: 1, получателей: 2; переводов вход/выход: 1/2; недостаточно признаков роли",1,2,47000.0,24704.0,1,2,0.0003965912385704142,0.5256170212765957,3,False,False,1,0.0
100000001530709100,terminal,0.5,0,0.397623,"Входящих переводов: 1, отправителей: 1, исходящих: 0; колено 3; гипотеза конечного получателя",1,0,53961.0,0,1,0,0.0002886128278818085,0.0,3,False,False,2,0.0
100000008459449100,terminal,0.5,0,0.397287,"Входящих переводов: 1, отправителей: 1, исходящих: 0; колено 3; гипотеза конечного получателя",1,0,53700.0,0,1,0,0.00029954795300568895,0.0,3,False,False,2,0.0
100000007647294100,terminal,0.5,33,0.397068,"Входящих переводов: 1, отправителей: 1, исходящих: 0; колено 3; гипотеза конечного получателя",1,0,385000.0,0,1,0,0.0005779002989177743,0.0,3,False,False,1,0.0
100000005075949100,peripheral,0.0,44,0.396911,Граница 4-го колена: исходящие не наблюдаются; роль не определена,1,0,2226000.0,0,7,0,0.0007668989342222697,0.0,4,False,True,1,0.0
100000008356606100,terminal,0.5,12,0.39626,"Входящих переводов: 2, отправителей: 2, исходящих: 0; колено 2; гипотеза конечного получателя",2,0,168500.0,0,2,0,0.0006263834210994154,0.0,2,False,False,1,0.0
100000000190228100,peripheral,0.2,8,0.396186,"Отправителей: 1, получателей: 1; переводов вход/выход: 1/1; недостаточно признаков роли",1,1,5000.0,28560.0,1,1,0.0005816972799517596,5.712,2,False,False,3,0.0
100000004500444100,peripheral,0.2,14,0.395879,"Отправителей: 2, получателей: 1; переводов вход/выход: 7/5; недостаточно признаков роли",2,1,180000.0,74000.0,7,5,0.00046444018171997565,0.4111111111111111,3,False,False,1,0.17222222222222222
100000008106997100,peripheral,0.2,0,0.395762,"Отправителей: 2, получателей: 1; переводов вход/выход: 2/1; недостаточно признаков роли",2,1,35600.0,20600.0,2,1,0.00030535579609108297,0.5786516853932584,2,False,False,2,0.0
100000008443341100,peripheral,0.2,10,0.395761,"Отправителей: 2, получателей: 3; переводов вход/выход: 2/4; недостаточно признаков роли",2,3,34500.0,50000.0,2,4,0.00066805414399875,1.4492753623188406,1,False,False,1,0.2028985507246377
100000008221765100,peripheral,0.0,5,0.39549,Граница 4-го колена: исходящие не наблюдаются; роль не определена,1,0,156354.0,0,1,0,0.000540119684319848,0.0,4,False,True,3,0.0
100000007507343100,terminal,0.5,51,0.395385,"Входящих переводов: 1, отправителей: 1, исходящих: 0; колено 1; гипотеза конечного получателя",1,0,370000.0,0,1,0,0.0006444917347231226,0.0,1,False,False,1,0.0
100000002681544100,terminal,0.5,6,0.395139,"Входящих переводов: 2, отправителей: 2, исходящих: 0; колено 3; гипотеза конечного получателя",2,0,166072.0,0,2,0,0.00033562582068262314,0.0,3,False,False,1,0.0
100000002613776100,terminal,0.5,2,0.395133,"Входящих переводов: 2, отправителей: 1, исходящих: 0; колено 2; гипотеза конечного получателя",1,0,30000.0,0,2,0,0.00030147491266273595,0.0,2,False,False,2,0.0
100000007034089100,peripheral,0.0,8,0.395066,Граница 4-го колена: исходящие не наблюдаются; роль не определена,2,0,198000.0,0,2,0,0.0003210902610050583,0.0,4,False,True,2,0.0
100000008701944100,terminal,0.5,59,0.395044,"Входящих переводов: 1, отправителей: 1, исходящих: 0; колено 1; гипотеза конечного получателя",1,0,52124.0,0,1,0,0.000411304087885948,0.0,1,False,False,2,0.0
100000008418934100,terminal,0.5,8,0.394432,"Входящих переводов: 1, отправителей: 1, исходящих: 0; колено 2; гипотеза конечного получателя",1,0,360000.0,0,1,0,0.0003194107338412581,0.0,2,False,False,1,0.0
100000005222360100,peripheral,0.2,14,0.394243,"Отправителей: 1, получателей: 1; переводов вход/выход: 1/1; недостаточно признаков роли",1,1,5000.0,27000.0,1,1,0.0006039285728081455,5.4,3,False,False,1,0.0
100000003289405100,terminal,0.5,2,0.393927,"Входящих переводов: 1, отправителей: 1, исходящих: 0; колено 2; гипотеза конечного получателя",1,0,355000.0,0,1,0,0.00033890035263198513,0.0,2,False,False,1,0.0
100000005809252100,terminal,0.5,5,0.393706,"Входящих переводов: 1, отправителей: 1, исходящих: 0; колено 2; гипотеза конечного получателя",1,0,25000.0,0,1,0,0.0005667004510703354,0.0,2,False,False,3,0.0
100000006679055100,terminal,0.5,2,0.393706,"Входящих переводов: 1, отправителей: 1, исходящих: 0; колено 2; гипотеза конечного получателя",1,0,25000.0,0,1,0,0.00030082149445590596,0.0,2,False,False,3,0.0
100000007863304100,terminal,0.5,5,0.393706,"Входящих переводов: 1, отправителей: 1, исходящих: 0; колено 3; гипотеза конечного получателя",1,0,25000.0,0,1,0,0.00028638646191171414,0.0,3,False,False,3,0.0
100000001445848100,peripheral,0.2,33,0.393635,"Отправителей: 1, получателей: 1; переводов вход/выход: 13/14; недостаточно признаков роли",1,1,546000.0,351850.0,13,14,0.0007001439252208677,0.6444139194139195,3,False,False,1,0.3415750915750916
100000004200745100,peripheral,0.0,10,0.39317,Граница 4-го колена: исходящие не наблюдаются; роль не определена,1,0,130000.0,0,4,0,0.0006004073275383519,0.0,4,False,True,2,0.0
100000001164648100,terminal,0.5,7,0.392731,"Входящих переводов: 2, отправителей: 2, исходящих: 0; колено 1; гипотеза конечного получателя",2,0,13660.0,0,2,0,0.0002901463936193951,0.0,1,False,False,3,0.0
100000004931931100,peripheral,0.2,0,0.392195,"Отправителей: 1, получателей: 1; переводов вход/выход: 1/1; недостаточно признаков роли",1,1,23938.0,45000.0,1,1,0.00029180574881657034,1.8798562954298605,3,False,False,2,0.0
100000005895525100,terminal,0.5,43,0.392144,"Входящих переводов: 3, отправителей: 1, исходящих: 0; колено 1; гипотеза конечного получателя",1,0,120000.0,0,3,0,0.0003911624968590079,0.0,1,False,False,1,0.0
100000005093521100,terminal,0.5,2,0.392126,"Входящих переводов: 1, отправителей: 1, исходящих: 0; колено 1; гипотеза конечного получателя",1,0,15200.0,0,1,0,0.00028861392897388345,0.0,1,False,False,4,0.0
100000005140601100,peripheral,0.2,3,0.392111,"Отправителей: 3, получателей: 2; переводов вход/выход: 4/5; недостаточно признаков роли",3,2,52685.0,195300.0,4,5,0.002852310593422814,3.706937458479643,2,False,False,1,0.259751352377337
100000001074553100,terminal,0.5,8,0.391993,"Входящих переводов: 2, отправителей: 2, исходящих: 0; колено 1; гипотеза конечного получателя",2,0,28971.0,0,2,0,0.0002895035932305035,0.0,1,False,False,2,0.0
100000005709551100,terminal,0.5,12,0.391856,"Входящих переводов: 1, отправителей: 1, исходящих: 0; колено 3; гипотеза конечного получателя",1,0,24560.0,0,1,0,0.00029465137806303855,0.0,3,False,False,3,0.0
100000004726132100,peripheral,0.2,0,0.391281,"Отправителей: 1, получателей: 1; переводов вход/выход: 1/2; недостаточно признаков роли",1,1,349000.0,24000.0,1,2,0.0003164599115391903,0.06876790830945559,3,False,False,1,0.0
100000003920950100,terminal,0.5,6,0.389889,"Входящих переводов: 1, отправителей: 1, исходящих: 0; колено 3; гипотеза конечного получателя",1,0,323290.0,0,1,0,0.00039153305342654233,0.0,3,False,False,1,0.0
100000000569479100,terminal,0.5,0,0.389665,"Входящих переводов: 1, отправителей: 1, исходящих: 0; колено 3; гипотеза конечного получателя",1,0,320000.0,0,1,0,0.00039480268509829074,0.0,3,False,False,1,0.0
100000003180305100,peripheral,0.0,0,0.389545,Граница 4-го колена: исходящие не наблюдаются; роль не определена,1,0,144000.0,0,1,0,0.0005276837589425558,0.0,4,False,True,3,0.0
100000005911352100,peripheral,0.2,36,0.389538,"Отправителей: 2, получателей: 3; переводов вход/выход: 2/3; недостаточно признаков роли",2,3,15000.0,24000.0,2,3,0.0005514249123929172,1.6,2,False,False,1,0.0
100000002152857100,peripheral,0.2,26,0.389396,"Отправителей: 1, получателей: 5; переводов вход/выход: 1/6; недостаточно признаков роли",1,5,105000.0,1230000.0,1,6,0.0002997041195468714,11.714285714285714,1,False,False,1,1.0
100000003060517100,terminal,0.5,16,0.389217,"Входящих переводов: 1, отправителей: 1, исходящих: 0; колено 3; гипотеза конечного получателя",1,0,315955.0,0,1,0,0.00036177477534839056,0.0,3,False,False,1,0.0
100000004689658100,peripheral,0.2,3,0.388948,"Отправителей: 1, получателей: 1; переводов вход/выход: 1/1; недостаточно признаков роли",1,1,456100.0,7092.0,1,1,0.00038609048753497166,0.015549221661916246,3,False,False,1,0.0
100000004779204100,peripheral,0.2,0,0.38892,"Отправителей: 1, получателей: 1; переводов вход/выход: 1/2; недостаточно признаков роли",1,1,30450.0,20000.0,1,2,0.000287290796941951,0.6568144499178982,3,False,False,2,0.0
100000007484343100,terminal,0.5,0,0.388628,"Входящих переводов: 2, отправителей: 2, исходящих: 0; колено 3; гипотеза конечного получателя",2,0,26757.0,0,2,0,0.00028913383021359114,0.0,3,False,False,2,0.0
100000006641671100,transit,0.6636,3,0.38859,Отдал/получил в выборке: 1.14; временно сопоставлено за 48 ч: 0%; признаки транзита,2,1,22000.0,25000.0,2,3,0.0004398209042837423,1.1363636363636365,3,False,False,1,0.0
100000008349740100,peripheral,0.0,34,0.388458,Граница 4-го колена: исходящие не наблюдаются; роль не определена,1,0,70000.0,0,2,0,0.0002925261368677011,0.0,4,False,True,3,0.0
100000002952631100,terminal,0.5,4,0.387529,"Входящих переводов: 1, отправителей: 1, исходящих: 0; колено 1; гипотеза конечного получателя",1,0,48050.0,0,1,0,0.00029073869528230164,0.0,1,False,False,2,0.0
100000003104347100,peripheral,0.2,21,0.387322,"Отправителей: 1, получателей: 1; переводов вход/выход: 1/1; недостаточно признаков роли",1,1,418000.0,32000.0,1,1,0.0003642183717599162,0.07655502392344497,2,False,False,1,0.0
100000003039473100,terminal,0.5,4,0.387201,"Входящих переводов: 1, отправителей: 1, исходящих: 0; колено 2; гипотеза конечного получателя",1,0,23000.0,0,1,0,0.0003121107056232147,0.0,2,False,False,3,0.0
100000001363952100,peripheral,0.2,3,0.387108,"Отправителей: 2, получателей: 1; переводов вход/выход: 2/2; недостаточно признаков роли",2,1,196655.0,91000.0,2,2,0.00030706172262161334,0.4627393150441128,1,False,False,1,0.0
100000002462183100,terminal,0.5,43,0.386928,"Входящих переводов: 3, отправителей: 1, исходящих: 0; колено 1; гипотеза конечного получателя",1,0,107500.0,0,3,0,0.000380164172586732,0.0,1,False,False,1,0.0
100000006684930100,terminal,0.5,12,0.386902,"Входящих переводов: 1, отправителей: 1, исходящих: 0; колено 2; гипотеза конечного получателя",1,0,10000.0,0,1,0,0.00029870233035397684,0.0,2,False,False,5,0.0
100000007357489100,peripheral,0.0,8,0.386766,Граница 4-го колена: исходящие не наблюдаются; роль не определена,2,0,164500.0,0,2,0,0.0003129386177302441,0.0,4,False,True,2,0.0
100000004356593100,peripheral,0.2,2,0.386587,"Отправителей: 1, получателей: 1; переводов вход/выход: 1/1; недостаточно признаков роли",1,1,50000.0,10000.0,1,1,0.0002934503765602086,0.2,2,False,False,2,0.0
100000004291560100,terminal,0.5,0,0.386464,"Входящих переводов: 1, отправителей: 1, исходящих: 0; колено 3; гипотеза конечного получателя",1,0,47190.0,0,1,0,0.0002882320924178225,0.0,3,False,False,2,0.0
100000008517061100,peripheral,0.0,14,0.386165,Граница 4-го колена: исходящие не наблюдаются; роль не определена,1,0,1844000.0,0,4,0,0.00041302270090783365,0.0,4,False,True,1,0.0
100000008748795100,terminal,0.5,0,0.386071,"Входящих переводов: 1, отправителей: 1, исходящих: 0; колено 3; гипотеза конечного получателя",1,0,47057.0,0,1,0,0.00028822461378590547,0.0,3,False,False,2,0.0
100000000967918100,terminal,0.5,0,0.38597,"Входящих переводов: 3, отправителей: 1, исходящих: 0; колено 2; гипотеза конечного получателя",1,0,21200.0,0,3,0,0.0004790202741634473,0.0,2,False,False,2,0.0
100000008193577100,peripheral,0.2,40,0.385762,"Отправителей: 2, получателей: 5; переводов вход/выход: 6/16; недостаточно признаков роли",2,5,154300.0,480180.0,6,16,0.001303648987389332,3.1119896305897603,1,False,False,1,0.28185353208036296
100000002335358100,terminal,0.5,4,0.385157,"Входящих переводов: 2, отправителей: 1, исходящих: 0; колено 2; гипотеза конечного получателя",1,0,140000.0,0,2,0,0.0006118177806891455,0.0,2,False,False,1,0.0
100000004193835100,peripheral,0.2,4,0.385146,"Отправителей: 1, получателей: 1; переводов вход/выход: 1/1; недостаточно признаков роли; входящие seed неполны",1,1,47000.0,5000.0,1,1,0.0004696675770719726,0.10638297872340426,0,True,False,3,0.0
100000000896111100,terminal,0.5,22,0.385067,"Входящих переводов: 1, отправителей: 1, исходящих: 0; колено 3; гипотеза конечного получателя",1,0,287100.0,0,1,0,0.00038671893275370964,0.0,3,False,False,1,0.0
100000007953156100,peripheral,0.2,14,0.384914,"Отправителей: 1, получателей: 1; переводов вход/выход: 1/1; недостаточно признаков роли",1,1,18000.0,10000.0,1,1,0.0004771593986150868,0.5555555555555556,2,False,False,3,0.0
100000008486520100,peripheral,0.2,4,0.384882,"Отправителей: 1, получателей: 1; переводов вход/выход: 2/1; недостаточно признаков роли",1,1,35720.0,14000.0,2,1,0.0002894145709530621,0.3919372900335946,1,False,False,2,0.0
100000008736940100,peripheral,0.2,40,0.384864,"Отправителей: 3, получателей: 3; переводов вход/выход: 13/6; недостаточно признаков роли",3,3,451090.0,182100.0,13,6,0.0025520820503637832,0.40368884258130305,1,False,False,1,0.20503668890908688
100000002691583100,terminal,0.5,25,0.38473,"Входящих переводов: 1, отправителей: 1, исходящих: 0; колено 3; гипотеза конечного получателя",1,0,285200.0,0,1,0,0.0003568466950584522,0.0,3,False,False,1,0.0
100000002703376100,terminal,0.5,0,0.384725,"Входящих переводов: 1, отправителей: 1, исходящих: 0; колено 2; гипотеза конечного получателя",1,0,46501.0,0,1,0,0.00029280228288609334,0.0,2,False,False,2,0.0
100000005041905100,peripheral,0.2,1,0.384617,"Отправителей: 1, получателей: 1; переводов вход/выход: 1/5; недостаточно признаков роли",1,1,5000.0,1080351.0,1,5,0.00028635745823326627,216.0702,3,False,False,1,0.0
100000002448088100,peripheral,0.2,20,0.384579,"Отправителей: 3, получателей: 1; переводов вход/выход: 3/1; недостаточно признаков роли",3,1,20000.0,25000.0,3,1,0.0005083143751640799,1.25,3,False,False,2,0.0
100000005037490100,peripheral,0.2,12,0.384579,"Отправителей: 1, получателей: 2; переводов вход/выход: 1/3; недостаточно признаков роли",1,2,15000.0,30000.0,1,3,0.0003231387985037058,2.0,3,False,False,2,0.0
100000003977183100,peripheral,0.2,6,0.384102,"Отправителей: 2, получателей: 4; переводов вход/выход: 2/6; недостаточно признаков роли; входящие seed неполны",2,4,123800.0,766000.0,2,6,0.0003313987967384876,6.187399030694669,0,True,False,1,0.0
100000005619339100,transit,0.7115,4,0.383485,Отдал/получил в выборке: 1.09; временно сопоставлено за 48 ч: 0%; признаки транзита,1,1,5000.0,5442.6,1,1,0.0003207921007035215,1.0885200000000002,2,False,False,2,0.0
100000001166289100,peripheral,0.2,1,0.382869,"Отправителей: 2, получателей: 1; переводов вход/выход: 10/1; недостаточно признаков роли",2,1,721039.0,25000.0,10,1,0.002127707293678785,0.0346721883282319,2,False,False,1,0.0346721883282319
100000002663511100,terminal,0.5,0,0.382711,"Входящих переводов: 1, отправителей: 1, исходящих: 0; колено 3; гипотеза конечного получателя",1,0,268940.0,0,1,0,0.00030937578805728753,0.0,3,False,False,1,0.0
100000002633701100,terminal,0.5,8,0.382375,"Входящих переводов: 1, отправителей: 1, исходящих: 0; колено 2; гипотеза конечного получателя",1,0,266850.0,0,1,0,0.00031065666502976767,0.0,2,False,False,1,0.0
100000002733905100,peripheral,0.2,1,0.382307,"Отправителей: 3, получателей: 2; переводов вход/выход: 5/3; недостаточно признаков роли",3,2,100000.0,717839.0,5,3,0.0030808143244138715,7.17839,2,False,False,1,0.4
100000002132479100,peripheral,0.2,14,0.38221,"Отправителей: 1, получателей: 1; переводов вход/выход: 2/1; недостаточно признаков роли",1,1,30000.0,20000.0,2,1,0.0006048799417950382,0.6666666666666666,2,False,False,3,0.0
100000004456564100,terminal,0.5,14,0.382188,"Входящих переводов: 2, отправителей: 1, исходящих: 0; колено 2; гипотеза конечного получателя",1,0,10000.0,0,2,0,0.00039201236982845254,0.0,2,False,False,3,0.0
100000006240939100,peripheral,0.2,26,0.382038,"Отправителей: 1, получателей: 5; переводов вход/выход: 1/5; недостаточно признаков роли",1,5,160000.0,778015.0,1,5,0.00031871660294371706,4.86259375,2,False,False,1,0.0
100000005820746100,peripheral,0.2,22,0.381926,"Отправителей: 1, получателей: 1; переводов вход/выход: 2/1; недостаточно признаков роли",1,1,1989000.0,60000.0,2,1,0.000986268775343264,0.030165912518853696,3,False,False,1,0.0
100000002958286100,terminal,0.5,8,0.380917,"Входящих переводов: 1, отправителей: 1, исходящих: 0; колено 1; гипотеза конечного получателя",1,0,257000.0,0,1,0,0.0003131474241595644,0.0,1,False,False,1,0.0
100000000769919100,terminal,0.5,60,0.379907,"Входящих переводов: 1, отправителей: 1, исходящих: 0; колено 2; гипотеза конечного получателя",1,0,250000.0,0,1,0,0.0007346509615753785,0.0,2,False,False,1,0.0
100000003581109100,terminal,0.5,0,0.379622,"Входящих переводов: 1, отправителей: 1, исходящих: 0; колено 3; гипотеза конечного получателя",1,0,42750.0,0,1,0,0.0002879824298184874,0.0,3,False,False,2,0.0
100000008740295100,peripheral,0.0,8,0.379386,Граница 4-го колена: исходящие не наблюдаются; роль не определена,1,0,300000.0,0,1,0,0.0003249856633305231,0.0,4,False,True,2,0.0
100000008297199100,terminal,0.5,0,0.379341,"Входящих переводов: 1, отправителей: 1, исходящих: 0; колено 3; гипотеза конечного получателя",1,0,42268.0,0,1,0,0.000296574064211589,0.0,3,False,False,2,0.0
100000002242455100,peripheral,0.0,5,0.379115,Граница 4-го колена: исходящие не наблюдаются; роль не определена,1,0,110000.0,0,1,0,0.000531891220663694,0.0,4,False,True,3,0.0
100000007939160100,peripheral,0.2,41,0.378964,"Отправителей: 1, получателей: 2; переводов вход/выход: 2/2; недостаточно признаков роли",1,2,795000.0,14300.0,2,2,0.000664061683532244,0.017987421383647798,1,False,False,1,0.0
100000006048193100,terminal,0.5,0,0.378669,"Входящих переводов: 1, отправителей: 1, исходящих: 0; колено 3; гипотеза конечного получателя",1,0,41559.0,0,1,0,0.00029638962691671346,0.0,3,False,False,2,0.0
100000001131403100,peripheral,0.0,56,0.377888,Граница 4-го колена: исходящие не наблюдаются; роль не определена,1,0,1570000.0,0,3,0,0.0005377978331074752,0.0,4,False,True,1,0.0
100000002591469100,terminal,0.5,6,0.376879,"Входящих переводов: 1, отправителей: 1, исходящих: 0; колено 1; гипотеза конечного получателя",1,0,235670.0,0,1,0,0.0002990771295593792,0.0,1,False,False,1,0.0
100000007591246100,peripheral,0.2,12,0.376846,"Отправителей: 1, получателей: 1; переводов вход/выход: 1/1; недостаточно признаков роли",1,1,12190.0,120000.0,1,1,0.00029787935803950844,9.844134536505333,3,False,False,2,0.0
100000005363908100,transit,0.8,46,0.37674,Отдал/получил в выборке: 1.00; временно сопоставлено за 48 ч: 0%; признаки транзита,1,1,19500.0,19500.0,1,1,0.00033846646540154683,1.0,1,False,False,1,0.0
100000003943247100,terminal,0.5,0,0.376538,"Входящих переводов: 1, отправителей: 1, исходящих: 0; колено 3; гипотеза конечного получателя",1,0,40000.0,0,1,0,0.0002878277964517821,0.0,3,False,False,2,0.0
100000002475601100,terminal,0.5,3,0.376094,"Входящих переводов: 1, отправителей: 1, исходящих: 0; колено 3; гипотеза конечного получателя",1,0,232301.0,0,1,0,0.00030209708398542336,0.0,3,False,False,1,0.0
100000004071444100,peripheral,0.2,0,0.37605,"Отправителей: 1, получателей: 1; переводов вход/выход: 1/1; недостаточно признаков роли",1,1,247350.0,100000.0,1,1,0.0003074653930288803,0.40428542551041036,3,False,False,1,0.0
100000000785800100,transit,0.8,55,0.375955,Отдал/получил в выборке: 1.00; временно сопоставлено за 48 ч: 0%; признаки транзита,1,1,19000.0,19000.0,1,1,0.00035999519307100395,1.0,2,False,False,1,0.0
100000008676812100,terminal,0.5,18,0.375645,"Входящих переводов: 1, отправителей: 1, исходящих: 0; колено 3; гипотеза конечного получателя",1,0,230800.0,0,1,0,0.0004728944718671149,0.0,3,False,False,1,0.0
100000008343415100,peripheral,0.0,3,0.375472,Граница 4-го колена: исходящие не наблюдаются; роль не определена,1,0,100000.0,0,3,0,0.00043380827022152066,0.0,4,False,True,2,0.0
100000004400361100,terminal,0.5,4,0.375471,"Входящих переводов: 1, отправителей: 1, исходящих: 0; колено 2; гипотеза конечного получателя",1,0,10000.0,0,1,0,0.0002872325327343813,0.0,2,False,False,4,0.0
100000006557763100,terminal,0.5,2,0.375471,"Входящих переводов: 1, отправителей: 1, исходящих: 0; колено 2; гипотеза конечного получателя",1,0,10000.0,0,1,0,0.0003470962398918043,0.0,2,False,False,4,0.0
100000002580377100,peripheral,0.2,4,0.375293,"Отправителей: 1, получателей: 1; переводов вход/выход: 2/1; недостаточно признаков роли",1,1,37750.0,5000.0,2,1,0.000289632573579855,0.13245033112582782,1,False,False,2,0.0
100000003089018100,terminal,0.5,8,0.375253,"Входящих переводов: 1, отправителей: 1, исходящих: 0; колено 2; гипотеза конечного получателя",1,0,230000.0,0,1,0,0.00030719356856488927,0.0,2,False,False,1,0.0
100000006209210100,terminal,0.5,6,0.375085,"Входящих переводов: 1, отправителей: 1, исходящих: 0; колено 3; гипотеза конечного получателя",1,0,229111.0,0,1,0,0.00036066700130397424,0.0,3,False,False,1,0.0
100000004732589100,terminal,0.5,7,0.374636,"Входящих переводов: 1, отправителей: 1, исходящих: 0; колено 2; гипотеза конечного получателя",1,0,227520.0,0,1,0,0.00039378262646675284,0.0,2,False,False,1,0.0
100000001169666100,peripheral,0.2,7,0.374457,"Отправителей: 1, получателей: 1; переводов вход/выход: 2/1; недостаточно признаков роли",1,1,220000.0,24000.0,2,1,0.00031950544776792624,0.10909090909090909,3,False,False,1,0.0
100000003631015100,peripheral,0.0,38,0.374451,Граница 4-го колена: исходящие не наблюдаются; роль не определена,1,0,266000.0,0,1,0,0.0003222185586104183,0.0,4,False,True,2,0.0
100000001251686100,terminal,0.5,2,0.374303,"Входящих переводов: 1, отправителей: 1, исходящих: 0; колено 2; гипотеза конечного получателя",1,0,18000.0,0,1,0,0.000296553479484897,0.0,2,False,False,3,0.0
100000008560263100,peripheral,0.0,5,0.374236,Граница 4-го колена: исходящие не наблюдаются; роль не определена,1,0,100000.0,0,1,0,0.00031316267920234435,0.0,4,False,True,3,0.0
100000002615479100,terminal,0.5,8,0.373795,"Входящих переводов: 1, отправителей: 1, исходящих: 0; колено 1; гипотеза конечного получателя",1,0,220000.0,0,1,0,0.0003091783693283077,0.0,1,False,False,1,0.0
100000003204491100,peripheral,0.2,0,0.373784,"Отправителей: 1, получателей: 1; переводов вход/выход: 1/2; недостаточно признаков роли",1,1,140000.0,100000.0,1,2,0.00029796650899462763,0.7142857142857143,3,False,False,1,0.0
100000001677929100,peripheral,0.2,6,0.373702,"Отправителей: 3, получателей: 2; переводов вход/выход: 3/4; недостаточно признаков роли",3,2,126777.0,286098.0,3,4,0.003508641861112559,2.2567027142147236,2,False,False,1,0.0
100000004713684100,terminal,0.5,0,0.373285,"Входящих переводов: 1, отправителей: 1, исходящих: 0; колено 3; гипотеза конечного получателя",1,0,37500.0,0,1,0,0.0002876872206638682,0.0,3,False,False,2,0.0
100000001632325100,terminal,0.5,1,0.372909,"Входящих переводов: 3, отправителей: 1, исходящих: 0; колено 3; гипотеза конечного получателя",1,0,85600.0,0,3,0,0.0002989129133695434,0.0,3,False,False,1,0.0
100000000926078100,peripheral,0.0,3,0.37232,Граница 4-го колена: исходящие не наблюдаются; роль не определена,1,0,250000.0,0,1,0,0.0005162032089796661,0.0,4,False,True,2,0.0
100000008077552100,terminal,0.5,3,0.372281,"Входящих переводов: 1, отправителей: 1, исходящих: 0; колено 3; гипотеза конечного получателя",1,0,214000.0,0,1,0,0.0003290101467500269,0.0,3,False,False,1,0.0
100000000850297100,transit,0.8,7,0.372254,Отдал/получил в выборке: 1.00; временно сопоставлено за 48 ч: 0%; признаки транзита,1,1,17520.0,17520.0,1,1,0.0002939107516841643,1.0,2,False,False,1,0.0
100000006595426100,terminal,0.5,0,0.371899,"Входящих переводов: 3, отправителей: 1, исходящих: 0; колено 2; гипотеза конечного получателя",1,0,84800.0,0,3,0,0.00033427291668928886,0.0,2,False,False,1,0.0
100000004976946100,peripheral,0.0,38,0.37176,Граница 4-го колена: исходящие не наблюдаются; роль не определена,1,0,246000.0,0,1,0,0.00031946367328972223,0.0,4,False,True,2,0.0
100000005456919100,peripheral,0.2,40,0.371653,"Отправителей: 2, получателей: 1; переводов вход/выход: 10/1; недостаточно признаков роли",2,1,479950.0,5000.0,10,1,0.0014404489849378418,0.010417751849150954,1,False,False,1,0.010417751849150954
100000008491390100,terminal,0.5,0,0.371434,"Входящих переводов: 1, отправителей: 1, исходящих: 0; колено 3; гипотеза конечного получателя",1,0,36000.0,0,1,0,0.0002876028751911199,0.0,3,False,False,2,0.0
100000004184158100,terminal,0.5,0,0.371383,"Входящих переводов: 1, отправителей: 1, исходящих: 0; колено 3; гипотеза конечного получателя",1,0,203805.0,0,1,0,0.0003036123058814976,0.0,3,False,False,1,0.0
100000003574895100,peripheral,0.2,0,0.37111,"Отправителей: 1, получателей: 1; переводов вход/выход: 1/1; недостаточно признаков роли",1,1,27968.0,20000.0,1,1,0.0002871512332997101,0.7151029748283753,3,False,False,2,0.0
100000006523053100,terminal,0.5,2,0.371088,"Входящих переводов: 1, отправителей: 1, исходящих: 0; колено 2; гипотеза конечного получателя",1,0,5000.0,0,1,0,0.000538342779903312,0.0,2,False,False,5,0.0
100000001822623100,terminal,0.5,21,0.370935,"Входящих переводов: 1, отправителей: 1, исходящих: 0; колено 2; гипотеза конечного получателя",1,0,201300.0,0,1,0,0.000323449850130424,0.0,2,False,False,1,0.0
100000004586598100,peripheral,0.0,65,0.3708,Граница 4-го колена: исходящие не наблюдаются; роль не определена,1,0,761255.0,0,4,0,0.0005389624611165044,0.0,4,False,True,1,0.0
100000000561160100,peripheral,0.0,2,0.370526,Граница 4-го колена: исходящие не наблюдаются; роль не определена,1,0,240000.0,0,1,0,0.0004360236581425697,0.0,4,False,True,2,0.0
100000005664922100,peripheral,0.2,22,0.370486,"Отправителей: 2, получателей: 3; переводов вход/выход: 2/4; недостаточно признаков роли",2,3,22000.0,537000.0,2,4,0.0008053060066456595,24.40909090909091,2,False,False,1,0.0
100000008762728100,terminal,0.5,4,0.370322,"Входящих переводов: 1, отправителей: 1, исходящих: 0; колено 2; гипотеза конечного получателя",1,0,17026.0,0,1,0,0.00031767227242332334,0.0,2,False,False,3,0.0
100000001270349100,terminal,0.5,26,0.369869,"Входящих переводов: 1, отправителей: 1, исходящих: 0; колено 3; гипотеза конечного получателя",1,0,200000.0,0,1,0,0.0003552196921134304,0.0,3,False,False,1,0.0
100000002784085100,terminal,0.5,8,0.369869,"Входящих переводов: 1, отправителей: 1, исходящих: 0; колено 1; гипотеза конечного получателя",1,0,200000.0,0,1,0,0.00030703293428438515,0.0,1,False,False,1,0.0
100000003824464100,terminal,0.5,21,0.369869,"Входящих переводов: 1, отправителей: 1, исходящих: 0; колено 2; гипотеза конечного получателя",1,0,200000.0,0,1,0,0.00032320527662733987,0.0,2,False,False,1,0.0
100000004130144100,terminal,0.5,6,0.369869,"Входящих переводов: 1, отправителей: 1, исходящих: 0; колено 1; гипотеза конечного получателя",1,0,200000.0,0,1,0,0.0002970340475988997,0.0,1,False,False,1,0.0
100000007641801100,terminal,0.5,6,0.369869,"Входящих переводов: 1, отправителей: 1, исходящих: 0; колено 1; гипотеза конечного получателя",1,0,200000.0,0,1,0,0.0002970340475988997,0.0,1,False,False,1,0.0
100000005711521100,peripheral,0.0,12,0.369853,Граница 4-го колена: исходящие не наблюдаются; роль не определена,1,0,238000.0,0,1,0,0.0005335579435771426,0.0,4,False,True,2,0.0
100000008652094100,terminal,0.5,0,0.369752,"Входящих переводов: 1, отправителей: 1, исходящих: 0; колено 3; гипотеза конечного получателя",1,0,35000.0,0,1,0,0.0002875466448759543,0.0,3,False,False,2,0.0
100000003024542100,terminal,0.5,2,0.369751,"Входящих переводов: 1, отправителей: 1, исходящих: 0; колено 2; гипотеза конечного получателя",1,0,8500.0,0,1,0,0.0003179008161550661,0.0,2,False,False,4,0.0
100000005940652100,terminal,0.5,9,0.369527,"Входящих переводов: 1, отправителей: 1, исходящих: 0; колено 1; гипотеза конечного получателя",1,0,8395.0,0,1,0,0.00028808655987686753,0.0,1,False,False,4,0.0
100000003718715100,peripheral,0.0,12,0.36914,Граница 4-го колена: исходящие не наблюдаются; роль не определена,1,0,915000.0,0,3,0,0.0005751454716540205,0.0,4,False,True,1,0.0
100000004644615100,peripheral,0.2,7,0.369006,"Отправителей: 1, получателей: 2; переводов вход/выход: 1/14; недостаточно признаков роли",1,2,50810.0,379665.0,1,14,0.00037426873734516586,7.472249557173785,3,False,False,1,0.0
100000003102157100,terminal,0.5,0,0.368669,"Входящих переводов: 2, отправителей: 1, исходящих: 0; колено 1; гипотеза конечного получателя",1,0,96746.0,0,2,0,0.00030368928857738584,0.0,1,False,False,1,0.0
100000004979498100,peripheral,0.2,51,0.368523,"Отправителей: 1, получателей: 1; переводов вход/выход: 2/1; недостаточно признаков роли",1,1,700000.0,200000.0,2,1,0.0013268271292330228,0.2857142857142857,2,False,False,1,0.0
100000008583360100,peripheral,0.2,7,0.368199,"Отправителей: 1, получателей: 1; переводов вход/выход: 1/1; недостаточно признаков роли",1,1,112843.0,170000.0,1,1,0.00032755626727650616,1.5065179054083992,3,False,False,1,0.0
100000001782980100,peripheral,0.2,28,0.368108,"Отправителей: 1, получателей: 1; переводов вход/выход: 1/3; недостаточно признаков роли",1,1,50000.0,596200.0,1,3,0.0003699935479892362,11.924,2,False,False,1,0.0
100000003896956100,peripheral,0.2,4,0.368059,"Отправителей: 1, получателей: 1; переводов вход/выход: 1/2; недостаточно признаков роли",1,1,10000.0,27000.0,1,2,0.0002885701950308836,2.7,3,False,False,2,1.0
100000002727288100,terminal,0.5,15,0.367798,"Входящих переводов: 1, отправителей: 1, исходящих: 0; колено 3; гипотеза конечного получателя",1,0,16000.0,0,1,0,0.0003660790324924297,0.0,3,False,False,3,0.0
100000002459093100,peripheral,0.2,26,0.367715,"Отправителей: 1, получателей: 1; переводов вход/выход: 2/3; недостаточно признаков роли",1,1,500000.0,55000.0,2,3,0.0003891348935281513,0.11,2,False,False,1,0.0
100000002528544100,terminal,0.5,3,0.36757,"Входящих переводов: 1, отправителей: 1, исходящих: 0; колено 3; гипотеза конечного получателя",1,0,192912.0,0,1,0,0.0002992962040838093,0.0,3,False,False,1,0.0
100000004698193100,peripheral,0.2,6,0.367288,"Отправителей: 2, получателей: 3; переводов вход/выход: 15/5; недостаточно признаков роли",2,3,222700.0,38000.0,15,5,0.0008233508351092408,0.17063313875168387,2,False,False,1,0.05388414907947912
100000005628518100,terminal,0.5,18,0.367245,"Входящих переводов: 3, отправителей: 1, исходящих: 0; колено 3; гипотеза конечного получателя",1,0,77000.0,0,3,0,0.000532715601251374,0.0,3,False,False,1,0.0
100000002208836100,peripheral,0.0,5,0.367058,Граница 4-го колена: исходящие не наблюдаются; роль не определена,1,0,90000.0,0,1,0,0.0003297656964776637,0.0,4,False,True,3,0.0
100000000917179100,terminal,0.5,14,0.366763,"Входящих переводов: 2, отправителей: 1, исходящих: 0; колено 2; гипотеза конечного получателя",1,0,94465.0,0,2,0,0.0004257127130697302,0.0,2,False,False,1,0.0
100000007597382100,terminal,0.5,5,0.366732,"Входящих переводов: 1, отправителей: 1, исходящих: 0; колено 3; гипотеза конечного получателя",1,0,15700.0,0,1,0,0.0002860859312709559,0.0,3,False,False,3,0.0
100000002737980100,terminal,0.5,4,0.366668,"Входящих переводов: 1, отправителей: 1, исходящих: 0; колено 3; гипотеза конечного получателя",1,0,32900.0,0,1,0,0.00029542098464619126,0.0,3,False,False,2,0.0
100000003278020100,terminal,0.5,0,0.366617,"Входящих переводов: 1, отправителей: 1, исходящих: 0; колено 2; гипотеза конечного получателя",1,0,190000.0,0,1,0,0.00032451610556241667,0.0,2,False,False,1,0.0
100000008751429100,peripheral,0.2,40,0.366605,"Отправителей: 3, получателей: 1; переводов вход/выход: 6/2; недостаточно признаков роли",3,1,386200.0,72600.0,6,2,0.0015856741609882824,0.1879854997410668,1,False,False,1,0.1879854997410668
100000005745873100,peripheral,0.0,38,0.3666,Граница 4-го колена: исходящие не наблюдаются; роль не определена,1,0,223000.0,0,1,0,0.0003162955551709217,0.0,4,False,True,2,0.0
100000003071649100,terminal,0.5,8,0.366336,"Входящих переводов: 1, отправителей: 1, исходящих: 0; колено 3; гипотеза конечного получателя",1,0,189500.0,0,1,0,0.00029532840362164243,0.0,3,False,False,1,0.0
100000002308091100,terminal,0.5,13,0.365663,"Входящих переводов: 1, отправителей: 1, исходящих: 0; колено 3; гипотеза конечного получателя",1,0,186720.0,0,1,0,0.0005607447048540056,0.0,3,False,False,1,0.0
100000001380054100,peripheral,0.2,28,0.365326,"Отправителей: 2, получателей: 3; переводов вход/выход: 2/4; недостаточно признаков роли",2,3,127050.0,360000.0,2,4,0.0007150443284611669,2.833530106257379,1,False,False,1,0.0
100000002779485100,terminal,0.5,3,0.365305,"Входящих переводов: 2, отправителей: 1, исходящих: 0; колено 2; гипотеза конечного получателя",1,0,91000.0,0,2,0,0.0005465810690654029,0.0,2,False,False,1,0.0
100000001439416100,peripheral,0.2,0,0.365237,"Отправителей: 1, получателей: 2; переводов вход/выход: 1/3; недостаточно признаков роли",1,2,10000.0,165000.0,1,3,0.0003429572627629115,16.5,3,False,False,1,0.0
100000005608515100,terminal,0.5,6,0.365147,"Входящих переводов: 4, отправителей: 1, исходящих: 0; колено 2; гипотеза конечного получателя",1,0,64000.0,0,4,0,0.00029315325971232813,0.0,2,False,False,1,0.0
100000001138376100,terminal,0.5,15,0.364826,"Входящих переводов: 1, отправителей: 1, исходящих: 0; колено 2; гипотеза конечного получателя",1,0,15300.0,0,1,0,0.0002904347778121005,0.0,2,False,False,3,0.0
100000001477796100,terminal,0.5,2,0.364654,"Входящих переводов: 1, отправителей: 1, исходящих: 0; колено 1; гипотеза конечного получателя",1,0,182000.0,0,1,0,0.0003306201400397209,0.0,1,False,False,1,0.0
100000008116374100,terminal,0.5,4,0.364537,"Входящих переводов: 1, отправителей: 1, исходящих: 0; колено 1; гипотеза конечного получателя",1,0,31284.0,0,1,0,0.00028893818688781423,0.0,1,False,False,2,0.0
100000003191430100,terminal,0.5,4,0.364317,"Входящих переводов: 1, отправителей: 1, исходящих: 0; колено 2; гипотеза конечного получателя",1,0,180000.0,0,1,0,0.0005304673495093153,0.0,2,False,False,1,0.0
100000004225615100,terminal,0.5,8,0.364015,"Входящих переводов: 2, отправителей: 1, исходящих: 0; колено 2; гипотеза конечного получателя",1,0,90000.0,0,2,0,0.00029403662134418434,0.0,2,False,False,1,0.0
100000001837130100,terminal,0.5,0,0.363308,"Входящих переводов: 1, отправителей: 1, исходящих: 0; колено 3; гипотеза конечного получателя",1,0,172900.0,0,1,0,0.00030087767140475255,0.0,3,False,False,1,0.0
100000001684867100,terminal,0.5,4,0.363079,"Входящих переводов: 1, отправителей: 1, исходящих: 0; колено 1; гипотеза конечного получателя",1,0,30550.0,0,1,0,0.0002888593622927078,0.0,1,False,False,2,0.0
100000002945031100,terminal,0.5,12,0.362975,"Входящих переводов: 1, отправителей: 1, исходящих: 0; колено 3; гипотеза конечного получателя",1,0,15000.0,0,1,0,0.00029111978552546033,0.0,3,False,False,3,0.0
100000003989033100,peripheral,0.0,7,0.362501,Граница 4-го колена: исходящие не наблюдаются; роль не определена,1,0,373400.0,0,13,0,0.0005984574753408723,0.0,4,False,True,1,0.0
100000008714412100,terminal,0.5,7,0.362074,"Входящих переводов: 1, отправителей: 1, исходящих: 0; колено 3; гипотеза конечного получателя",1,0,169000.0,0,1,0,0.00031164058385855766,0.0,3,False,False,1,0.0
100000002371751100,peripheral,0.2,60,0.362018,"Отправителей: 1, получателей: 1; переводов вход/выход: 5/1; недостаточно признаков роли",1,1,200000.0,250000.0,5,1,0.0005283203991937055,1.25,1,False,False,1,0.85
100000004991593100,peripheral,0.0,3,0.361988,Граница 4-го колена: исходящие не наблюдаются; роль не определена,1,0,45000.0,0,2,0,0.00035482009295436116,0.0,4,False,True,3,0.0
100000003123296100,terminal,0.5,10,0.361603,"Входящих переводов: 2, отправителей: 1, исходящих: 0; колено 1; гипотеза конечного получателя",1,0,86200.0,0,2,0,0.00029986771371610943,0.0,1,False,False,1,0.0
100000002981527100,terminal,0.5,8,0.36157,"Входящих переводов: 1, отправителей: 1, исходящих: 0; колено 1; гипотеза конечного получателя",1,0,168000.0,0,1,0,0.0003036002382141091,0.0,1,False,False,1,0.0
100000002884708100,peripheral,0.0,9,0.361536,Граница 4-го колена: исходящие не наблюдаются; роль не определена,1,0,1171644.0,0,2,0,0.0005622191537705101,0.0,4,False,True,1,0.0
100000008289539100,terminal,0.5,15,0.361461,"Входящих переводов: 1, отправителей: 1, исходящих: 0; колено 2; гипотеза конечного получателя",1,0,14912.0,0,1,0,0.00029031162727228524,0.0,2,False,False,3,0.0
100000002677201100,peripheral,0.2,9,0.361133,"Отправителей: 1, получателей: 1; переводов вход/выход: 1/1; недостаточно признаков роли",1,1,150000.0,87750.0,1,1,0.0003090559492467614,0.585,3,False,False,1,0.0
100000001819396100,terminal,0.5,25,0.360953,"Входящих переводов: 1, отправителей: 1, исходящих: 0; колено 3; гипотеза конечного получателя",1,0,166080.0,0,1,0,0.0003270800141056913,0.0,3,False,False,1,0.0
100000004911971100,peripheral,0.0,34,0.360844,Граница 4-го колена: исходящие не наблюдаются; роль не определена,1,0,35000.0,0,3,0,0.00028905236035643044,0.0,4,False,True,3,0.0
100000008655035100,terminal,0.5,6,0.360835,"Входящих переводов: 1, отправителей: 1, исходящих: 0; колено 2; гипотеза конечного получателя",1,0,30000.0,0,1,0,0.0005398472545313524,0.0,2,False,False,2,0.0
100000004035925100,peripheral,0.0,62,0.360751,Граница 4-го колена: исходящие не наблюдаются; роль не определена,1,0,1111588.0,0,2,0,0.00046221632026509135,0.0,4,False,True,1,0.0
100000005767403100,peripheral,0.0,32,0.360639,Граница 4-го колена: исходящие не наблюдаются; роль не определена,1,0,1100000.0,0,2,0,0.0010787285346610415,0.0,4,False,True,1,0.0
100000005888829100,peripheral,0.0,8,0.360432,Граница 4-го колена: исходящие не наблюдаются; роль не определена,1,0,197000.0,0,1,0,0.0003114558993738817,0.0,4,False,True,2,0.0
100000007071852100,peripheral,0.0,3,0.36032,Граница 4-го колена: исходящие не наблюдаются; роль не определена,1,0,195000.0,0,1,0,0.0004433257350185346,0.0,4,False,True,2,0.0
100000002671326100,peripheral,0.0,9,0.359966,Граница 4-го колена: исходящие не наблюдаются; роль не определена,1,0,1050000.0,0,2,0,0.0006288905057557877,0.0,4,False,True,1,0.0
100000002635780100,terminal,0.5,6,0.359607,"Входящих переводов: 1, отправителей: 1, исходящих: 0; колено 2; гипотеза конечного получателя",1,0,163000.02,0,1,0,0.0005550399060559904,0.0,2,False,False,1,0.0
100000008724461100,peripheral,0.2,8,0.359226,"Отправителей: 1, получателей: 1; переводов вход/выход: 1/1; недостаточно признаков роли",1,1,100111.0,130000.0,1,1,0.0002907293184501384,1.298558599954051,3,False,False,1,0.0
100000002212494100,terminal,0.5,30,0.358934,"Входящих переводов: 1, отправителей: 1, исходящих: 0; колено 3; гипотеза конечного получателя",1,0,160000.0,0,1,0,0.00035639169184545284,0.0,3,False,False,1,0.0
100000008717375100,terminal,0.5,2,0.358929,"Входящих переводов: 1, отправителей: 1, исходящих: 0; колено 2; гипотеза конечного получателя",1,0,29506.0,0,1,0,0.00030176277907874554,0.0,2,False,False,2,0.0
100000001114385100,terminal,0.5,2,0.358817,"Входящих переводов: 1, отправителей: 1, исходящих: 0; колено 2; гипотеза конечного получателя",1,0,29500.0,0,1,0,0.00029022294154703855,0.0,2,False,False,2,0.0
100000004770073100,transit,0.7992,0,0.358792,Отдал/получил в выборке: 1.00; временно сопоставлено за 48 ч: 0%; признаки транзита,1,1,5462.4,5466.97,1,1,0.0002878104555226584,1.0008366285881665,3,False,False,1,0.0
100000002861485100,terminal,0.5,4,0.35848,"Входящих переводов: 1, отправителей: 1, исходящих: 0; колено 1; гипотеза конечного получателя",1,0,29323.0,0,1,0,0.00028872759420252314,0.0,1,False,False,2,0.0
100000001471706100,peripheral,0.0,19,0.358137,Граница 4-го колена: исходящие не наблюдаются; роль не определена,1,0,377000.0,0,8,0,0.000539827192782574,0.0,4,False,True,1,0.0
100000003927792100,terminal,0.5,15,0.357536,"Входящих переводов: 1, отправителей: 1, исходящих: 0; колено 2; гипотеза конечного получателя",1,0,13067.0,0,1,0,0.00028972602741156593,0.0,2,False,False,3,0.0
100000002257794100,terminal,0.5,23,0.357195,"Входящих переводов: 1, отправителей: 1, исходящих: 0; колено 3; гипотеза конечного получателя",1,0,154000.0,0,1,0,0.0008591432833644317,0.0,3,False,False,1,0.0
100000002975437100,peripheral,0.2,30,0.357139,"Отправителей: 1, получателей: 1; переводов вход/выход: 2/1; недостаточно признаков роли",1,1,530000.0,8500.0,2,1,0.0005201470040961307,0.016037735849056604,3,False,False,1,0.0
100000006232642100,peripheral,0.0,39,0.356556,Граница 4-го колена: исходящие не наблюдаются; роль не определена,1,0,456000.0,0,4,0,0.00042759448568953476,0.0,4,False,True,1,0.0
100000002742067100,terminal,0.5,15,0.356526,"Входящих переводов: 1, отправителей: 1, исходящих: 0; колено 2; гипотеза конечного получателя",1,0,12730.0,0,1,0,0.00028961906418497387,0.0,2,False,False,3,0.0
100000007322059100,peripheral,0.2,31,0.356211,"Отправителей: 2, получателей: 1; переводов вход/выход: 2/2; недостаточно признаков роли",2,1,29000.0,22500.0,2,2,0.0006784862311781716,0.7758620689655172,2,False,False,1,0.0
100000007641183100,terminal,0.5,4,0.356181,"Входящих переводов: 1, отправителей: 1, исходящих: 0; колено 1; гипотеза конечного получателя",1,0,28000.0,0,1,0,0.00028858551662850983,0.0,1,False,False,2,0.0
100000001275752100,terminal,0.5,8,0.35613,"Входящих переводов: 1, отправителей: 1, исходящих: 0; колено 3; гипотеза конечного получателя",1,0,151500.0,0,1,0,0.00029337329464271716,0.0,3,False,False,1,0.0
100000001952325100,terminal,0.5,1,0.355547,"Входящих переводов: 2, отправителей: 1, исходящих: 0; колено 1; гипотеза конечного получателя",1,0,77888.0,0,2,0,0.0003018913191831628,0.0,1,False,False,1,0.0
100000003616818100,peripheral,0.2,23,0.355457,"Отправителей: 3, получателей: 3; переводов вход/выход: 4/8; недостаточно признаков роли",3,3,78000.0,240100.0,4,8,0.0005125375307400925,3.0782051282051284,1,False,False,1,0.0
100000000861294100,terminal,0.5,6,0.354672,"Входящих переводов: 1, отправителей: 1, исходящих: 0; колено 2; гипотеза конечного получателя",1,0,150000.0,0,1,0,0.0003139701075632952,0.0,2,False,False,1,0.0
100000002170580100,terminal,0.5,7,0.354672,"Входящих переводов: 1, отправителей: 1, исходящих: 0; колено 2; гипотеза конечного получателя",1,0,150000.0,0,1,0,0.00035691563726129443,0.0,2,False,False,1,0.0
100000002968096100,peripheral,0.0,3,0.35416,Граница 4-го колена: исходящие не наблюдаются; роль не определена,1,0,70000.0,0,1,0,0.0003194493244264903,0.0,4,False,True,3,0.0
100000003237045100,peripheral,0.2,4,0.353438,"Отправителей: 1, получателей: 1; переводов вход/выход: 2/1; недостаточно признаков роли",1,1,340200.0,150000.0,2,1,0.0003938758335981493,0.4409171075837742,2,False,False,1,0.0
100000008735802100,peripheral,0.0,0,0.352951,Граница 4-го колена: исходящие не наблюдаются; роль не определена,1,0,85000.0,0,2,0,0.0005084579698371624,0.0,4,False,True,2,0.0
100000005904580100,terminal,0.5,10,0.352631,"Входящих переводов: 2, отправителей: 2, исходящих: 0; колено 2; гипотеза конечного получателя",2,0,72000.0,0,2,0,0.0005220741032749333,0.0,2,False,False,1,0.0
100000000733940100,peripheral,0.0,30,0.352451,Граница 4-го колена: исходящие не наблюдаются; роль не определена,1,0,752000.0,0,2,0,0.0004109535746451648,0.0,4,False,True,1,0.0
100000002818726100,terminal,0.5,12,0.352376,"Входящих переводов: 1, отправителей: 1, исходящих: 0; колено 3; гипотеза конечного получателя",1,0,10879.0,0,1,0,0.0002895974327171591,0.0,3,False,False,3,0.0
100000004564736100,terminal,0.5,21,0.352345,"Входящих переводов: 2, отправителей: 1, исходящих: 0; колено 3; гипотеза конечного получателя",1,0,15000.0,0,2,0,0.00037682104151118734,0.0,3,False,False,2,0.0
100000000733373100,terminal,0.5,4,0.35204,"Входящих переводов: 1, отправителей: 1, исходящих: 0; колено 2; гипотеза конечного получателя",1,0,10710.0,0,1,0,0.0003057667316586293,0.0,2,False,False,3,0.0
100000000993112100,terminal,0.5,31,0.351475,"Входящих переводов: 1, отправителей: 1, исходящих: 0; колено 2; гипотеза конечного получателя",1,0,141000.0,0,1,0,0.0004408755656653885,0.0,2,False,False,1,0.0
100000002914245100,terminal,0.5,3,0.351195,"Входящих переводов: 1, отправителей: 1, исходящих: 0; колено 3; гипотеза конечного получателя",1,0,140611.0,0,1,0,0.00029557717542772984,0.0,3,False,False,1,0.0
100000004741837100,terminal,0.5,4,0.35119,"Входящих переводов: 1, отправителей: 1, исходящих: 0; колено 1; гипотеза конечного получателя",1,0,25596.0,0,1,0,0.00028832734997096796,0.0,1,False,False,2,0.0
100000003736419100,peripheral,0.2,0,0.350977,"Отправителей: 1, получателей: 1; переводов вход/выход: 1/1; недостаточно признаков роли",1,1,23300.0,10000.0,1,1,0.0002916397812649052,0.4291845493562232,3,False,False,2,0.0
100000002605184100,terminal,0.5,15,0.350859,"Входящих переводов: 1, отправителей: 1, исходящих: 0; колено 2; гипотеза конечного получателя",1,0,140000.0,0,1,0,0.000390957368371658,0.0,2,False,False,1,0.0
100000002194329100,terminal,0.5,0,0.350405,"Входящих переводов: 1, отправителей: 1, исходящих: 0; колено 3; гипотеза конечного получателя",1,0,25170.0,0,1,0,0.0002869939008778769,0.0,3,False,False,2,0.0
100000001726614100,terminal,0.5,0,0.350298,"Входящих переводов: 1, отправителей: 1, исходящих: 0; колено 3; гипотеза конечного получателя",1,0,138717.0,0,1,0,0.00029785298250915073,0.0,3,False,False,1,0.0
100000008571243100,terminal,0.5,7,0.3494,"Входящих переводов: 1, отправителей: 1, исходящих: 0; колено 3; гипотеза конечного получателя",1,0,134000.0,0,1,0,0.0003062431282344812,0.0,3,False,False,1,0.0
100000001688676100,terminal,0.5,18,0.349288,"Входящих переводов: 1, отправителей: 1, исходящих: 0; колено 3; гипотеза конечного получателя",1,0,133700.0,0,1,0,0.0003084042428533087,0.0,3,False,False,1,0.0
100000002954780100,terminal,0.5,8,0.349176,"Входящих переводов: 1, отправителей: 1, исходящих: 0; колено 3; гипотеза конечного получателя",1,0,133400.0,0,1,0,0.00029244204536591325,0.0,3,False,False,1,0.0
100000006714366100,peripheral,0.2,12,0.348967,"Отправителей: 1, получателей: 1; переводов вход/выход: 1/1; недостаточно признаков роли",1,1,10500.0,5000.0,1,1,0.00028945742502137017,0.47619047619047616,3,False,False,3,0.0
100000000560751100,terminal,0.5,12,0.348778,"Входящих переводов: 1, отправителей: 1, исходящих: 0; колено 3; гипотеза конечного получателя",1,0,25000.0,0,1,0,0.0005521081346790685,0.0,3,False,False,2,0.0
100000004192107100,terminal,0.5,2,0.348778,"Входящих переводов: 1, отправителей: 1, исходящих: 0; колено 2; гипотеза конечного получателя",1,0,25000.0,0,1,0,0.0002992912145250094,0.0,2,False,False,2,0.0
100000005561741100,terminal,0.5,7,0.348778,"Входящих переводов: 1, отправителей: 1, исходящих: 0; колено 2; гипотеза конечного получателя",1,0,25000.0,0,1,0,0.0003297911108423509,0.0,2,False,False,2,0.0
100000006919124100,terminal,0.5,0,0.348778,"Входящих переводов: 1, отправителей: 1, исходящих: 0; колено 3; гипотеза конечного получателя",1,0,25000.0,0,1,0,0.0002869843417242987,0.0,3,False,False,2,0.0
100000008686214100,terminal,0.5,3,0.348778,"Входящих переводов: 1, отправителей: 1, исходящих: 0; колено 3; гипотеза конечного получателя",1,0,25000.0,0,1,0,0.0002977205048291756,0.0,3,False,False,2,0.0
100000004407753100,peripheral,0.2,27,0.34876,"Отправителей: 1, получателей: 1; переводов вход/выход: 4/1; недостаточно признаков роли",1,1,250000.0,100000.0,4,1,0.0008760714281284281,0.4,3,False,False,1,0.4
100000002906470100,terminal,0.5,18,0.348447,"Входящих переводов: 1, отправителей: 1, исходящих: 0; колено 3; гипотеза конечного получателя",1,0,130000.0,0,1,0,0.00030777256792189397,0.0,3,False,False,1,0.0
100000005316708100,peripheral,0.2,6,0.348368,"Отправителей: 1, получателей: 2; переводов вход/выход: 1/4; недостаточно признаков роли",1,2,90000.0,257500.0,1,4,0.00029768618587519834,2.861111111111111,1,False,False,1,0.0
100000002214301100,peripheral,0.2,0,0.348321,"Отправителей: 1, получателей: 1; переводов вход/выход: 1/1; недостаточно признаков роли",1,1,21438.0,8000.0,1,1,0.0002895917449892842,0.373169138912212,1,False,False,1,0.0
100000003073635100,terminal,0.5,3,0.348055,"Входящих переводов: 1, отправителей: 1, исходящих: 0; колено 3; гипотеза конечного получателя",1,0,129231.0,0,1,0,0.00031180617405898633,0.0,3,False,False,1,0.0
100000000912487100,terminal,0.5,2,0.34789,"Входящих переводов: 1, отправителей: 1, исходящих: 0; колено 2; гипотеза конечного получателя",1,0,10000.0,0,1,0,0.00029167574808945825,0.0,2,False,False,3,0.0
100000004750897100,terminal,0.5,15,0.34789,"Входящих переводов: 1, отправителей: 1, исходящих: 0; колено 3; гипотеза конечного получателя",1,0,10000.0,0,1,0,0.0004894532436739689,0.0,3,False,False,3,0.0
100000005030592100,terminal,0.5,15,0.34789,"Входящих переводов: 1, отправителей: 1, исходящих: 0; колено 2; гипотеза конечного получателя",1,0,10000.0,0,1,0,0.0002887525668300883,0.0,2,False,False,3,0.0
100000005032294100,terminal,0.5,14,0.34789,"Входящих переводов: 1, отправителей: 1, исходящих: 0; колено 2; гипотеза конечного получателя",1,0,10000.0,0,1,0,0.00039201236982845254,0.0,2,False,False,3,0.0
100000007173936100,terminal,0.5,29,0.34789,"Входящих переводов: 1, отправителей: 1, исходящих: 0; колено 2; гипотеза конечного получателя",1,0,10000.0,0,1,0,0.00028682320327989624,0.0,2,False,False,3,0.0
100000008733049100,terminal,0.5,15,0.34789,"Входящих переводов: 1, отправителей: 1, исходящих: 0; колено 2; гипотеза конечного получателя",1,0,10000.0,0,1,0,0.0002887525668300883,0.0,2,False,False,3,0.0
100000008767065100,terminal,0.5,17,0.34789,"Входящих переводов: 1, отправителей: 1, исходящих: 0; колено 3; гипотеза конечного получателя",1,0,10000.0,0,1,0,0.00028710377837863507,0.0,3,False,False,3,0.0
100000003271151100,terminal,0.5,3,0.34783,"Входящих переводов: 1, отправителей: 1, исходящих: 0; колено 3; гипотеза конечного получателя",1,0,127294.0,0,1,0,0.0003114130575293287,0.0,3,False,False,1,0.0
100000001816678100,peripheral,0.0,2,0.34771,Граница 4-го колена: исходящие не наблюдаются; роль не определена,1,0,60000.0,0,1,0,0.00030963588290790596,0.0,4,False,True,3,0.0
100000004326224100,peripheral,0.0,5,0.34771,Граница 4-го колена: исходящие не наблюдаются; роль не определена,1,0,60000.0,0,1,0,0.0005345822466591922,0.0,4,False,True,3,0.0
100000004610802100,peripheral,0.0,58,0.347662,Граница 4-го колена: исходящие не наблюдаются; роль не определена,1,0,241000.0,0,18,0,0.00047371674702273713,0.0,4,False,True,1,0.0
100000005878334100,peripheral,0.0,3,0.347399,Граница 4-го колена: исходящие не наблюдаются; роль не определена,1,0,76400.0,0,2,0,0.0003988260642366995,0.0,4,False,True,2,0.0
100000003497735100,terminal,0.5,18,0.347213,"Входящих переводов: 1, отправителей: 1, исходящих: 0; колено 3; гипотеза конечного получателя",1,0,125000.0,0,1,0,0.00030691895314971187,0.0,3,False,False,1,0.0
100000008695157100,peripheral,0.0,3,0.347157,Граница 4-го колена: исходящие не наблюдаются; роль не определена,1,0,425546.0,0,3,0,0.0004972507482388094,0.0,4,False,True,1,0.0
100000006989106100,terminal,0.5,6,0.347135,"Входящих переводов: 2, отправителей: 1, исходящих: 0; колено 2; гипотеза конечного получателя",1,0,64000.0,0,2,0,0.0004954045468907412,0.0,2,False,False,1,0.0
100000003166755100,terminal,0.5,2,0.346255,"Входящих переводов: 1, отправителей: 1, исходящих: 0; колено 2; гипотеза конечного получателя",1,0,24010.0,0,1,0,0.0002893586187069262,0.0,2,False,False,2,0.0
100000008595687100,peripheral,0.2,4,0.346053,"Отправителей: 1, получателей: 1; переводов вход/выход: 1/1; недостаточно признаков роли",1,1,64395.0,10400.0,1,1,0.0003048430640756285,0.161503222299868,3,False,False,2,0.161503222299868
100000002394199100,peripheral,0.2,6,0.346013,"Отправителей: 1, получателей: 1; переводов вход/выход: 3/1; недостаточно признаков роли",1,1,277398.0,76777.0,3,1,0.003177222600251196,0.2767756076107254,3,False,False,1,0.0
100000008598972100,terminal,0.5,3,0.34598,"Входящих переводов: 1, отправителей: 1, исходящих: 0; колено 3; гипотеза конечного получателя",1,0,120000.0,0,1,0,0.0002941115648346158,0.0,3,False,False,1,0.0
100000002796853100,peripheral,0.2,61,0.345901,"Отправителей: 1, получателей: 1; переводов вход/выход: 8/5; недостаточно признаков роли",1,1,199000.0,46167.62,8,5,0.002185645867748478,0.23199809045226133,2,False,False,1,0.10636994974874371
100000002934441100,terminal,0.5,0,0.345789,"Входящих переводов: 2, отправителей: 2, исходящих: 0; колено 1; гипотеза конечного получателя",2,0,60845.6,0,2,0,0.00030245429152858883,0.0,1,False,False,1,0.0
100000003230328100,peripheral,0.0,0,0.345198,Граница 4-го колена: исходящие не наблюдаются; роль не определена,3,0,26572.0,0,3,0,0.00035161204009162507,0.0,4,False,True,3,0.0
100000002681449100,peripheral,0.2,9,0.344809,"Отправителей: 2, получателей: 2; переводов вход/выход: 2/2; недостаточно признаков роли",2,2,94638.0,133000.0,2,2,0.00029512733262223337,1.4053551427544961,1,False,False,1,0.0
100000003900547100,terminal,0.5,4,0.344797,"Входящих переводов: 1, отправителей: 1, исходящих: 0; колено 1; гипотеза конечного получателя",1,0,23700.0,0,1,0,0.0002881237376653525,0.0,1,False,False,2,0.0
100000003192220100,terminal,0.5,53,0.344667,"Входящих переводов: 2, отправителей: 1, исходящих: 0; колено 2; гипотеза конечного получателя",1,0,60000.0,0,2,0,0.000502586659512835,0.0,2,False,False,1,0.0
100000006534886100,peripheral,0.2,4,0.344555,"Отправителей: 1, получателей: 1; переводов вход/выход: 5/8; недостаточно признаков роли",1,1,71700.0,167500.0,5,8,0.001130051735890357,2.336122733612273,2,False,False,1,0.2482566248256625
100000001138283100,peripheral,0.2,3,0.344511,"Отправителей: 1, получателей: 2; переводов вход/выход: 1/2; недостаточно признаков роли",1,2,81805.0,50000.0,1,2,0.0003021810090948451,0.6112095837662734,3,False,False,1,0.0
100000004071070100,peripheral,0.2,0,0.344067,"Отправителей: 2, получателей: 1; переводов вход/выход: 5/1; недостаточно признаков роли",2,1,41000.0,6000.0,5,1,0.0011888274015915152,0.14634146341463414,2,False,False,2,0.14634146341463414
100000003692843100,peripheral,0.0,50,0.343703,Граница 4-го колена: исходящие не наблюдаются; роль не определена,1,0,510000.0,0,2,0,0.0005291772677900955,0.0,4,False,True,1,0.0
100000002769809100,terminal,0.5,18,0.34368,"Входящих переводов: 1, отправителей: 1, исходящих: 0; колено 3; гипотеза конечного получателя",1,0,113422.0,0,1,0,0.00037763119498565454,0.0,3,False,False,1,0.0
100000001650895100,peripheral,0.2,7,0.343636,"Отправителей: 1, получателей: 1; переводов вход/выход: 1/1; недостаточно признаков роли",1,1,153500.0,10000.0,1,1,0.0003092502820821809,0.06514657980456026,3,False,False,1,0.0
100000002530224100,terminal,0.5,8,0.343456,"Входящих переводов: 1, отправителей: 1, исходящих: 0; колено 3; гипотеза конечного получателя",1,0,113000.0,0,1,0,0.0002913924605456481,0.0,3,False,False,1,0.0
100000004292885100,terminal,0.5,1,0.34312,"Входящих переводов: 1, отправителей: 1, исходящих: 0; колено 3; гипотеза конечного получателя",1,0,112700.0,0,1,0,0.0003031344125530807,0.0,3,False,False,1,0.0
100000003292191100,terminal,0.5,17,0.342839,"Входящих переводов: 1, отправителей: 1, исходящих: 0; колено 3; гипотеза конечного получателя",1,0,112000.0,0,1,0,0.0002996212373697517,0.0,3,False,False,1,0.0
100000004635886100,terminal,0.5,4,0.342273,"Входящих переводов: 1, отправителей: 1, исходящих: 0; колено 3; гипотеза конечного получателя",1,0,23000.0,0,1,0,0.00029245928957232463,0.0,3,False,False,2,0.0
100000008713270100,peripheral,0.2,6,0.341884,"Отправителей: 1, получателей: 3; переводов вход/выход: 1/3; недостаточно признаков роли",1,3,30000.0,190000.0,1,3,0.00029125688858878685,6.333333333333333,2,False,False,1,1.0
100000004285800100,peripheral,0.2,0,0.34151,"Отправителей: 1, получателей: 1; переводов вход/выход: 1/1; недостаточно признаков роли",1,1,5000.0,15000.0,1,1,0.00034415041342152156,3.0,2,False,False,4,0.0
100000004611571100,terminal,0.5,0,0.341432,"Входящих переводов: 1, отправителей: 1, исходящих: 0; колено 3; гипотеза конечного получателя",1,0,22550.0,0,1,0,0.0002868465774521431,0.0,3,False,False,2,0.0
100000008738526100,peripheral,0.2,17,0.341393,"Отправителей: 1, получателей: 1; переводов вход/выход: 1/1; недостаточно признаков роли",1,1,15000.0,140000.0,1,1,0.00028745929637077476,9.333333333333334,3,False,False,1,0.0
100000002534091100,terminal,0.5,3,0.341152,"Входящих переводов: 1, отправителей: 1, исходящих: 0; колено 3; гипотеза конечного получателя",1,0,22200.0,0,1,0,0.00029636060967896586,0.0,3,False,False,2,0.0
100000002969048100,terminal,0.5,6,0.340989,"Входящих переводов: 1, отправителей: 1, исходящих: 0; колено 2; гипотеза конечного получателя",1,0,108470.0,0,1,0,0.00030610944102986746,0.0,2,False,False,1,0.0
100000008638859100,peripheral,0.0,18,0.340691,Граница 4-го колена: исходящие не наблюдаются; роль не определена,1,0,34000.0,0,1,0,0.0005390353688337021,0.0,4,False,True,4,0.0
100000008514970100,peripheral,0.2,3,0.340539,"Отправителей: 1, получателей: 1; переводов вход/выход: 1/1; недостаточно признаков роли",1,1,379966.0,31000.0,1,1,0.00031259727263382363,0.0815862471905381,3,False,False,1,0.0
100000002599729100,peripheral,0.0,0,0.340333,Граница 4-го колена: исходящие не наблюдаются; роль не определена,1,0,65000.0,0,2,0,0.00048556352745074714,0.0,4,False,True,2,0.0
100000004261340100,peripheral,0.0,0,0.340119,Граница 4-го колена: исходящие не наблюдаются; роль не определена,1,0,48500.0,0,4,0,0.0003473109054888732,0.0,4,False,True,2,0.0
100000008672603100,terminal,0.5,2,0.339806,"Входящих переводов: 1, отправителей: 1, исходящих: 0; колено 2; гипотеза конечного получателя",1,0,21200.0,0,1,0,0.0002972068946616723,0.0,2,False,False,2,0.0
100000000802149100,terminal,0.5,0,0.339531,"Входящих переводов: 1, отправителей: 1, исходящих: 0; колено 3; гипотеза конечного получателя",1,0,104128.0,0,1,0,0.0002947923686306154,0.0,3,False,False,1,0.0
100000001524952100,terminal,0.5,0,0.339418,"Входящих переводов: 1, отправителей: 1, исходящих: 0; колено 1; гипотеза конечного получателя",1,0,103807.0,0,1,0,0.00030501109708744566,0.0,1,False,False,1,0.0
100000004692798100,peripheral,0.2,10,0.339194,"Отправителей: 2, получателей: 1; переводов вход/выход: 4/2; недостаточно признаков роли",2,1,240305.0,15000.0,4,2,0.002017526775087132,0.06242067372713843,1,False,False,1,0.0
100000001330595100,peripheral,0.2,23,0.338981,"Отправителей: 3, получателей: 1; переводов вход/выход: 6/1; недостаточно признаков роли",3,1,87000.0,154000.0,6,1,0.0006747819360666174,1.7701149425287357,2,False,False,1,0.0
100000008737958100,terminal,0.5,1,0.338835,"Входящих переводов: 2, отправителей: 2, исходящих: 0; колено 1; гипотеза конечного получателя",2,0,53373.0,0,2,0,0.0002996051441492897,0.0,1,False,False,1,0.0
100000008219168100,terminal,0.5,6,0.338723,"Входящих переводов: 2, отправителей: 1, исходящих: 0; колено 1; гипотеза конечного получателя",1,0,53200.0,0,2,0,0.0002886257372036546,0.0,1,False,False,1,0.0
100000002550141100,terminal,0.5,3,0.338521,"Входящих переводов: 1, отправителей: 1, исходящих: 0; колено 3; гипотеза конечного получателя",1,0,100586.0,0,1,0,0.00030774497355036347,0.0,3,False,False,1,0.0
100000000749118100,peripheral,0.2,0,0.338247,"Отправителей: 1, получателей: 1; переводов вход/выход: 1/1; недостаточно признаков роли",1,1,10330.0,16500.0,1,1,0.00028615944300081997,1.5972894482090998,3,False,False,2,0.0
100000001373265100,peripheral,0.2,3,0.33758,"Отправителей: 1, получателей: 1; переводов вход/выход: 1/1; недостаточно признаков роли",1,1,142482.0,5000.0,1,1,0.0003144954807882031,0.0350921519911287,3,False,False,1,0.0
100000003152964100,peripheral,0.2,3,0.337467,"Отправителей: 1, получателей: 1; переводов вход/выход: 1/1; недостаточно признаков роли",1,1,141847.0,5500.0,1,1,0.0003143666067580882,0.03877417217142414,3,False,False,1,0.0
100000006490615100,peripheral,0.0,12,0.337282,Граница 4-го колена: исходящие не наблюдаются; роль не определена,1,0,41600.0,0,6,0,0.0003946227369707845,0.0,4,False,True,2,0.0
100000008732488100,peripheral,0.2,3,0.337187,"Отправителей: 1, получателей: 1; переводов вход/выход: 1/1; недостаточно признаков роли",1,1,137000.0,10000.0,1,1,0.00031338290215341584,0.072992700729927,3,False,False,1,0.0
100000001733216100,peripheral,0.0,0,0.33708,Граница 4-го колена: исходящие не наблюдаются; роль не определена,1,0,60000.0,0,2,0,0.00040752304079126324,0.0,4,False,True,2,0.0
100000005205745100,terminal,0.5,6,0.336955,"Входящих переводов: 1, отправителей: 1, исходящих: 0; колено 2; гипотеза конечного получателя",1,0,6000.0,0,1,0,0.0003122320441705427,0.0,2,False,False,3,0.0
100000003054328100,peripheral,0.2,13,0.336951,"Отправителей: 1, получателей: 2; переводов вход/выход: 1/2; недостаточно признаков роли",1,2,140000.0,193720.0,1,2,0.0003358610354004865,1.3837142857142857,2,False,False,1,0.0
100000002540623100,terminal,0.5,7,0.336895,"Входящих переводов: 1, отправителей: 1, исходящих: 0; колено 2; гипотеза конечного получателя",1,0,100000.0,0,1,0,0.0003331366194559162,0.0,2,False,False,1,0.0
100000002757797100,terminal,0.5,10,0.336895,"Входящих переводов: 1, отправителей: 1, исходящих: 0; колено 1; гипотеза конечного получателя",1,0,100000.0,0,1,0,0.0003021553006328044,0.0,1,False,False,1,0.0
100000003147719100,terminal,0.5,8,0.336895,"Входящих переводов: 1, отправителей: 1, исходящих: 0; колено 3; гипотеза конечного получателя",1,0,100000.0,0,1,0,0.00029072360747391053,0.0,3,False,False,1,0.0
100000004671609100,terminal,0.5,13,0.336895,"Входящих переводов: 1, отправителей: 1, исходящих: 0; колено 3; гипотеза конечного получателя",1,0,100000.0,0,1,0,0.000300231283596435,0.0,3,False,False,1,0.0
100000005241556100,terminal,0.5,17,0.336895,"Входящих переводов: 1, отправителей: 1, исходящих: 0; колено 3; гипотеза конечного получателя",1,0,100000.0,0,1,0,0.0005487498632812814,0.0,3,False,False,1,0.0
100000005474472100,terminal,0.5,22,0.336895,"Входящих переводов: 1, отправителей: 1, исходящих: 0; колено 2; гипотеза конечного получателя",1,0,100000.0,0,1,0,0.0005446462181026931,0.0,2,False,False,1,0.0
100000006100920100,terminal,0.5,0,0.336895,"Входящих переводов: 1, отправителей: 1, исходящих: 0; колено 3; гипотеза конечного получателя",1,0,100000.0,0,1,0,0.0003264373945785124,0.0,3,False,False,1,0.0
100000007653003100,terminal,0.5,16,0.336895,"Входящих переводов: 1, отправителей: 1, исходящих: 0; колено 3; гипотеза конечного получателя",1,0,100000.0,0,1,0,0.0003012884335226631,0.0,3,False,False,1,0.0
100000008596924100,terminal,0.5,6,0.336895,"Входящих переводов: 1, отправителей: 1, исходящих: 0; колено 3; гипотеза конечного получателя",1,0,100000.0,0,1,0,0.0004158777285009483,0.0,3,False,False,1,0.0
100000008619159100,peripheral,0.0,62,0.336861,Граница 4-го колена: исходящие не наблюдаются; роль не определена,1,0,446400.0,0,2,0,0.00035651411529913146,0.0,4,False,True,1,0.0
100000004697956100,transit,0.8,6,0.336588,Отдал/получил в выборке: 1.00; временно сопоставлено за 48 ч: 0%; признаки транзита,1,1,10000.0,10000.0,1,1,0.0004681362601571277,1.0,3,False,False,1,0.0
100000004336228100,terminal,0.5,3,0.336256,"Входящих переводов: 2, отправителей: 1, исходящих: 0; колено 3; гипотеза конечного получателя",1,0,51407.0,0,2,0,0.0002960116976500687,0.0,3,False,False,1,0.0
100000004269433100,peripheral,0.2,59,0.336092,"Отправителей: 0, получателей: 1; переводов вход/выход: 0/67; недостаточно признаков роли; входящие seed неполны",0,1,0,1372000.0,0,67,0.00028557858384515975,,0,True,False,0,0.0
100000002860934100,peripheral,0.0,27,0.335863,Граница 4-го колена: исходящие не наблюдаются; роль не определена,1,0,279500.0,0,4,0,0.0005803961866616501,0.0,4,False,True,1,0.0
100000008193258100,peripheral,0.2,16,0.335538,"Отправителей: 1, получателей: 1; переводов вход/выход: 2/1; недостаточно признаков роли",1,1,75000.0,30000.0,2,1,0.0002973609711032873,0.4,3,False,False,1,0.0
100000008619857100,peripheral,0.2,0,0.335537,"Отправителей: 1, получателей: 2; переводов вход/выход: 1/2; недостаточно признаков роли",1,2,29000.0,13000.0,1,2,0.000287209262984961,0.4482758620689655,3,False,False,2,0.0
100000002686226100,peripheral,0.0,16,0.335515,Граница 4-го колена: исходящие не наблюдаются; роль не определена,1,0,430000.0,0,2,0,0.0006539481279351214,0.0,4,False,True,1,0.0
100000001822650100,peripheral,0.0,8,0.335252,Граница 4-го колена: исходящие не наблюдаются; роль не определена,1,0,112000.0,0,1,0,0.0003058923313776809,0.0,4,False,True,2,0.0
100000005367445100,transit,0.95,9,0.334847,Отдал/получил в выборке: 1.00; временно сопоставлено за 48 ч: 100%; признаки транзита,1,1,5000.0,5000.0,1,1,0.0019484321085056103,1.0,3,False,False,1,1.0
100000008474391100,terminal,0.5,21,0.334703,"Входящих переводов: 1, отправителей: 1, исходящих: 0; колено 3; гипотеза конечного получателя",1,0,20000.0,0,1,0,0.00040723519406652987,0.0,3,False,False,2,0.0
100000002692044100,terminal,0.5,10,0.334652,"Входящих переводов: 1, отправителей: 1, исходящих: 0; колено 1; гипотеза конечного получателя",1,0,97000.0,0,1,0,0.00030165799912917505,0.0,1,False,False,1,0.0
100000008190411100,peripheral,0.0,49,0.334483,Граница 4-го колена: исходящие не наблюдаются; роль не определена,1,0,198450.0,0,12,0,0.0004239856287399322,0.0,4,False,True,1,0.0
100000003447411100,peripheral,0.0,3,0.334259,Граница 4-го колена: исходящие не наблюдаются; роль не определена,1,0,302000.0,0,3,0,0.00030580056891862874,0.0,4,False,True,1,0.0
100000003230329100,peripheral,0.0,8,0.334187,Граница 4-го колена: исходящие не наблюдаются; роль не определена,1,0,110000.0,0,1,0,0.00030002784632312635,0.0,4,False,True,2,0.0
100000001848426100,terminal,0.5,6,0.333923,"Входящих переводов: 1, отправителей: 1, исходящих: 0; колено 2; гипотеза конечного получателя",1,0,95530.0,0,1,0,0.0003036601989171163,0.0,2,False,False,1,0.0
100000001831496100,peripheral,0.2,11,0.333838,"Отправителей: 1, получателей: 1; переводов вход/выход: 1/1; недостаточно признаков роли",1,1,25000.0,373000.0,1,1,0.00029265890759261717,14.92,3,False,False,1,0.0
100000001299323100,peripheral,0.0,8,0.333682,Граница 4-го колена: исходящие не наблюдаются; роль не определена,1,0,109000.0,0,1,0,0.00029989648939150845,0.0,4,False,True,2,0.0
100000002705460100,terminal,0.5,4,0.33353,"Входящих переводов: 1, отправителей: 1, исходящих: 0; колено 3; гипотеза конечного получателя",1,0,95000.0,0,1,0,0.0005572461780805752,0.0,3,False,False,1,0.0
100000002971593100,peripheral,0.0,5,0.333523,Граница 4-го колена: исходящие не наблюдаются; роль не определена,1,0,49050.0,0,1,0,0.0005301058099286997,0.0,4,False,True,3,0.0
100000006689603100,peripheral,0.0,3,0.33316,Граница 4-го колена: исходящие не наблюдаются; роль не определена,1,0,400000.0,0,2,0,0.00031236267003518494,0.0,4,False,True,1,0.0
100000004006327100,peripheral,0.0,9,0.333137,Граница 4-го колена: исходящие не наблюдаются; роль не определена,1,0,300000.0,0,3,0,0.0005549280819915445,0.0,4,False,True,1,0.0
100000004622227100,peripheral,0.2,0,0.333062,"Отправителей: 1, получателей: 3; переводов вход/выход: 1/3; недостаточно признаков роли",1,3,24931.0,19000.0,1,3,0.0002902456293010869,0.762103405398901,1,False,False,1,0.0
100000008601794100,peripheral,0.2,55,0.332907,"Отправителей: 2, получателей: 1; переводов вход/выход: 8/13; недостаточно признаков роли; входящие seed неполны",2,1,494400.0,871400.0,8,13,0.0024535564179119606,1.7625404530744337,0,True,False,0,0.02669902912621359
100000002539625100,terminal,0.5,9,0.332801,"Входящих переводов: 1, отправителей: 1, исходящих: 0; колено 2; гипотеза конечного получателя",1,0,94700.0,0,1,0,0.00034495614997393724,0.0,2,False,False,1,0.0
100000000580561100,peripheral,0.2,41,0.332773,"Отправителей: 2, получателей: 3; переводов вход/выход: 3/13; недостаточно признаков роли; входящие seed неполны",2,3,27980.0,1488077.0,3,13,0.0008334619877345966,53.183595425303785,0,True,False,0,0.8463187991422445
100000008762832100,peripheral,0.2,2,0.332666,"Отправителей: 1, получателей: 1; переводов вход/выход: 1/4; недостаточно признаков роли",1,1,150000.0,85000.0,1,4,0.00030810890868466346,0.5666666666666667,2,False,False,1,0.0
100000001490461100,peripheral,0.2,7,0.332583,"Отправителей: 1, получателей: 1; переводов вход/выход: 1/1; недостаточно признаков роли",1,1,20000.0,5000.0,1,1,0.00032094860544291265,0.25,2,False,False,2,0.0
100000003074515100,peripheral,0.0,8,0.33228,Граница 4-го колена: исходящие не наблюдаются; роль не определена,1,0,105000.0,0,1,0,0.00029937106166503695,0.0,4,False,True,2,0.0
100000005186109100,terminal,0.5,15,0.332076,"Входящих переводов: 1, отправителей: 1, исходящих: 0; колено 3; гипотеза конечного получателя",1,0,5000.0,0,1,0,0.0006053396439564849,0.0,3,False,False,3,0.0
100000008767027100,terminal,0.5,17,0.332076,"Входящих переводов: 1, отправителей: 1, исходящих: 0; колено 3; гипотеза конечного получателя",1,0,5000.0,0,1,0,0.0002863411811118974,0.0,3,False,False,3,0.0
100000004527381100,peripheral,0.2,15,0.331926,"Отправителей: 1, получателей: 1; переводов вход/выход: 1/1; недостаточно признаков роли",1,1,119333.17,273866.11,1,1,0.0003754013296186882,2.2949705433954364,2,False,False,1,0.0
100000003060187100,terminal,0.5,18,0.331904,"Входящих переводов: 1, отправителей: 1, исходящих: 0; колено 3; гипотеза конечного получателя",1,0,93046.0,0,1,0,0.0003014636718636506,0.0,3,False,False,1,0.0
100000001893287100,peripheral,0.2,6,0.331702,"Отправителей: 1, получателей: 1; переводов вход/выход: 3/14; недостаточно признаков роли",1,1,18000.0,152700.0,3,14,0.0006170856672708083,8.483333333333333,3,False,False,1,0.6666666666666666
100000003073398100,terminal,0.5,6,0.33168,"Входящих переводов: 1, отправителей: 1, исходящих: 0; колено 2; гипотеза конечного получателя",1,0,92960.0,0,1,0,0.00030317375747741223,0.0,2,False,False,1,0.0
100000001648936100,terminal,0.5,6,0.331455,"Входящих переводов: 1, отправителей: 1, исходящих: 0; колено 2; гипотеза конечного получателя",1,0,92740.0,0,1,0,0.00030313211657595897,0.0,2,False,False,1,0.0
100000003239379100,terminal,0.5,10,0.331343,"Входящих переводов: 1, отправителей: 1, исходящих: 0; колено 1; гипотеза конечного получателя",1,0,92500.0,0,1,0,0.00030091204687373105,0.0,1,False,False,1,0.0
100000003087877100,terminal,0.5,3,0.331231,"Входящих переводов: 1, отправителей: 1, исходящих: 0; колено 3; гипотеза конечного получателя",1,0,91486.0,0,1,0,0.00029208398633517125,0.0,3,False,False,1,0.0
100000005620225100,terminal,0.5,0,0.331209,"Входящих переводов: 2, отправителей: 2, исходящих: 0; колено 1; гипотеза конечного получателя",2,0,49845.66,0,2,0,0.000296220831388092,0.0,1,False,False,1,0.0
100000003180820100,peripheral,0.0,8,0.331046,Граница 4-го колена: исходящие не наблюдаются; роль не определена,1,0,101000.0,0,1,0,0.00029884563393856544,0.0,4,False,True,2,0.0
100000003635660100,terminal,0.5,0,0.330889,"Входящих переводов: 1, отправителей: 1, исходящих: 0; колено 3; гипотеза конечного получателя",1,0,18985.0,0,1,0,0.0002905172891247249,0.0,3,False,False,2,0.0
100000000795033100,terminal,0.5,0,0.330216,"Входящих переводов: 1, отправителей: 1, исходящих: 0; колено 2; гипотеза конечного получателя",1,0,18200.0,0,1,0,0.0005327363166643139,0.0,2,False,False,2,0.0
100000002508637100,peripheral,0.2,3,0.329996,"Отправителей: 1, получателей: 1; переводов вход/выход: 1/1; недостаточно признаков роли",1,1,306410.0,8000.0,1,1,0.0003073668397199867,0.02610880845925394,3,False,False,1,0.0
100000003132484100,terminal,0.5,8,0.329717,"Входящих переводов: 1, отправителей: 1, исходящих: 0; колено 3; гипотеза конечного получателя",1,0,90000.0,0,1,0,0.0005385292514328066,0.0,3,False,False,1,0.0
100000005061890100,terminal,0.5,2,0.329717,"Входящих переводов: 1, отправителей: 1, исходящих: 0; колено 3; гипотеза конечного получателя",1,0,90000.0,0,1,0,0.0005343423212010956,0.0,3,False,False,1,0.0
100000005203590100,terminal,0.5,6,0.329717,"Входящих переводов: 1, отправителей: 1, исходящих: 0; колено 2; гипотеза конечного получателя",1,0,90000.0,0,1,0,0.00030261349807604105,0.0,2,False,False,1,0.0
100000004005964100,peripheral,0.2,23,0.329616,"Отправителей: 3, получателей: 3; переводов вход/выход: 9/5; недостаточно признаков роли",3,3,97900.0,72000.0,9,5,0.0004042602868636016,0.7354443309499489,1,False,False,1,0.10214504596527069
100000008659445100,peripheral,0.2,40,0.329543,"Отправителей: 3, получателей: 4; переводов вход/выход: 7/18; недостаточно признаков роли; входящие seed неполны",3,4,138490.0,875150.0,7,18,0.002560464613853575,6.319228825185934,0,True,False,0,0.699689508267745
100000006882208100,terminal,0.5,4,0.329375,"Входящих переводов: 1, отправителей: 1, исходящих: 0; колено 3; гипотеза конечного получателя",1,0,18000.0,0,1,0,0.0006387690449606545,0.0,3,False,False,2,0.0
100000007745062100,peripheral,0.0,10,0.329308,Граница 4-го колена: исходящие не наблюдаются; роль не определена,1,0,100000.0,0,1,0,0.0006246249232070589,0.0,4,False,True,2,0.0
100000000945428100,terminal,0.5,0,0.3291,"Входящих переводов: 1, отправителей: 1, исходящих: 0; колено 1; гипотеза конечного получателя",1,0,89629.0,0,1,0,0.00030235699695210674,0.0,1,False,False,1,0.0
100000001378288100,peripheral,0.0,3,0.328763,Граница 4-го колена: исходящие не наблюдаются; роль не определена,1,0,268000.0,0,3,0,0.0005231222221536312,0.0,4,False,True,1,0.0
100000002862113100,terminal,0.5,14,0.328741,"Входящих переводов: 2, отправителей: 1, исходящих: 0; колено 3; гипотеза конечного получателя",1,0,47405.0,0,2,0,0.0002990042937350885,0.0,3,False,False,1,0.0
100000005547096100,peripheral,0.2,46,0.328741,"Отправителей: 1, получателей: 2; переводов вход/выход: 1/3; недостаточно признаков роли",1,2,8000.0,226300.0,1,3,0.0008906803150169195,28.2875,2,False,False,1,0.0
100000000971908100,terminal,0.5,6,0.328707,"Входящих переводов: 1, отправителей: 1, исходящих: 0; колено 2; гипотеза конечного получателя",1,0,89000.0,0,1,0,0.00030242422125125346,0.0,2,False,False,1,0.0
100000002983426100,terminal,0.5,7,0.328539,"Входящих переводов: 1, отправителей: 1, исходящих: 0; колено 3; гипотеза конечного получателя",1,0,88945.0,0,1,0,0.0003186661927602108,0.0,3,False,False,1,0.0
100000004975919100,peripheral,0.2,3,0.328474,"Отправителей: 1, получателей: 2; переводов вход/выход: 1/2; недостаточно признаков роли",1,2,22351.0,15000.0,1,2,0.00029011474675397605,0.6711109122634334,3,False,False,1,0.0
100000003470579100,peripheral,0.0,25,0.328449,Граница 4-го колена: исходящие не наблюдаются; роль не определена,1,0,357000.0,0,2,0,0.0005678673767486192,0.0,4,False,True,1,0.0
100000001160401100,terminal,0.5,0,0.328349,"Входящих переводов: 2, отправителей: 1, исходящих: 0; колено 3; гипотеза конечного получателя",1,0,47190.0,0,2,0,0.00030485985663022887,0.0,3,False,False,1,0.0
100000003484058100,peripheral,0.2,14,0.328102,"Отправителей: 1, получателей: 1; переводов вход/выход: 1/1; недостаточно признаков роли",1,1,110000.0,6000.0,1,1,0.00031673200833397247,0.05454545454545454,3,False,False,1,0.0
100000008583971100,peripheral,0.0,0,0.328052,Граница 4-го колена: исходящие не наблюдаются; роль не определена,2,0,51000.0,0,2,0,0.00032967465680569345,0.0,4,False,True,2,0.0
100000005342513100,peripheral,0.2,1,0.327978,"Отправителей: 1, получателей: 1; переводов вход/выход: 2/1; недостаточно признаков роли",1,1,235000.0,30000.0,2,1,0.00114286126613827,0.1276595744680851,3,False,False,1,0.0
100000004007116100,peripheral,0.2,23,0.327838,"Отправителей: 3, получателей: 4; переводов вход/выход: 24/6; недостаточно признаков роли; входящие seed неполны",3,4,764704.0,148000.0,24,6,0.0006271168806891651,0.19353893794200108,0,True,False,0,0.12815416161024396
100000002896506100,peripheral,0.0,5,0.32769,Граница 4-го колена: исходящие не наблюдаются; роль не определена,1,0,45000.0,0,1,0,0.00031359941870696137,0.0,4,False,True,3,0.0
100000007020162100,terminal,0.5,14,0.327418,"Входящих переводов: 1, отправителей: 1, исходящих: 0; колено 3; гипотеза конечного получателя",1,0,86395.0,0,1,0,0.0003100467666516231,0.0,3,False,False,1,0.0
100000008757369100,peripheral,0.2,0,0.327216,"Отправителей: 1, получателей: 1; переводов вход/выход: 1/3; недостаточно признаков роли",1,1,25961.0,58398.0,1,3,0.00028787574759376927,2.249451099726513,3,False,False,1,1.0
100000002926970100,terminal,0.5,7,0.32624,"Входящих переводов: 1, отправителей: 1, исходящих: 0; колено 3; гипотеза конечного получателя",1,0,85000.0,0,1,0,0.00031719864970360416,0.0,3,False,False,1,0.0
100000003970394100,terminal,0.5,10,0.32624,"Входящих переводов: 1, отправителей: 1, исходящих: 0; колено 1; гипотеза конечного получателя",1,0,85000.0,0,1,0,0.0002996687931146577,0.0,1,False,False,1,0.0
100000002831727100,peripheral,0.2,18,0.326206,"Отправителей: 1, получателей: 1; переводов вход/выход: 1/3; недостаточно признаков роли",1,1,6000.0,77000.0,1,3,0.0002907494093078222,12.833333333333334,2,False,False,1,1.0
100000001223977100,peripheral,0.2,48,0.326078,"Отправителей: 1, получателей: 1; переводов вход/выход: 1/1; недостаточно признаков роли",1,1,5000.0,18000.0,1,1,0.00030551278244969203,3.6,3,False,False,2,0.0
100000002695812100,peripheral,0.0,7,0.325943,Граница 4-го колена: исходящие не наблюдаются; роль не определена,1,0,95000.0,0,1,0,0.00032106126814693373,0.0,4,False,True,2,0.0
100000004629688100,peripheral,0.2,15,0.325795,"Отправителей: 1, получателей: 1; переводов вход/выход: 1/2; недостаточно признаков роли",1,1,5000.0,15000.0,1,2,0.00038751591375956433,3.0,3,False,False,3,0.0
100000004722630100,peripheral,0.0,47,0.325702,Граница 4-го колена: исходящие не наблюдаются; роль не определена,1,0,340000.0,0,2,0,0.000491666515373042,0.0,4,False,True,1,0.0
100000008097580100,terminal,0.5,3,0.325667,"Входящих переводов: 4, отправителей: 2, исходящих: 0; колено 3; гипотеза конечного получателя",2,0,32000.0,0,4,0,0.000674154169528735,0.0,3,False,False,1,0.0
100000001276409100,peripheral,0.0,7,0.325438,Граница 4-го колена: исходящие не наблюдаются; роль не определена,1,0,94760.0,0,1,0,0.00032097162768132925,0.0,4,False,True,2,0.0
100000003664994100,peripheral,0.0,39,0.325421,Граница 4-го колена: исходящие не наблюдаются; роль не определена,1,0,338271.0,0,2,0,0.00039092915650480573,0.0,4,False,True,1,0.0
100000002662768100,terminal,0.5,2,0.325287,"Входящих переводов: 1, отправителей: 1, исходящих: 0; колено 1; гипотеза конечного получателя",1,0,84300.0,0,1,0,0.0003064412387198933,0.0,1,False,False,1,0.0
100000000961900100,terminal,0.5,0,0.325185,"Входящих переводов: 3, отправителей: 2, исходящих: 0; колено 1; гипотеза конечного получателя",2,0,36000.0,0,3,0,0.0002943102359347439,0.0,1,False,False,1,0.0
100000002870937100,terminal,0.5,6,0.32495,"Входящих переводов: 1, отправителей: 1, исходящих: 0; колено 1; гипотеза конечного получателя",1,0,83700.0,0,1,0,0.0002903726954260999,0.0,1,False,False,1,0.0
100000005497148100,peripheral,0.0,5,0.32492,Граница 4-го колена: исходящие не наблюдаются; роль не определена,1,0,24000.0,0,2,0,0.0004897674700176186,0.0,4,False,True,3,0.0
100000001046057100,terminal,0.5,9,0.324838,"Входящих переводов: 1, отправителей: 1, исходящих: 0; колено 3; гипотеза конечного получателя",1,0,83420.0,0,1,0,0.00031847880924117713,0.0,3,False,False,1,0.0
100000005567828100,peripheral,0.0,7,0.324597,Граница 4-го колена: исходящие не наблюдаются; роль не определена,1,0,94000.0,0,1,0,0.0003206877662069151,0.0,4,False,True,2,0.0
100000008729597100,terminal,0.5,3,0.324501,"Входящих переводов: 1, отправителей: 1, исходящих: 0; колено 3; гипотеза конечного получателя",1,0,83090.0,0,1,0,0.0003024418014235028,0.0,3,False,False,1,0.0
100000005042822100,peripheral,0.0,30,0.324378,Граница 4-го колена: исходящие не наблюдаются; роль не определена,1,0,1000000.0,0,1,0,0.0004523006460792091,0.0,4,False,True,1,0.0
100000002597623100,terminal,0.5,0,0.324048,"Входящих переводов: 1, отправителей: 1, исходящих: 0; колено 3; гипотеза конечного получателя",1,0,16418.0,0,1,0,0.0002865017731595479,0.0,3,False,False,2,0.0
100000003275398100,peripheral,0.2,23,0.323963,"Отправителей: 1, получателей: 1; переводов вход/выход: 1/1; недостаточно признаков роли",1,1,300000.0,20000.0,1,1,0.0004339394477656622,0.06666666666666667,2,False,False,1,0.0
100000002648315100,peripheral,0.2,6,0.323918,"Отправителей: 1, получателей: 2; переводов вход/выход: 1/3; недостаточно признаков роли",1,2,132000.0,76000.0,1,3,0.0002931391899226281,0.5757575757575758,1,False,False,1,0.0
100000002612809100,peripheral,0.2,35,0.323723,"Отправителей: 1, получателей: 3; переводов вход/выход: 2/4; недостаточно признаков роли",1,3,30000.0,114000.0,2,4,0.0004280082436201168,3.8,3,False,False,1,0.5
100000007754369100,terminal,0.5,0,0.323716,"Входящих переводов: 1, отправителей: 1, исходящих: 0; колено 3; гипотеза конечного получателя",1,0,82424.0,0,1,0,0.0002928718862917293,0.0,3,False,False,1,0.0
100000003865939100,terminal,0.5,67,0.323099,"Входящих переводов: 1, отправителей: 1, исходящих: 0; колено 1; гипотеза конечного получателя",1,0,81465.0,0,1,0,0.0005283203991937055,0.0,1,False,False,1,0.0
100000004254434100,terminal,0.5,1,0.323021,"Входящих переводов: 2, отправителей: 1, исходящих: 0; колено 1; гипотеза конечного получателя",1,0,44445.0,0,2,0,0.00029488707195754607,0.0,1,False,False,1,0.0
100000008571433100,peripheral,0.2,51,0.322655,"Отправителей: 2, получателей: 2; переводов вход/выход: 2/3; недостаточно признаков роли; входящие seed неполны",2,2,350000.0,1434000.0,2,3,0.0016365066067676546,4.097142857142857,0,True,False,0,1.0
100000002621434100,terminal,0.5,8,0.322539,"Входящих переводов: 1, отправителей: 1, исходящих: 0; колено 3; гипотеза конечного получателя",1,0,81000.0,0,1,0,0.00028974605298444784,0.0,3,False,False,1,0.0
100000002566204100,terminal,0.5,7,0.32237,"Входящих переводов: 1, отправителей: 1, исходящих: 0; колено 2; гипотеза конечного получателя",1,0,80805.0,0,1,0,0.0003240078545204315,0.0,2,False,False,1,0.0
100000005454368100,peripheral,0.2,12,0.322276,"Отправителей: 2, получателей: 0; переводов вход/выход: 2/0; недостаточно признаков роли; входящие seed неполны",2,0,48600.0,0,2,0,0.000394012430430117,0.0,0,True,False,2,0.0
100000003713616100,terminal,0.5,4,0.322029,"Входящих переводов: 1, отправителей: 1, исходящих: 0; колено 1; гипотеза конечного получателя",1,0,15893.0,0,1,0,0.0002872853403710806,0.0,1,False,False,2,0.0
100000008687617100,terminal,0.5,1,0.322012,"Входящих переводов: 2, отправителей: 1, исходящих: 0; колено 3; гипотеза конечного получателя",1,0,43350.0,0,2,0,0.00029233142479004326,0.0,3,False,False,1,0.0
100000008737422100,terminal,0.5,1,0.3208,"Входящих переводов: 1, отправителей: 1, исходящих: 0; колено 1; гипотеза конечного получателя",1,0,76903.0,0,1,0,0.0003016850223940819,0.0,1,False,False,1,0.0
100000003677936100,peripheral,0.2,6,0.320789,"Отправителей: 1, получателей: 1; переводов вход/выход: 1/2; недостаточно признаков роли",1,1,71000.0,13000.0,1,2,0.00030884799316891913,0.18309859154929578,3,False,False,1,0.0
100000004825069100,terminal,0.5,1,0.320732,"Входящих переводов: 4, отправителей: 1, исходящих: 0; колено 2; гипотеза конечного получателя",1,0,30000.0,0,4,0,0.00029574565269942785,0.0,2,False,False,1,0.0
100000007534354100,peripheral,0.2,7,0.320553,"Отправителей: 1, получателей: 3; переводов вход/выход: 1/3; недостаточно признаков роли",1,3,50000.0,147810.0,1,3,0.00030353660225777645,2.9562,2,False,False,1,0.0
100000005931985100,terminal,0.5,13,0.320464,"Входящих переводов: 1, отправителей: 1, исходящих: 0; колено 2; гипотеза конечного получателя",1,0,76000.0,0,1,0,0.0003128747718323371,0.0,2,False,False,1,0.0
100000008712827100,terminal,0.5,1,0.320464,"Входящих переводов: 1, отправителей: 1, исходящих: 0; колено 3; гипотеза конечного получателя",1,0,76000.0,0,1,0,0.00029741747454437885,0.0,3,False,False,1,0.0
100000006443391100,peripheral,0.2,8,0.319993,"Отправителей: 3, получателей: 2; переводов вход/выход: 7/6; недостаточно признаков роли",3,2,86775.93,60041.71,7,6,0.002526847939732724,0.6919166409394865,1,False,False,1,0.0
100000002791494100,peripheral,0.0,7,0.319494,Граница 4-го колена: исходящие не наблюдаются; роль не определена,1,0,85860.0,0,1,0,0.0003176474604151631,0.0,4,False,True,2,0.0
100000001418900100,terminal,0.5,1,0.31932,"Входящих переводов: 2, отправителей: 1, исходящих: 0; колено 2; гипотеза конечного получателя",1,0,40140.0,0,2,0,0.0002991821219721705,0.0,2,False,False,1,0.0
100000005308954100,peripheral,0.2,4,0.319186,"Отправителей: 1, получателей: 1; переводов вход/выход: 1/1; недостаточно признаков роли",1,1,69020.0,30000.0,1,1,0.0003593082643009005,0.43465662126919735,3,False,False,1,0.0
100000004792397100,terminal,0.5,1,0.319006,"Входящих переводов: 1, отправителей: 1, исходящих: 0; колено 1; гипотеза конечного получателя",1,0,73520.0,0,1,0,0.00030097649240681216,0.0,1,False,False,1,0.0
100000008718811100,terminal,0.5,1,0.318894,"Входящих переводов: 1, отправителей: 1, исходящих: 0; колено 3; гипотеза конечного получателя",1,0,73300.0,0,1,0,0.0002969968823748013,0.0,3,False,False,1,0.0
100000006030946100,terminal,0.5,1,0.318781,"Входящих переводов: 1, отправителей: 1, исходящих: 0; колено 1; гипотеза конечного получателя",1,0,73289.0,0,1,0,0.00030092811214460133,0.0,1,False,False,1,0.0
100000002488629100,terminal,0.5,6,0.318613,"Входящих переводов: 1, отправителей: 1, исходящих: 0; колено 2; гипотеза конечного получателя",1,0,73050.0,0,1,0,0.0002994052558958917,0.0,2,False,False,1,0.0
100000002757791100,terminal,0.5,26,0.318613,"Входящих переводов: 1, отправителей: 1, исходящих: 0; колено 3; гипотеза конечного получателя",1,0,73050.0,0,1,0,0.0003110149986401456,0.0,3,False,False,1,0.0
100000003036198100,terminal,0.5,2,0.318047,"Входящих переводов: 1, отправителей: 1, исходящих: 0; колено 2; гипотеза конечного получателя",1,0,15000.0,0,1,0,0.0002879401216596744,0.0,2,False,False,2,0.0
100000003093299100,terminal,0.5,0,0.318047,"Входящих переводов: 1, отправителей: 1, исходящих: 0; колено 3; гипотеза конечного получателя",1,0,15000.0,0,1,0,0.0002864220385726431,0.0,3,False,False,2,0.0
100000002622822100,peripheral,0.0,17,0.318041,Граница 4-го колена: исходящие не наблюдаются; роль не определена,1,0,750000.0,0,1,0,0.000906444880475593,0.0,4,False,True,1,0.0
100000001052789100,terminal,0.5,18,0.317996,"Входящих переводов: 1, отправителей: 1, исходящих: 0; колено 3; гипотеза конечного получателя",1,0,70975.0,0,1,0,0.0002976956455362845,0.0,3,False,False,1,0.0
100000001380986100,terminal,0.5,8,0.31766,"Входящих переводов: 1, отправителей: 1, исходящих: 0; колено 2; гипотеза конечного получателя",1,0,70170.0,0,1,0,0.0002921730337485659,0.0,2,False,False,1,0.0
100000006706519100,peripheral,0.0,0,0.317598,Граница 4-го колена: исходящие не наблюдаются; роль не определена,1,0,36000.0,0,3,0,0.0003905943579649519,0.0,4,False,True,2,0.0
100000001724740100,peripheral,0.0,8,0.317581,Граница 4-го колена: исходящие не наблюдаются; роль не определена,1,0,185000.0,0,4,0,0.0005361922861071876,0.0,4,False,True,1,0.0
100000001853812100,terminal,0.5,3,0.316819,"Входящих переводов: 1, отправителей: 1, исходящих: 0; колено 3; гипотеза конечного получателя",1,0,70000.0,0,1,0,0.00029978516984207894,0.0,3,False,False,1,0.0
100000005877725100,terminal,0.5,1,0.316819,"Входящих переводов: 1, отправителей: 1, исходящих: 0; колено 1; гипотеза конечного получателя",1,0,70000.0,0,1,0,0.00030023926936359924,0.0,1,False,False,1,0.0
100000006008169100,terminal,0.5,10,0.316819,"Входящих переводов: 1, отправителей: 1, исходящих: 0; колено 1; гипотеза конечного получателя",1,0,70000.0,0,1,0,0.000297182285596511,0.0,1,False,False,1,0.0
100000008776420100,terminal,0.5,1,0.31609,"Входящих переводов: 1, отправителей: 1, исходящих: 0; колено 3; гипотеза конечного получателя",1,0,69500.0,0,1,0,0.0002964049378398404,0.0,3,False,False,1,0.0
100000007960337100,peripheral,0.0,3,0.315745,Граница 4-го колена: исходящие не наблюдаются; роль не определена,1,0,35500.0,0,1,0,0.00030275588799712026,0.0,4,False,True,3,0.0
100000003650146100,terminal,0.5,4,0.315524,"Входящих переводов: 1, отправителей: 1, исходящих: 0; колено 3; гипотеза конечного получателя",1,0,14400.0,0,1,0,0.00030010944097384073,0.0,3,False,False,2,0.0
100000004192865100,terminal,0.5,28,0.314968,"Входящих переводов: 1, отправителей: 1, исходящих: 0; колено 2; гипотеза конечного получателя",1,0,66666.0,0,1,0,0.0005554028958082271,0.0,2,False,False,1,0.0
100000003232675100,peripheral,0.0,12,0.314873,Граница 4-го колена: исходящие не наблюдаются; роль не определена,1,0,44000.0,0,2,0,0.00040091374580495515,0.0,4,False,True,2,0.0
100000000737152100,peripheral,0.0,0,0.31468,Граница 4-го колена: исходящие не наблюдаются; роль не определена,1,0,35000.0,0,1,0,0.00034442359168133235,0.0,4,False,True,3,0.0
100000008712991100,terminal,0.5,1,0.314519,"Входящих переводов: 1, отправителей: 1, исходящих: 0; колено 3; гипотеза конечного получателя",1,0,66100.0,0,1,0,0.00029587530325592793,0.0,3,False,False,1,0.0
100000002236528100,terminal,0.5,6,0.314407,"Входящих переводов: 1, отправителей: 1, исходящих: 0; колено 3; гипотеза конечного получателя",1,0,66000.0,0,1,0,0.00030720930237147125,0.0,3,False,False,1,0.0
100000002340562100,terminal,0.5,6,0.313936,"Входящих переводов: 2, отправителей: 1, исходящих: 0; колено 2; гипотеза конечного получателя",1,0,36650.0,0,2,0,0.0005305852591446994,0.0,2,False,False,1,0.0
100000002199091100,terminal,0.5,1,0.313622,"Входящих переводов: 1, отправителей: 1, исходящих: 0; колено 2; гипотеза конечного получателя",1,0,65000.0,0,1,0,0.0003076072330294073,0.0,2,False,False,1,0.0
100000002511825100,terminal,0.5,0,0.313622,"Входящих переводов: 1, отправителей: 1, исходящих: 0; колено 1; гипотеза конечного получателя",1,0,65000.0,0,1,0,0.0002977464854389693,0.0,1,False,False,1,0.0
100000001600934100,peripheral,0.2,3,0.313173,"Отправителей: 1, получателей: 1; переводов вход/выход: 2/1; недостаточно признаков роли",1,1,180300.0,11000.0,2,1,0.002523825253975622,0.06100942872989462,3,False,False,1,0.0
100000007330432100,peripheral,0.0,50,0.312994,Граница 4-го колена: исходящие не наблюдаются; роль не определена,1,0,584900.0,0,1,0,0.0005378541409782843,0.0,4,False,True,1,0.0
100000002729875100,peripheral,0.0,7,0.312877,Граница 4-го колена: исходящие не наблюдаются; роль не определена,1,0,76000.0,0,1,0,0.00031396473128657894,0.0,4,False,True,2,0.0
100000006111442100,terminal,0.5,9,0.312837,"Входящих переводов: 1, отправителей: 1, исходящих: 0; колено 3; гипотеза конечного получателя",1,0,64000.0,0,1,0,0.00029559559308317643,0.0,3,False,False,1,0.0
100000005530114100,peripheral,0.2,16,0.312253,"Отправителей: 2, получателей: 1; переводов вход/выход: 2/1; недостаточно признаков роли",2,1,136970.0,25000.0,2,1,0.0004946297595440239,0.1825217200846901,3,False,False,1,0.1825217200846901
100000008417359100,peripheral,0.2,16,0.312253,"Отправителей: 1, получателей: 2; переводов вход/выход: 2/3; недостаточно признаков роли",1,2,40810.0,110760.0,2,3,0.0002919897734985489,2.714040676304827,3,False,False,1,0.7549620191129625
100000003567087100,terminal,0.5,1,0.312164,"Входящих переводов: 1, отправителей: 1, исходящих: 0; колено 1; гипотеза конечного получателя",1,0,62115.0,0,1,0,0.00029858784785912927,0.0,1,False,False,1,0.0
100000008436257100,terminal,0.5,16,0.311637,"Входящих переводов: 2, отправителей: 2, исходящих: 0; колено 3; гипотеза конечного получателя",2,0,35000.0,0,2,0,0.00029457245716614023,0.0,3,False,False,1,0.0
100000002844652100,terminal,0.5,6,0.311603,"Входящих переводов: 1, отправителей: 1, исходящих: 0; колено 1; гипотеза конечного получателя",1,0,61360.0,0,1,0,0.00028909312012480716,0.0,1,False,False,1,0.0
100000006351075100,peripheral,0.0,38,0.310836,Граница 4-го колена: исходящие не наблюдаются; роль не определена,1,0,40000.0,0,2,0,0.00029108835448655204,0.0,4,False,True,2,0.0
100000000011452100,peripheral,0.2,0,0.310751,"Отправителей: 3, получателей: 1; переводов вход/выход: 7/2; недостаточно признаков роли",3,1,110000.0,16685.0,7,2,0.0004898877003718061,0.1516818181818182,1,False,False,1,0.12440909090909091
100000008765627100,terminal,0.5,6,0.310369,"Входящих переводов: 1, отправителей: 1, исходящих: 0; колено 2; гипотеза конечного получателя",1,0,60000.0,0,1,0,0.00029693519333241395,0.0,2,False,False,1,0.0
100000003192309100,peripheral,0.2,1,0.309831,"Отправителей: 1, получателей: 1; переводов вход/выход: 1/1; недостаточно признаков роли",1,1,17200.0,213000.0,1,1,0.00028825791174024617,12.383720930232558,3,False,False,1,0.0
100000000870121100,terminal,0.5,12,0.309467,"Входящих переводов: 1, отправителей: 1, исходящих: 0; колено 3; гипотеза конечного получателя",1,0,12000.0,0,1,0,0.0003156267555719966,0.0,3,False,False,2,0.0
100000004158362100,terminal,0.5,0,0.309467,"Входящих переводов: 1, отправителей: 1, исходящих: 0; колено 2; гипотеза конечного получателя",1,0,12000.0,0,1,0,0.00029138355043231126,0.0,2,False,False,2,0.0
100000008314863100,terminal,0.5,2,0.309467,"Входящих переводов: 1, отправителей: 1, исходящих: 0; колено 3; гипотеза конечного получателя",1,0,12000.0,0,1,0,0.0005166830665596432,0.0,3,False,False,2,0.0
100000004739664100,transit,0.6333,1,0.309248,Отдал/получил в выборке: 0.83; временно сопоставлено за 48 ч: 0%; признаки транзита,1,1,12000.0,10000.0,1,1,0.00028809184421974937,0.8333333333333334,1,False,False,1,0.0
100000008724279100,terminal,0.5,4,0.308794,"Входящих переводов: 1, отправителей: 1, исходящих: 0; колено 1; гипотеза конечного получателя",1,0,11750.0,0,1,0,0.00028684042170960133,0.0,1,False,False,2,0.0
100000008720856100,peripheral,0.2,5,0.308732,"Отправителей: 1, получателей: 1; переводов вход/выход: 1/2; недостаточно признаков роли",1,1,18105.0,46000.0,1,2,0.00031928202841915066,2.5407346037006353,3,False,False,1,0.0
100000001669260100,peripheral,0.0,3,0.30862,Граница 4-го колена: исходящие не наблюдаются; роль не определена,1,0,500000.0,0,1,0,0.0005597502156393156,0.0,4,False,True,1,0.0
100000001957974100,peripheral,0.0,14,0.30862,Граница 4-го колена: исходящие не наблюдаются; роль не определена,1,0,500000.0,0,1,0,0.00032013501471898675,0.0,4,False,True,1,0.0
100000001130553100,peripheral,0.0,5,0.308601,Граница 4-го колена: исходящие не наблюдаются; роль не определена,1,0,18000.0,0,2,0,0.0005430127046215668,0.0,4,False,True,3,0.0
100000003218308100,terminal,0.5,0,0.308458,"Входящих переводов: 1, отправителей: 1, исходящих: 0; колено 3; гипотеза конечного получателя",1,0,11165.0,0,1,0,0.0002862063953139832,0.0,3,False,False,2,0.0
100000002845605100,terminal,0.5,0,0.308351,"Входящих переводов: 1, отправителей: 1, исходящих: 0; колено 1; гипотеза конечного получателя",1,0,57567.0,0,1,0,0.00029635503909209565,0.0,1,False,False,1,0.0
100000004206046100,terminal,0.5,4,0.308346,"Входящих переводов: 1, отправителей: 1, исходящих: 0; колено 1; гипотеза конечного получателя",1,0,11075.0,0,1,0,0.0002867679331514313,0.0,1,False,False,2,0.0
100000002380341100,terminal,0.5,0,0.308238,"Входящих переводов: 1, отправителей: 1, исходящих: 0; колено 3; гипотеза конечного получателя",1,0,57566.4,0,1,0,0.00030909953026716445,0.0,3,False,False,1,0.0
100000002793851100,terminal,0.5,4,0.308233,"Входящих переводов: 1, отправителей: 1, исходящих: 0; колено 1; гипотеза конечного получателя",1,0,11052.0,0,1,0,0.00028676546317093067,0.0,1,False,False,2,0.0
100000005052998100,peripheral,0.2,0,0.308144,"Отправителей: 1, получателей: 1; переводов вход/выход: 1/1; недостаточно признаков роли",1,1,9500.0,28400.0,1,1,0.00028611277183923254,2.9894736842105263,3,False,False,2,0.0
100000008028628100,terminal,0.5,1,0.307902,"Входящих переводов: 1, отправителей: 1, исходящих: 0; колено 1; гипотеза конечного получателя",1,0,57224.0,0,1,0,0.00029756348481811944,0.0,1,False,False,1,0.0
100000004388983100,peripheral,0.2,63,0.307896,"Отправителей: 0, получателей: 2; переводов вход/выход: 0/23; недостаточно признаков роли; входящие seed неполны",0,2,0,450816.0,0,23,0.00028557858384515975,,0,True,False,0,0.0
100000005402643100,peripheral,0.2,8,0.307588,"Отправителей: 1, получателей: 1; переводов вход/выход: 1/1; недостаточно признаков роли",1,1,127800.0,90000.0,1,1,0.0002975889970937747,0.704225352112676,2,False,False,1,0.0
100000002305007100,terminal,0.5,1,0.307566,"Входящих переводов: 1, отправителей: 1, исходящих: 0; колено 3; гипотеза конечного получателя",1,0,56000.0,0,1,0,0.0002943019769919528,0.0,3,False,False,1,0.0
100000002864680100,terminal,0.5,10,0.307453,"Входящих переводов: 1, отправителей: 1, исходящих: 0; колено 1; гипотеза конечного получателя",1,0,55932.0,0,1,0,0.00029485027307882516,0.0,1,False,False,1,0.0
100000002891765100,terminal,0.5,14,0.307229,"Входящих переводов: 1, отправителей: 1, исходящих: 0; колено 3; гипотеза конечного получателя",1,0,55576.0,0,1,0,0.0003013184267487075,0.0,3,False,False,1,0.0
100000003370425100,peripheral,0.0,12,0.307212,Граница 4-го колена: исходящие не наблюдаются; роль не определена,1,0,20000.0,0,1,0,0.0006470206088991379,0.0,4,False,True,4,0.0
100000008745489100,terminal,0.5,1,0.307117,"Входящих переводов: 1, отправителей: 1, исходящих: 0; колено 1; гипотеза конечного получателя",1,0,55539.0,0,1,0,0.00029721058117385417,0.0,1,False,False,1,0.0
100000003086040100,terminal,0.5,0,0.307,"Входящих переводов: 1, отправителей: 1, исходящих: 0; колено 2; гипотеза конечного получателя",1,0,10500.0,0,1,0,0.0005484302980313187,0.0,2,False,False,2,0.0
100000003134937100,terminal,0.5,4,0.306775,"Входящих переводов: 1, отправителей: 1, исходящих: 0; колено 1; гипотеза конечного получателя",1,0,10286.0,0,1,0,0.00028668320208121475,0.0,1,False,False,2,0.0
100000001379511100,terminal,0.5,9,0.306556,"Входящих переводов: 1, отправителей: 1, исходящих: 0; колено 3; гипотеза конечного получателя",1,0,55000.0,0,1,0,0.0003072701733534426,0.0,3,False,False,1,0.0
100000002852402100,terminal,0.5,15,0.306556,"Входящих переводов: 1, отправителей: 1, исходящих: 0; колено 2; гипотеза конечного получателя",1,0,55000.0,0,1,0,0.00032697739205199834,0.0,2,False,False,1,0.0
100000008259451100,terminal,0.5,14,0.306556,"Входящих переводов: 1, отправителей: 1, исходящих: 0; колено 3; гипотеза конечного получателя",1,0,55000.0,0,1,0,0.0003011552960895661,0.0,3,False,False,1,0.0
100000005077484100,peripheral,0.2,28,0.306107,"Отправителей: 1, получателей: 2; переводов вход/выход: 1/2; недостаточно признаков роли",1,2,150000.0,13550.0,1,2,0.000538823476277389,0.09033333333333333,2,False,False,1,0.0
100000008736760100,terminal,0.5,1,0.306107,"Входящих переводов: 1, отправителей: 1, исходящих: 0; колено 1; гипотеза конечного получателя",1,0,54757.0,0,1,0,0.00029704680037277676,0.0,1,False,False,1,0.0
100000008405209100,terminal,0.5,16,0.305883,"Входящих переводов: 1, отправителей: 1, исходящих: 0; колено 3; гипотеза конечного получателя",1,0,54400.0,0,1,0,0.0002941247420697216,0.0,3,False,False,1,0.0
100000004047887100,peripheral,0.0,37,0.305763,Граница 4-го колена: исходящие не наблюдаются; роль не определена,1,0,30000.0,0,1,0,0.0002880202427542051,0.0,4,False,True,3,0.0
100000008008463100,terminal,0.5,6,0.305659,"Входящих переводов: 1, отправителей: 1, исходящих: 0; колено 2; гипотеза конечного получателя",1,0,54180.0,0,1,0,0.0002958336022121503,0.0,2,False,False,1,0.0
100000002628146100,terminal,0.5,31,0.304851,"Входящих переводов: 2, отправителей: 1, исходящих: 0; колено 2; гипотеза конечного получателя",1,0,30500.0,0,2,0,0.00031917119338783335,0.0,2,False,False,1,0.0
100000008582730100,transit,0.8,18,0.304847,Отдал/получил в выборке: 1.00; временно сопоставлено за 48 ч: 0%; признаки транзита,1,1,5000.0,5000.0,1,1,0.0008898319226429822,1.0,3,False,False,1,0.0
100000000533217100,terminal,0.5,0,0.304762,"Входящих переводов: 1, отправителей: 1, исходящих: 0; колено 2; гипотеза конечного получателя",1,0,53587.0,0,1,0,0.0006519708857031066,0.0,2,False,False,1,0.0
100000001696818100,terminal,0.5,2,0.304649,"Входящих переводов: 1, отправителей: 1, исходящих: 0; колено 1; гипотеза конечного получателя",1,0,53550.0,0,1,0,0.0002988311955716364,0.0,1,False,False,1,0.0
100000002812641100,peripheral,0.2,8,0.304507,"Отправителей: 1, получателей: 1; переводов вход/выход: 1/1; недостаточно признаков роли",1,1,10000.0,7023.95,1,1,0.0021891431810309382,0.702395,2,False,False,3,0.702395
100000008746673100,terminal,0.5,1,0.304201,"Входящих переводов: 1, отправителей: 1, исходящих: 0; колено 1; гипотеза конечного получателя",1,0,53048.0,0,1,0,0.00029668887020776227,0.0,1,False,False,1,0.0
100000004798515100,peripheral,0.0,10,0.304167,Граница 4-го колена: исходящие не наблюдаются; роль не определена,1,0,200000.0,0,2,0,0.00036374465987391413,0.0,4,False,True,1,0.0
100000004984689100,terminal,0.5,3,0.304089,"Входящих переводов: 1, отправителей: 1, исходящих: 0; колено 3; гипотеза конечного получателя",1,0,53030.0,0,1,0,0.00029634108749396865,0.0,3,False,False,1,0.0
100000001241318100,terminal,0.5,0,0.303808,"Входящих переводов: 1, отправителей: 1, исходящих: 0; колено 2; гипотеза конечного получателя",1,0,53000.0,0,1,0,0.0005305631777027003,0.0,2,False,False,1,0.0
100000007536804100,peripheral,0.2,6,0.303752,"Отправителей: 1, получателей: 2; переводов вход/выход: 1/2; недостаточно признаков роли",1,2,100000.0,55000.0,1,2,0.0002913063157220297,0.55,1,False,False,1,0.45
100000006894637100,terminal,0.5,0,0.303416,"Входящих переводов: 1, отправителей: 1, исходящих: 0; колено 3; гипотеза конечного получателя",1,0,52831.0,0,1,0,0.00029025334437067073,0.0,3,False,False,1,0.0
100000007303047100,terminal,0.5,1,0.302967,"Входящих переводов: 1, отправителей: 1, исходящих: 0; колено 3; гипотеза конечного получателя",1,0,52250.0,0,1,0,0.0002937178212008729,0.0,3,False,False,1,0.0
100000001145749100,terminal,0.5,2,0.302962,"Входящих переводов: 1, отправителей: 1, исходящих: 0; колено 3; гипотеза конечного получателя",1,0,10000.0,0,1,0,0.00047816565277389593,0.0,3,False,False,2,0.0
100000003943483100,terminal,0.5,10,0.302962,"Входящих переводов: 1, отправителей: 1, исходящих: 0; колено 2; гипотеза конечного получателя",1,0,10000.0,0,1,0,0.00032892056693189625,0.0,2,False,False,2,0.0
100000004991812100,terminal,0.5,21,0.302962,"Входящих переводов: 1, отправителей: 1, исходящих: 0; колено 3; гипотеза конечного получателя",1,0,10000.0,0,1,0,0.0003464068889558448,0.0,3,False,False,2,0.0
100000005941908100,terminal,0.5,14,0.302962,"Входящих переводов: 1, отправителей: 1, исходящих: 0; колено 3; гипотеза конечного получателя",1,0,10000.0,0,1,0,0.0006911641134438927,0.0,3,False,False,2,0.0
100000004257714100,terminal,0.5,1,0.302855,"Входящих переводов: 1, отправителей: 1, исходящих: 0; колено 3; гипотеза конечного получателя",1,0,52220.0,0,1,0,0.00029371314795454426,0.0,3,False,False,1,0.0
100000002922000100,peripheral,0.0,42,0.302788,Граница 4-го колена: исходящие не наблюдаются; роль не определена,1,0,448000.0,0,1,0,0.00045903330856748956,0.0,4,False,True,1,0.0
100000002505277100,peripheral,0.0,0,0.302782,Граница 4-го колена: исходящие не наблюдаются; роль не определена,1,0,60000.0,0,1,0,0.00040752304079126324,0.0,4,False,True,2,0.0
100000004777215100,peripheral,0.0,20,0.302782,Граница 4-го колена: исходящие не наблюдаются; роль не определена,1,0,60000.0,0,1,0,0.0004648435622406508,0.0,4,False,True,2,0.0
100000007042175100,peripheral,0.0,0,0.302782,Граница 4-го колена: исходящие не наблюдаются; роль не определена,1,0,60000.0,0,1,0,0.0005337214466225534,0.0,4,False,True,2,0.0
100000004841728100,terminal,0.5,1,0.302743,"Входящих переводов: 1, отправителей: 1, исходящих: 0; колено 1; гипотеза конечного получателя",1,0,52208.0,0,1,0,0.000296512941981541,0.0,1,False,False,1,0.0
100000001785161100,terminal,0.5,29,0.30272,"Входящих переводов: 2, отправителей: 2, исходящих: 0; колено 3; гипотеза конечного получателя",2,0,30000.0,0,2,0,0.00033101188191363704,0.0,3,False,False,1,0.0
100000005932987100,terminal,0.5,32,0.302529,"Входящих переводов: 3, отправителей: 1, исходящих: 0; колено 2; гипотеза конечного получателя",1,0,25000.0,0,3,0,0.000411438900613221,0.0,2,False,False,1,0.0
100000008684452100,terminal,0.5,1,0.302294,"Входящих переводов: 1, отправителей: 1, исходящих: 0; колено 3; гипотеза конечного получателя",1,0,51800.0,0,1,0,0.0002936477225059433,0.0,3,False,False,1,0.0
100000002933386100,peripheral,0.2,2,0.30225,"Отправителей: 1, получателей: 1; переводов вход/выход: 1/1; недостаточно признаков роли",1,1,15000.0,58000.0,1,1,0.0006521547731364158,3.8666666666666667,3,False,False,1,0.0
100000002691858100,terminal,0.5,31,0.302126,"Входящих переводов: 1, отправителей: 1, исходящих: 0; колено 2; гипотеза конечного получателя",1,0,51500.0,0,1,0,0.00034230053110573976,0.0,2,False,False,1,0.0
100000002835874100,peripheral,0.0,8,0.301381,Граница 4-го колена: исходящие не наблюдаются; роль не определена,1,0,58700.0,0,1,0,0.0002932892357311292,0.0,4,False,True,2,0.0
100000002489253100,terminal,0.5,4,0.301341,"Входящих переводов: 1, отправителей: 1, исходящих: 0; колено 2; гипотеза конечного получателя",1,0,51000.0,0,1,0,0.0003018136212860841,0.0,2,False,False,1,0.0
100000004066647100,terminal,0.5,18,0.301341,"Входящих переводов: 1, отправителей: 1, исходящих: 0; колено 3; гипотеза конечного получателя",1,0,51000.0,0,1,0,0.000294285454521417,0.0,3,False,False,1,0.0
100000008304115100,terminal,0.5,10,0.301341,"Входящих переводов: 1, отправителей: 1, исходящих: 0; колено 1; гипотеза конечного получателя",1,0,51000.0,0,1,0,0.0002940327094068585,0.0,1,False,False,1,0.0
100000008043184100,terminal,0.5,16,0.300948,"Входящих переводов: 1, отправителей: 1, исходящих: 0; колено 3; гипотеза конечного получателя",1,0,50564.0,0,1,0,0.00029352211223609254,0.0,3,False,False,1,0.0
100000003951827100,peripheral,0.2,0,0.300451,"Отправителей: 1, получателей: 2; переводов вход/выход: 1/2; недостаточно признаков роли",1,2,9000.0,17000.0,1,2,0.0002860846566816498,1.8888888888888888,3,False,False,2,0.0
100000003899325100,terminal,0.5,3,0.300387,"Входящих переводов: 1, отправителей: 1, исходящих: 0; колено 3; гипотеза конечного получателя",1,0,50120.0,0,1,0,0.000296623654252819,0.0,3,False,False,1,0.0
100000002752565100,peripheral,0.0,3,0.300203,Граница 4-го колена: исходящие не наблюдаются; роль не определена,1,0,57000.0,0,1,0,0.0003381609983758272,0.0,4,False,True,2,0.0
100000005264874100,peripheral,0.2,35,0.299892,"Отправителей: 1, получателей: 2; переводов вход/выход: 1/3; недостаточно признаков роли",1,2,30000.0,78000.0,1,3,0.0004280082436201168,2.6,3,False,False,1,0.0
100000006612238100,peripheral,0.2,1,0.299569,"Отправителей: 1, получателей: 1; переводов вход/выход: 1/1; недостаточно признаков роли",1,1,160000.0,25000.0,1,1,0.0003398029510679229,0.15625,2,False,False,1,0.0
100000008254576100,peripheral,0.2,33,0.299558,"Отправителей: 1, получателей: 1; переводов вход/выход: 1/1; недостаточно признаков роли",1,1,8000.0,60000.0,1,1,0.00029165280130121407,7.5,3,False,False,1,0.0
100000005357034100,terminal,0.5,0,0.299373,"Входящих переводов: 1, отправителей: 1, исходящих: 0; колено 3; гипотеза конечного получателя",1,0,9754.0,0,1,0,0.0002861270543392846,0.0,3,False,False,2,0.0
100000002606567100,peripheral,0.2,0,0.299334,"Отправителей: 1, получателей: 1; переводов вход/выход: 1/1; недостаточно признаков роли",1,1,14095.0,53000.0,1,1,0.00028821714650615585,3.7601986520042567,1,False,False,1,0.0
100000006308406100,peripheral,0.0,20,0.299176,Граница 4-го колена: исходящие не наблюдаются; роль не определена,1,0,183000.0,0,2,0,0.0005387051277941459,0.0,4,False,True,1,0.0
100000000795374100,terminal,0.5,3,0.298705,"Входящих переводов: 1, отправителей: 1, исходящих: 0; колено 3; гипотеза конечного получателя",1,0,50000.0,0,1,0,0.0002957261452715306,0.0,3,False,False,1,0.0
100000001250022100,terminal,0.5,6,0.298705,"Входящих переводов: 1, отправителей: 1, исходящих: 0; колено 2; гипотеза конечного получателя",1,0,50000.0,0,1,0,0.00029504242508453823,0.0,2,False,False,1,0.0
100000001550388100,terminal,0.5,0,0.298705,"Входящих переводов: 1, отправителей: 1, исходящих: 0; колено 1; гипотеза конечного получателя",1,0,50000.0,0,1,0,0.00029493850814809014,0.0,1,False,False,1,0.0
100000001745217100,terminal,0.5,0,0.298705,"Входящих переводов: 1, отправителей: 1, исходящих: 0; колено 3; гипотеза конечного получателя",1,0,50000.0,0,1,0,0.00029000284282711255,0.0,3,False,False,1,0.0
100000002369443100,terminal,0.5,1,0.298705,"Входящих переводов: 1, отправителей: 1, исходящих: 0; колено 3; гипотеза конечного получателя",1,0,50000.0,0,1,0,0.00029336732772622495,0.0,3,False,False,1,0.0
100000002842337100,terminal,0.5,6,0.298705,"Входящих переводов: 1, отправителей: 1, исходящих: 0; колено 2; гипотеза конечного получателя",1,0,50000.0,0,1,0,0.0003664790295786008,0.0,2,False,False,1,0.0
100000003711830100,terminal,0.5,3,0.298705,"Входящих переводов: 1, отправителей: 1, исходящих: 0; колено 3; гипотеза конечного получателя",1,0,50000.0,0,1,0,0.0002957261452715306,0.0,3,False,False,1,0.0
100000003922499100,terminal,0.5,10,0.298705,"Входящих переводов: 1, отправителей: 1, исходящих: 0; колено 2; гипотеза конечного получателя",1,0,50000.0,0,1,0,0.0005349570292836559,0.0,2,False,False,1,0.0
100000004491749100,terminal,0.5,6,0.298705,"Входящих переводов: 1, отправителей: 1, исходящих: 0; колено 3; гипотеза конечного получателя",1,0,50000.0,0,1,0,0.000350728156173054,0.0,3,False,False,1,0.0
100000006687202100,terminal,0.5,0,0.298705,"Входящих переводов: 1, отправителей: 1, исходящих: 0; колено 1; гипотеза конечного получателя",1,0,50000.0,0,1,0,0.00029493850814809014,0.0,1,False,False,1,0.0
100000008772058100,terminal,0.5,1,0.298705,"Входящих переводов: 1, отправителей: 1, исходящих: 0; колено 2; гипотеза конечного получателя",1,0,50000.0,0,1,0,0.00030252369860227327,0.0,2,False,False,1,0.0
100000008753061100,terminal,0.5,1,0.298683,"Входящих переводов: 2, отправителей: 1, исходящих: 0; колено 3; гипотеза конечного получателя",1,0,28400.0,0,2,0,0.0002900025903696048,0.0,3,False,False,1,0.0
100000006232815100,peripheral,0.2,28,0.298408,"Отправителей: 1, получателей: 5; переводов вход/выход: 2/5; недостаточно признаков роли; входящие seed неполны",1,5,160000.0,296500.0,2,5,0.0005557064691062042,1.853125,0,True,False,0,0.0
100000005360814100,peripheral,0.0,3,0.298368,Граница 4-го колена: исходящие не наблюдаются; роль не определена,1,0,144000.0,0,3,0,0.0004335090512365007,0.0,4,False,True,1,0.0
100000005265073100,peripheral,0.2,19,0.298263,"Отправителей: 1, получателей: 1; переводов вход/выход: 1/1; недостаточно признаков роли",1,1,5000.0,9000.0,1,1,0.0002991159867335151,1.8,3,False,False,2,0.0
100000006658598100,terminal,0.5,4,0.298251,"Входящих переводов: 1, отправителей: 1, исходящих: 0; колено 1; гипотеза конечного получателя",1,0,9000.0,0,1,0,0.0002865450979540937,0.0,1,False,False,2,0.0
100000008677215100,terminal,0.5,21,0.298251,"Входящих переводов: 1, отправителей: 1, исходящих: 0; колено 3; гипотеза конечного получателя",1,0,9000.0,0,1,0,0.0003045813021841674,0.0,3,False,False,2,0.0
100000002904919100,peripheral,0.2,0,0.2981,"Отправителей: 1, получателей: 1; переводов вход/выход: 1/1; недостаточно признаков роли",1,1,60325.0,5500.0,1,1,0.0002909164523068858,0.09117281392457521,3,False,False,1,0.0
100000006177176100,terminal,0.5,4,0.297803,"Входящих переводов: 1, отправителей: 1, исходящих: 0; колено 1; гипотеза конечного получателя",1,0,8911.0,0,1,0,0.00028653554020346094,0.0,1,False,False,2,0.0
100000004580254100,terminal,0.5,16,0.297785,"Входящих переводов: 2, отправителей: 2, исходящих: 0; колено 3; гипотеза конечного получателя",2,0,27940.0,0,2,0,0.0003122451560609458,0.0,3,False,False,1,0.0
100000002095257100,terminal,0.5,10,0.297242,"Входящих переводов: 1, отправителей: 1, исходящих: 0; колено 3; гипотеза конечного получателя",1,0,8500.0,0,1,0,0.0003962247402925835,0.0,3,False,False,2,0.0
100000005834479100,peripheral,0.2,3,0.297238,"Отправителей: 1, получателей: 2; переводов вход/выход: 1/2; недостаточно признаков роли",1,2,7500.0,14470.0,1,2,0.0002867593527524171,1.9293333333333333,2,False,False,2,0.0
100000004921657100,peripheral,0.2,2,0.297152,"Отправителей: 1, получателей: 1; переводов вход/выход: 1/1; недостаточно признаков роли",1,1,8300.0,22190.0,1,1,0.0003611576080897619,2.6734939759036145,3,False,False,2,0.0
100000008713685100,terminal,0.5,1,0.296686,"Входящих переводов: 1, отправителей: 1, исходящих: 0; колено 3; гипотеза конечного получателя",1,0,49700.0,0,1,0,0.00029332059526293857,0.0,3,False,False,1,0.0
100000008782421100,terminal,0.5,1,0.296574,"Входящих переводов: 1, отправителей: 1, исходящих: 0; колено 1; гипотеза конечного получателя",1,0,49680.0,0,1,0,0.0002959834817959608,0.0,1,False,False,1,0.0
100000001279875100,terminal,0.5,13,0.296462,"Входящих переводов: 1, отправителей: 1, исходящих: 0; колено 2; гипотеза конечного получателя",1,0,49235.0,0,1,0,0.0003032618445760634,0.0,2,False,False,1,0.0
100000005730108100,terminal,0.5,0,0.296401,"Входящих переводов: 1, отправителей: 1, исходящих: 0; колено 2; гипотеза конечного получателя",1,0,8000.0,0,1,0,0.00035857544811621165,0.0,2,False,False,2,0.0
100000008557672100,terminal,0.5,1,0.29635,"Входящих переводов: 1, отправителей: 1, исходящих: 0; колено 2; гипотеза конечного получателя",1,0,49125.0,0,1,0,0.0003022271590940238,0.0,2,False,False,1,0.0
100000002611334100,peripheral,0.2,0,0.296305,"Отправителей: 1, получателей: 1; переводов вход/выход: 1/1; недостаточно признаков роли",1,1,48288.0,15500.0,1,1,0.0003053084863720811,0.3209907223326706,3,False,False,1,0.0
100000003207060100,peripheral,0.0,0,0.296221,Граница 4-го колена: исходящие не наблюдаются; роль не определена,1,0,53000.0,0,1,0,0.00042717386617729177,0.0,4,False,True,2,0.0
100000000860514100,peripheral,0.2,24,0.295689,"Отправителей: 1, получателей: 1; переводов вход/выход: 1/1; недостаточно признаков роли",1,1,12000.0,50000.0,1,1,0.00030625013979374596,4.166666666666667,3,False,False,1,0.0
100000008677518100,terminal,0.5,1,0.295677,"Входящих переводов: 1, отправителей: 1, исходящих: 0; колено 3; гипотеза конечного получателя",1,0,48700.0,0,1,0,0.00029316482038531724,0.0,3,False,False,1,0.0
100000001202787100,peripheral,0.0,0,0.295647,Граница 4-го колена: исходящие не наблюдаются; роль не определена,2,0,14850.0,0,2,0,0.000351074085643618,0.0,4,False,True,3,0.0
100000007653094100,peripheral,0.0,12,0.295379,Граница 4-го колена: исходящие не наблюдаются; роль не определена,1,0,16000.0,0,1,0,0.0005747322038883423,0.0,4,False,True,4,0.0
100000001597424100,terminal,0.5,14,0.295228,"Входящих переводов: 1, отправителей: 1, исходящих: 0; колено 3; гипотеза конечного получателя",1,0,48100.0,0,1,0,0.00029920112673526787,0.0,3,False,False,1,0.0
100000007510567100,peripheral,0.0,7,0.294875,Граница 4-го колена: исходящие не наблюдаются; роль не определена,1,0,52000.0,0,1,0,0.00030500068472613076,0.0,4,False,True,2,0.0
100000002750956100,terminal,0.5,0,0.294555,"Входящих переводов: 1, отправителей: 1, исходящих: 0; колено 1; гипотеза конечного получателя",1,0,47416.0,0,1,0,0.0002944547872601147,0.0,1,False,False,1,0.0
100000006385877100,peripheral,0.2,8,0.294488,"Отправителей: 1, получателей: 1; переводов вход/выход: 5/5; недостаточно признаков роли",1,1,53706.62,36602.93,5,5,0.002206777063412738,0.6815347903107661,2,False,False,1,0.0
100000001065234100,peripheral,0.0,15,0.294432,Граница 4-го колена: исходящие не наблюдаются; роль не определена,1,0,360000.0,0,1,0,0.0005482017140164268,0.0,4,False,True,1,0.0
100000005961971100,terminal,0.5,1,0.294331,"Входящих переводов: 1, отправителей: 1, исходящих: 0; колено 1; гипотеза конечного получателя",1,0,47353.0,0,1,0,0.000295496118721655,0.0,1,False,False,1,0.0
100000008749618100,terminal,0.5,1,0.294219,"Входящих переводов: 1, отправителей: 1, исходящих: 0; колено 1; гипотеза конечного получателя",1,0,47280.0,0,1,0,0.0002954808297210429,0.0,1,False,False,1,0.0
100000008745725100,terminal,0.5,1,0.293826,"Входящих переводов: 1, отправителей: 1, исходящих: 0; колено 1; гипотеза конечного получателя",1,0,47060.0,0,1,0,0.00029543475328084207,0.0,1,False,False,1,0.0
100000008768896100,terminal,0.5,1,0.293826,"Входящих переводов: 1, отправителей: 1, исходящих: 0; колено 1; гипотеза конечного получателя",1,0,47060.0,0,1,0,0.00029543475328084207,0.0,1,False,False,1,0.0
100000002952756100,terminal,0.5,7,0.293153,"Входящих переводов: 1, отправителей: 1, исходящих: 0; колено 3; гипотеза конечного получателя",1,0,47000.0,0,1,0,0.0003676182849768324,0.0,3,False,False,1,0.0
100000002301828100,terminal,0.5,16,0.292873,"Входящих переводов: 1, отправителей: 1, исходящих: 0; колено 3; гипотеза конечного получателя",1,0,46977.0,0,1,0,0.00029295859992816054,0.0,3,False,False,1,0.0
100000004784224100,peripheral,0.2,22,0.292873,"Отправителей: 1, получателей: 1; переводов вход/выход: 2/1; недостаточно признаков роли",1,1,23500.0,100000.0,2,1,0.00030478542782054973,4.25531914893617,1,False,False,1,0.0
100000008173359100,terminal,0.5,4,0.292868,"Входящих переводов: 1, отправителей: 1, исходящих: 0; колено 1; гипотеза конечного получателя",1,0,6110.0,0,1,0,0.00028623473953466935,0.0,1,False,False,2,0.0
100000008071620100,terminal,0.5,0,0.292761,"Входящих переводов: 1, отправителей: 1, исходящих: 0; колено 1; гипотеза конечного получателя",1,0,46968.0,0,1,0,0.00029437092233836043,0.0,1,False,False,1,0.0
100000002838519100,terminal,0.5,14,0.292649,"Входящих переводов: 1, отправителей: 1, исходящих: 0; колено 3; гипотеза конечного получателя",1,0,46900.0,0,1,0,0.0002988612711953899,0.0,3,False,False,1,0.0
100000003016773100,terminal,0.5,9,0.292424,"Входящих переводов: 1, отправителей: 1, исходящих: 0; колено 2; гипотеза конечного получателя",1,0,46555.0,0,1,0,0.0003147688963174431,0.0,2,False,False,1,0.0
100000001549194100,terminal,0.5,14,0.2922,"Входящих переводов: 1, отправителей: 1, исходящих: 0; колено 3; гипотеза конечного получателя",1,0,46500.0,0,1,0,0.0002987479860154306,0.0,3,False,False,1,0.0
100000001380107100,terminal,0.5,54,0.292027,"Входящих переводов: 1, отправителей: 1, исходящих: 0; колено 3; гипотеза конечного получателя",1,0,6000.0,0,1,0,0.00029094731267208896,0.0,3,False,False,2,0.0
100000007737775100,terminal,0.5,11,0.292027,"Входящих переводов: 1, отправителей: 1, исходящих: 0; колено 3; гипотеза конечного получателя",1,0,6000.0,0,1,0,0.0003030510502519628,0.0,3,False,False,2,0.0
100000000703894100,peripheral,0.2,28,0.291886,"Отправителей: 1, получателей: 1; переводов вход/выход: 1/1; недостаточно признаков роли",1,1,120000.0,35000.0,1,1,0.0004767491252765947,0.2916666666666667,1,False,False,1,0.0
100000007511780100,peripheral,0.0,0,0.291886,Граница 4-го колена: исходящие не наблюдаются; роль не определена,1,0,155000.0,0,2,0,0.0005594248004489851,0.0,4,False,True,1,0.0
100000002373144100,peripheral,0.2,0,0.291819,"Отправителей: 1, получателей: 1; переводов вход/выход: 1/1; недостаточно признаков роли",1,1,46468.0,10764.0,1,1,0.0002896903131726274,0.2316432813979513,3,False,False,1,0.0
100000004096559100,terminal,0.5,6,0.291751,"Входящих переводов: 1, отправителей: 1, исходящих: 0; колено 3; гипотеза конечного получателя",1,0,46200.0,0,1,0,0.0009746783041766098,0.0,3,False,False,1,0.0
100000007382152100,terminal,0.5,0,0.29141,"Входящих переводов: 1, отправителей: 1, исходящих: 0; колено 2; гипотеза конечного получателя",1,0,5860.0,0,1,0,0.00028648890569586986,0.0,2,False,False,2,0.0
100000008754747100,terminal,0.5,1,0.29119,"Входящих переводов: 1, отправителей: 1, исходящих: 0; колено 3; гипотеза конечного получателя",1,0,45500.0,0,1,0,0.0002926663407769291,0.0,3,False,False,1,0.0
100000004019056100,peripheral,0.0,12,0.291118,Граница 4-го колена: исходящие не наблюдаются; роль не определена,1,0,50000.0,0,1,0,0.0005406097884070723,0.0,4,False,True,2,0.0
100000007731977100,peripheral,0.0,0,0.291118,Граница 4-го колена: исходящие не наблюдаются; роль не определена,1,0,50000.0,0,1,0,0.0003367223489026738,0.0,4,False,True,2,0.0
100000008308418100,peripheral,0.0,0,0.291118,Граница 4-го колена: исходящие не наблюдаются; роль не определена,1,0,50000.0,0,1,0,0.00043143382567820436,0.0,4,False,True,2,0.0
100000001825934100,peripheral,0.2,35,0.290965,"Отправителей: 1, получателей: 1; переводов вход/выход: 1/1; недостаточно признаков роли",1,1,40000.0,97000.0,1,1,0.0004754847968784359,2.425,3,False,False,1,0.0
100000001270470100,peripheral,0.0,0,0.290928,Граница 4-го колена: исходящие не наблюдаются; роль не определена,1,0,28300.0,0,2,0,0.0004295811204556855,0.0,4,False,True,2,0.0
100000003636627100,peripheral,0.2,6,0.290675,"Отправителей: 1, получателей: 1; переводов вход/выход: 8/1; недостаточно признаков роли",1,1,77000.0,10000.0,8,1,0.0020937332984515555,0.12987012987012986,3,False,False,1,0.0
100000008383405100,terminal,0.5,22,0.290663,"Входящих переводов: 2, отправителей: 1, исходящих: 0; колено 1; гипотеза конечного получателя",1,0,25000.0,0,2,0,0.00030601139658493635,0.0,1,False,False,1,0.0
100000008502995100,terminal,0.5,0,0.290663,"Входящих переводов: 2, отправителей: 1, исходящих: 0; колено 3; гипотеза конечного получателя",1,0,25000.0,0,2,0,0.000725154305385366,0.0,3,False,False,1,0.0
100000005996909100,terminal,0.5,15,0.290625,"Входящих переводов: 1, отправителей: 1, исходящих: 0; колено 3; гипотеза конечного получателя",1,0,5500.0,0,1,0,0.0003161416484475843,0.0,3,False,False,2,0.0
100000002232266100,terminal,0.5,3,0.290349,"Входящих переводов: 1, отправителей: 1, исходящих: 0; колено 3; гипотеза конечного получателя",1,0,45000.0,0,1,0,0.0002947113891288935,0.0,3,False,False,1,0.0
100000007861311100,terminal,0.5,6,0.290349,"Входящих переводов: 1, отправителей: 1, исходящих: 0; колено 2; гипотеза конечного получателя",1,0,45000.0,0,1,0,0.0003583889850052567,0.0,2,False,False,1,0.0
100000003975102100,peripheral,0.2,4,0.290069,"Отправителей: 1, получателей: 2; переводов вход/выход: 1/2; недостаточно признаков роли; входящие seed неполны",1,2,25650.0,88500.0,1,2,0.00034535026526693284,3.4502923976608186,0,True,False,1,1.0
100000006476758100,terminal,0.5,11,0.289335,"Входящих переводов: 1, отправителей: 1, исходящих: 0; колено 3; гипотеза конечного получателя",1,0,5200.0,0,1,0,0.0005171445639528446,0.0,3,False,False,2,0.0
100000002908521100,terminal,0.5,1,0.289003,"Входящих переводов: 1, отправителей: 1, исходящих: 0; колено 3; гипотеза конечного получателя",1,0,44500.0,0,1,0,0.0002925105658993078,0.0,3,False,False,1,0.0
100000008772246100,terminal,0.5,1,0.289003,"Входящих переводов: 1, отправителей: 1, исходящих: 0; колено 3; гипотеза конечного получателя",1,0,44500.0,0,1,0,0.0002925105658993078,0.0,3,False,False,1,0.0
100000000978041100,terminal,0.5,1,0.288723,"Входящих переводов: 1, отправителей: 1, исходящих: 0; колено 1; гипотеза конечного получателя",1,0,44445.0,0,1,0,0.00029488707195754607,0.0,1,False,False,1,0.0
100000008744849100,terminal,0.5,1,0.288723,"Входящих переводов: 1, отправителей: 1, исходящих: 0; колено 1; гипотеза конечного получателя",1,0,44445.0,0,1,0,0.00029488707195754607,0.0,1,False,False,1,0.0
100000008688881100,terminal,0.5,1,0.288387,"Входящих переводов: 1, отправителей: 1, исходящих: 0; колено 2; гипотеза конечного получателя",1,0,44211.0,0,1,0,0.00030056179321569465,0.0,2,False,False,1,0.0
100000003568904100,peripheral,0.0,12,0.28837,Граница 4-го колена: исходящие не наблюдаются; роль не определена,1,0,49000.0,0,1,0,0.0005314535057799126,0.0,4,False,True,2,0.0
100000005754335100,terminal,0.5,39,0.288274,"Входящих переводов: 1, отправителей: 1, исходящих: 0; колено 3; гипотеза конечного получателя",1,0,44037.0,0,1,0,0.00040440164627185356,0.0,3,False,False,1,0.0
100000008782800100,terminal,0.5,1,0.287826,"Входящих переводов: 1, отправителей: 1, исходящих: 0; колено 1; гипотеза конечного получателя",1,0,43381.0,0,1,0,0.00029466422953766577,0.0,1,False,False,1,0.0
100000001954534100,peripheral,0.2,0,0.287613,"Отправителей: 1, получателей: 1; переводов вход/выход: 1/1; недостаточно признаков роли",1,1,13000.0,40000.0,1,1,0.000366732042229374,3.076923076923077,3,False,False,1,0.0
100000008661585100,terminal,0.5,1,0.287601,"Входящих переводов: 1, отправителей: 1, исходящих: 0; колено 1; гипотеза конечного получателя",1,0,43141.0,0,1,0,0.000294613964330174,0.0,1,False,False,1,0.0
100000005008589100,terminal,0.5,0,0.287489,"Входящих переводов: 1, отправителей: 1, исходящих: 0; колено 3; гипотеза конечного получателя",1,0,42806.68,0,1,0,0.00030306888420759167,0.0,3,False,False,1,0.0
100000008776298100,terminal,0.5,1,0.287377,"Входящих переводов: 1, отправителей: 1, исходящих: 0; колено 1; гипотеза конечного получателя",1,0,42800.0,0,1,0,0.00029454254584786275,0.0,1,False,False,1,0.0
100000002689717100,peripheral,0.0,7,0.28708,Граница 4-го колена: исходящие не наблюдаются; роль не определена,1,0,47500.0,0,1,0,0.00030331992599604674,0.0,4,False,True,2,0.0
100000002182176100,terminal,0.5,0,0.287041,"Входящих переводов: 1, отправителей: 1, исходящих: 0; колено 1; гипотеза конечного получателя",1,0,42465.0,0,1,0,0.00029352796755563855,0.0,1,False,False,1,0.0
100000000375150100,peripheral,0.0,12,0.286973,Граница 4-го колена: исходящие не наблюдаются; роль не определена,1,0,300000.0,0,1,0,0.0007448195901762265,0.0,4,False,True,1,0.0
100000001311175100,peripheral,0.0,13,0.286973,Граница 4-го колена: исходящие не наблюдаются; роль не определена,1,0,300000.0,0,1,0,0.0005312033417002695,0.0,4,False,True,1,0.0
100000003128638100,peripheral,0.0,8,0.286973,Граница 4-го колена: исходящие не наблюдаются; роль не определена,1,0,300000.0,0,1,0,0.0003581137558257364,0.0,4,False,True,1,0.0
100000001818442100,terminal,0.5,7,0.286816,"Входящих переводов: 1, отправителей: 1, исходящих: 0; колено 3; гипотеза конечного получателя",1,0,42215.0,0,1,0,0.00030128259655356246,0.0,3,False,False,1,0.0
100000006471232100,terminal,0.5,1,0.28648,"Входящих переводов: 1, отправителей: 1, исходящих: 0; колено 3; гипотеза конечного получателя",1,0,41800.0,0,1,0,0.00029208997372973024,0.0,3,False,False,1,0.0
100000008717340100,terminal,0.5,1,0.286087,"Входящих переводов: 1, отправителей: 1, исходящих: 0; колено 1; гипотеза конечного получателя",1,0,41500.0,0,1,0,0.0002942702759739489,0.0,1,False,False,1,0.0
100000002748581100,terminal,0.5,14,0.285807,"Входящих переводов: 1, отправителей: 1, исходящих: 0; колено 3; гипотеза конечного получателя",1,0,41180.0,0,1,0,0.00029724129312197164,0.0,3,False,False,1,0.0
100000006746688100,terminal,0.5,1,0.285639,"Входящих переводов: 1, отправителей: 1, исходящих: 0; колено 3; гипотеза конечного получателя",1,0,41000.0,0,1,0,0.0002919653538276332,0.0,3,False,False,1,0.0
100000008745474100,terminal,0.5,1,0.28547,"Входящих переводов: 1, отправителей: 1, исходящих: 0; колено 1; гипотеза конечного получателя",1,0,40559.0,0,1,0,0.0002940731944729081,0.0,1,False,False,1,0.0
100000000408846100,terminal,0.5,25,0.285302,"Входящих переводов: 1, отправителей: 1, исходящих: 0; колено 3; гипотеза конечного получателя",1,0,40500.0,0,1,0,0.00029569905545854803,0.0,3,False,False,1,0.0
100000004979283100,terminal,0.5,7,0.28491,"Входящих переводов: 1, отправителей: 1, исходящих: 0; колено 3; гипотеза конечного получателя",1,0,40132.0,0,1,0,0.00030050771893964316,0.0,3,False,False,1,0.0
100000002391278100,peripheral,0.2,26,0.284585,"Отправителей: 1, получателей: 1; переводов вход/выход: 5/2; недостаточно признаков роли",1,1,30000.0,52700.0,5,2,0.00039847674541023043,1.7566666666666666,3,False,False,1,0.6666666666666666
100000008628818100,peripheral,0.0,7,0.284501,Граница 4-го колена: исходящие не наблюдаются; роль не определена,1,0,46310.0,0,1,0,0.00030287545868742455,0.0,4,False,True,2,0.0
100000005100475100,terminal,0.5,6,0.284125,"Входящих переводов: 1, отправителей: 1, исходящих: 0; колено 3; гипотеза конечного получателя",1,0,40000.0,0,1,0,0.00033769824170747515,0.0,3,False,False,1,0.0
100000006369769100,terminal,0.5,1,0.284125,"Входящих переводов: 1, отправителей: 1, исходящих: 0; колено 1; гипотеза конечного получателя",1,0,40000.0,0,1,0,0.00029395611842712515,0.0,1,False,False,1,0.0
100000003500764100,peripheral,0.0,16,0.284005,Граница 4-го колена: исходящие не наблюдаются; роль не определена,1,0,21000.0,0,1,0,0.0005297963929265603,0.0,4,False,True,3,0.0
100000002596039100,peripheral,0.0,3,0.283889,Граница 4-го колена: исходящие не наблюдаются; роль не определена,1,0,280000.0,0,1,0,0.0003043274441781774,0.0,4,False,True,1,0.0
100000002951898100,terminal,0.5,14,0.283452,"Входящих переводов: 1, отправителей: 1, исходящих: 0; колено 3; гипотеза конечного получателя",1,0,39990.0,0,1,0,0.00029690426971159265,0.0,3,False,False,1,0.0
100000008686234100,terminal,0.5,0,0.283227,"Входящих переводов: 1, отправителей: 1, исходящих: 0; колено 1; гипотеза конечного получателя",1,0,39778.0,0,1,0,0.00029302496522359904,0.0,1,False,False,1,0.0
100000002481735100,terminal,0.5,4,0.283205,"Входящих переводов: 2, отправителей: 1, исходящих: 0; колено 2; гипотеза конечного получателя",1,0,22436.0,0,2,0,0.00036261315794017897,0.0,2,False,False,1,0.0
100000001808684100,peripheral,0.2,6,0.283204,"Отправителей: 1, получателей: 1; переводов вход/выход: 3/2; недостаточно признаков роли",1,1,48400.0,37700.0,3,2,0.0011691577371950846,0.7789256198347108,3,False,False,1,0.0
100000007938486100,terminal,0.5,1,0.283115,"Входящих переводов: 1, отправителей: 1, исходящих: 0; колено 1; гипотеза конечного получателя",1,0,39500.0,0,1,0,0.0002938513992448506,0.0,1,False,False,1,0.0
100000001286703100,peripheral,0.0,37,0.283108,Граница 4-го колена: исходящие не наблюдаются; роль не определена,1,0,20500.0,0,1,0,0.00028724705076634075,0.0,4,False,True,3,0.0
100000002194320100,peripheral,0.0,15,0.283104,Граница 4-го колена: исходящие не наблюдаются; роль не определена,1,0,275000.0,0,1,0,0.000486193474948211,0.0,4,False,True,1,0.0
100000007618425100,terminal,0.5,16,0.282891,"Входящих переводов: 1, отправителей: 1, исходящих: 0; колено 3; гипотеза конечного получателя",1,0,39348.0,0,1,0,0.00029506780776397456,0.0,3,False,False,1,0.0
100000003061115100,peripheral,0.0,0,0.282762,Граница 4-го колена: исходящие не наблюдаются; роль не определена,1,0,45000.0,0,1,0,0.0005336134900277459,0.0,4,False,True,2,0.0
100000000673915100,peripheral,0.0,34,0.282715,Граница 4-го колена: исходящие не наблюдаются; роль не определена,1,0,20200.0,0,1,0,0.00028758344914595025,0.0,4,False,True,3,0.0
100000008735384100,terminal,0.5,1,0.282666,"Входящих переводов: 1, отправителей: 1, исходящих: 0; колено 1; гипотеза конечного получателя",1,0,39220.0,0,1,0,0.00029379275650277684,0.0,1,False,False,1,0.0
100000003448713100,peripheral,0.0,3,0.282263,Граница 4-го колена: исходящие не наблюдаются; роль не определена,1,0,266750.0,0,1,0,0.0003034402213231328,0.0,4,False,True,1,0.0
100000008771819100,terminal,0.5,1,0.282218,"Входящих переводов: 1, отправителей: 1, исходящих: 0; колено 1; гипотеза конечного получателя",1,0,38900.0,0,1,0,0.00029372573622612113,0.0,1,False,False,1,0.0
100000004488265100,terminal,0.5,3,0.282106,"Входящих переводов: 1, отправителей: 1, исходящих: 0; колено 3; гипотеза конечного получателя",1,0,38740.0,0,1,0,0.00029344091443831187,0.0,3,False,False,1,0.0
100000001307612100,terminal,0.5,1,0.281994,"Входящих переводов: 1, отправителей: 1, исходящих: 0; колено 1; гипотеза конечного получателя",1,0,38483.0,0,1,0,0.0002936384004281041,0.0,1,False,False,1,0.0
100000007153161100,peripheral,0.0,0,0.281921,Граница 4-го колена: исходящие не наблюдаются; роль не определена,1,0,44997.0,0,1,0,0.000530671951208211,0.0,4,False,True,2,0.0
100000002809896100,terminal,0.5,7,0.281657,"Входящих переводов: 1, отправителей: 1, исходящих: 0; колено 3; гипотеза конечного получателя",1,0,38000.0,0,1,0,0.00029971461328775844,0.0,3,False,False,1,0.0
100000003216073100,peripheral,0.2,3,0.281544,"Отправителей: 1, получателей: 1; переводов вход/выход: 1/1; недостаточно признаков роли",1,1,37001.0,70000.0,1,1,0.0002882096574250836,1.891840761060512,3,False,False,1,0.0
100000004664515100,terminal,0.5,0,0.281208,"Входящих переводов: 1, отправителей: 1, исходящих: 0; колено 1; гипотеза конечного получателя",1,0,37691.0,0,1,0,0.0002926342819831947,0.0,1,False,False,1,0.0
100000008251939100,peripheral,0.0,7,0.280912,Граница 4-го колена: исходящие не наблюдаются; роль не определена,1,0,44360.0,0,1,0,0.00030214712990438814,0.0,4,False,True,2,0.0
100000008687671100,terminal,0.5,1,0.280872,"Входящих переводов: 1, отправителей: 1, исходящих: 0; колено 1; гипотеза конечного получателя",1,0,37500.0,0,1,0,0.00029343252251575234,0.0,1,False,False,1,0.0
100000007988344100,peripheral,0.0,0,0.280867,Граница 4-го колена: исходящие не наблюдаются; роль не определена,1,0,20000.0,0,3,0,0.00038734716095507193,0.0,4,False,True,2,0.0
100000008671081100,terminal,0.5,1,0.280423,"Входящих переводов: 1, отправителей: 1, исходящих: 0; колено 3; гипотеза конечного получателя",1,0,37200.0,0,1,0,0.0002913734092926723,0.0,3,False,False,1,0.0
100000002369510100,terminal,0.5,1,0.280255,"Входящих переводов: 1, отправителей: 1, исходящих: 0; колено 3; гипотеза конечного получателя",1,0,37150.0,0,1,0,0.0002913656205487912,0.0,3,False,False,1,0.0
100000008749405100,terminal,0.5,1,0.280255,"Входящих переводов: 1, отправителей: 1, исходящих: 0; колено 3; гипотеза конечного получателя",1,0,37150.0,0,1,0,0.0002913656205487912,0.0,3,False,False,1,0.0
100000003345947100,peripheral,0.0,3,0.280198,Граница 4-го колена: исходящие не наблюдаются; роль не определена,1,0,79500.0,0,6,0,0.0004944945812992162,0.0,4,False,True,1,0.0
100000005546031100,peripheral,0.2,46,0.280042,"Отправителей: 3, получателей: 1; переводов вход/выход: 6/1; недостаточно признаков роли",3,1,66800.0,8000.0,6,1,0.0007118843250440956,0.11976047904191617,1,False,False,1,0.11976047904191617
100000002211413100,terminal,0.5,1,0.279975,"Входящих переводов: 1, отправителей: 1, исходящих: 0; колено 1; гипотеза конечного получателя",1,0,37000.0,0,1,0,0.0002933278033334778,0.0,1,False,False,1,0.0
100000007749092100,peripheral,0.2,4,0.279862,"Отправителей: 1, получателей: 1; переводов вход/выход: 1/5; недостаточно признаков роли",1,1,7650.0,70375.0,1,5,0.0019064101433238082,9.199346405228757,2,False,False,1,0.0
100000005485830100,peripheral,0.2,43,0.279767,"Отправителей: 0, получателей: 5; переводов вход/выход: 0/9; недостаточно признаков роли; входящие seed неполны",0,5,0,275885.0,0,9,0.00028557858384515975,,0,True,False,0,0.0
100000003109805100,terminal,0.5,16,0.27975,"Входящих переводов: 1, отправителей: 1, исходящих: 0; колено 3; гипотеза конечного получателя",1,0,36929.0,0,1,0,0.00029138007423256497,0.0,3,False,False,1,0.0
100000004070530100,peripheral,0.0,37,0.279631,Граница 4-го колена: исходящие не наблюдаются; роль не определена,1,0,20000.0,0,1,0,0.00028720635645119,0.0,4,False,True,3,0.0
100000008695133100,terminal,0.5,1,0.279526,"Входящих переводов: 1, отправителей: 1, исходящих: 0; колено 3; гипотеза конечного получателя",1,0,36610.0,0,1,0,0.00029128150211487567,0.0,3,False,False,1,0.0
100000003696422100,peripheral,0.0,30,0.27938,Граница 4-го колена: исходящие не наблюдаются; роль не определена,1,0,118000.0,0,2,0,0.0007070508729106565,0.0,4,False,True,1,0.0
100000002516862100,peripheral,0.0,58,0.279279,Граница 4-го колена: исходящие не наблюдаются; роль не определена,1,0,81710.0,0,5,0,0.00034936600838142467,0.0,4,False,True,1,0.0
100000008741372100,terminal,0.5,1,0.278741,"Входящих переводов: 1, отправителей: 1, исходящих: 0; колено 1; гипотеза конечного получателя",1,0,35975.0,0,1,0,0.0002931131290098149,0.0,1,False,False,1,0.0
100000001784279100,terminal,0.5,0,0.278629,"Входящих переводов: 1, отправителей: 1, исходящих: 0; колено 3; гипотеза конечного получателя",1,0,35674.0,0,1,0,0.0002887352041436034,0.0,3,False,False,1,0.0
100000005901606100,terminal,0.5,1,0.278517,"Входящих переводов: 1, отправителей: 1, исходящих: 0; колено 1; гипотеза конечного получателя",1,0,35660.0,0,1,0,0.0002930471559249819,0.0,1,False,False,1,0.0
100000008753193100,terminal,0.5,1,0.278292,"Входящих переводов: 1, отправителей: 1, исходящих: 0; колено 1; гипотеза конечного получателя",1,0,35225.0,0,1,0,0.00029295605023640307,0.0,1,False,False,1,0.0
100000000287768100,terminal,0.5,0,0.278068,"Входящих переводов: 1, отправителей: 1, исходящих: 0; колено 3; гипотеза конечного получателя",1,0,35168.0,0,1,0,0.0002886904306427061,0.0,3,False,False,1,0.0
100000008699083100,peripheral,0.0,13,0.277552,Граница 4-го колена: исходящие не наблюдаются; роль не определена,1,0,238500.0,0,1,0,0.00030638776534085686,0.0,4,False,True,1,0.0
100000004890713100,peripheral,0.0,7,0.277547,Граница 4-го колена: исходящие не наблюдаются; роль не определена,1,0,40485.0,0,1,0,0.00030069980988681574,0.0,4,False,True,2,0.0
100000004463277100,terminal,0.5,28,0.277339,"Входящих переводов: 1, отправителей: 1, исходящих: 0; колено 2; гипотеза конечного получателя",1,0,35000.0,0,1,0,0.0006908153788808349,0.0,2,False,False,1,0.0
100000004494983100,terminal,0.5,1,0.277339,"Входящих переводов: 1, отправителей: 1, исходящих: 0; колено 1; гипотеза конечного получателя",1,0,35000.0,0,1,0,0.00029290892660437947,0.0,1,False,False,1,0.0
100000002589019100,terminal,0.5,10,0.27661,"Входящих переводов: 1, отправителей: 1, исходящих: 0; колено 1; гипотеза конечного получателя",1,0,34710.0,0,1,0,0.0002913323622421512,0.0,1,False,False,1,0.0
100000001420847100,terminal,0.5,18,0.276588,"Входящих переводов: 2, отправителей: 1, исходящих: 0; колено 2; гипотеза конечного получателя",1,0,20000.0,0,2,0,0.0003028146687207013,0.0,2,False,False,1,0.0
100000003066385100,terminal,0.5,0,0.276588,"Входящих переводов: 2, отправителей: 2, исходящих: 0; колено 1; гипотеза конечного получателя",2,0,20000.0,0,2,0,0.00029153644977908107,0.0,1,False,False,1,0.0
100000007337374100,terminal,0.5,1,0.276588,"Входящих переводов: 2, отправителей: 1, исходящих: 0; колено 2; гипотеза конечного получателя",1,0,20000.0,0,2,0,0.00029235662974800517,0.0,2,False,False,1,0.0
100000001220124100,peripheral,0.0,3,0.276538,Граница 4-го колена: исходящие не наблюдаются; роль не определена,1,0,40000.0,0,1,0,0.0005392457165744188,0.0,4,False,True,2,0.0
100000003091142100,peripheral,0.0,0,0.276538,Граница 4-го колена: исходящие не наблюдаются; роль не определена,1,0,40000.0,0,1,0,0.00040971373669653193,0.0,4,False,True,2,0.0
100000001557930100,terminal,0.5,6,0.276498,"Входящих переводов: 1, отправителей: 1, исходящих: 0; колено 2; гипотеза конечного получателя",1,0,34610.0,0,1,0,0.0002921294547510575,0.0,2,False,False,1,0.0
100000006967370100,peripheral,0.2,16,0.276341,"Отправителей: 1, получателей: 1; переводов вход/выход: 1/1; недостаточно признаков роли",1,1,33225.0,13526.27,1,1,0.0002935911757101242,0.40711121143717083,3,False,False,1,0.0
100000005237935150,terminal,0.5,13,0.276273,"Входящих переводов: 1, отправителей: 1, исходящих: 0; колено 2; гипотеза конечного получателя",1,0,34508.0,0,1,0,0.0002979724898328113,0.0,2,False,False,1,0.0
100000003044518100,terminal,0.5,6,0.276161,"Входящих переводов: 1, отправителей: 1, исходящих: 0; колено 1; гипотеза конечного получателя",1,0,34423.0,0,1,0,0.0002875502409891347,0.0,1,False,False,1,0.0
100000003186579100,peripheral,0.0,3,0.276072,Граница 4-го колена: исходящие не наблюдаются; роль не определена,1,0,110000.0,0,2,0,0.0005148872449290908,0.0,4,False,True,1,0.0
100000002529877100,peripheral,0.0,13,0.275982,Граница 4-го колена: исходящие не наблюдаются; роль не определена,1,0,232000.0,0,1,0,0.0003058206388011418,0.0,4,False,True,1,0.0
100000004552204100,peripheral,0.2,31,0.275847,"Отправителей: 1, получателей: 2; переводов вход/выход: 2/2; недостаточно признаков роли",1,2,22500.0,10000.0,2,2,0.0008622919444743267,0.4444444444444444,3,False,False,1,0.0
100000000954884100,terminal,0.5,33,0.275769,"Входящих переводов: 1, отправителей: 1, исходящих: 0; колено 3; гипотеза конечного получателя",1,0,34000.0,0,1,0,0.0003113940080333907,0.0,3,False,False,1,0.0
100000008406609100,terminal,0.5,19,0.275769,"Входящих переводов: 1, отправителей: 1, исходящих: 0; колено 2; гипотеза конечного получателя",1,0,34000.0,0,1,0,0.0004302347253177745,0.0,2,False,False,1,0.0
100000008667795100,terminal,0.5,1,0.275769,"Входящих переводов: 1, отправителей: 1, исходящих: 0; колено 3; гипотеза конечного получателя",1,0,34000.0,0,1,0,0.0002908749296842841,0.0,3,False,False,1,0.0
100000008667799100,terminal,0.5,1,0.275769,"Входящих переводов: 1, отправителей: 1, исходящих: 0; колено 3; гипотеза конечного получателя",1,0,34000.0,0,1,0,0.0002908749296842841,0.0,3,False,False,1,0.0
100000004813068100,peripheral,0.2,22,0.275661,"Отправителей: 0, получателей: 3; переводов вход/выход: 0/5; недостаточно признаков роли; входящие seed неполны",0,3,0,297000.0,0,5,0.00028557858384515975,,0,True,False,0,0.0
100000008503177100,terminal,0.5,3,0.275376,"Входящих переводов: 1, отправителей: 1, исходящих: 0; колено 3; гипотеза конечного получателя",1,0,33951.0,0,1,0,0.00029246898100489406,0.0,3,False,False,1,0.0
100000008695566100,terminal,0.5,1,0.275264,"Входящих переводов: 1, отправителей: 1, исходящих: 0; колено 3; гипотеза конечного получателя",1,0,33700.0,0,1,0,0.0002908281972209977,0.0,3,False,False,1,0.0
100000004500781100,peripheral,0.0,14,0.275185,Граница 4-го колена: исходящие не наблюдаются; роль не определена,1,0,74000.0,0,5,0,0.0006803527762174213,0.0,4,False,True,1,0.0
100000002810870100,terminal,0.5,1,0.275152,"Входящих переводов: 1, отправителей: 1, исходящих: 0; колено 1; гипотеза конечного получателя",1,0,33677.0,0,1,0,0.000292631839648081,0.0,1,False,False,1,0.0
100000002736033100,peripheral,0.2,16,0.275108,"Отправителей: 1, получателей: 1; переводов вход/выход: 1/1; недостаточно признаков роли",1,1,34530.0,11000.0,1,1,0.00029517177466857955,0.3185635679119606,3,False,False,1,0.0
100000006901046100,peripheral,0.2,4,0.275073,"Отправителей: 1, получателей: 1; переводов вход/выход: 3/1; недостаточно признаков роли",1,1,75800.0,5500.0,3,1,0.003202826700103217,0.07255936675461741,2,False,False,1,0.07255936675461741
100000008470470100,terminal,0.5,1,0.274928,"Входящих переводов: 1, отправителей: 1, исходящих: 0; колено 1; гипотеза конечного получателя",1,0,33547.0,0,1,0,0.0002926046126606896,0.0,1,False,False,1,0.0
100000008337304100,peripheral,0.0,3,0.274389,Граница 4-го колена: исходящие не наблюдаются; роль не определена,1,0,105465.0,0,2,0,0.0003541888421133919,0.0,4,False,True,1,0.0
100000002188586100,peripheral,0.0,7,0.274294,Граница 4-го колена: исходящие не наблюдаются; роль не определена,1,0,38310.0,0,1,0,0.00029988744316727516,0.0,4,False,True,2,0.0
100000002984403100,peripheral,0.2,24,0.274154,"Отправителей: 1, получателей: 1; переводов вход/выход: 1/1; недостаточно признаков роли",1,1,20000.0,25000.0,1,1,0.00032003117709280345,1.25,3,False,False,1,0.0
100000004445291100,terminal,0.5,24,0.273672,"Входящих переводов: 2, отправителей: 1, исходящих: 0; колено 3; гипотеза конечного получателя",1,0,19500.0,0,2,0,0.0003191698622616124,0.0,3,False,False,1,0.0
100000000611474100,terminal,0.5,21,0.273357,"Входящих переводов: 1, отправителей: 1, исходящих: 0; колено 3; гипотеза конечного получателя",1,0,32000.0,0,1,0,0.0005951642253872223,0.0,3,False,False,1,0.0
100000003219438100,terminal,0.5,32,0.273357,"Входящих переводов: 1, отправителей: 1, исходящих: 0; колено 2; гипотеза конечного получателя",1,0,32000.0,0,1,0,0.0004466797893082782,0.0,2,False,False,1,0.0
100000008333492100,peripheral,0.0,45,0.272954,Граница 4-го колена: исходящие не наблюдаются; роль не определена,1,0,216400.0,0,1,0,0.0004378468723570446,0.0,4,False,True,1,0.0
100000008696919100,terminal,0.5,1,0.272909,"Входящих переводов: 1, отправителей: 1, исходящих: 0; колено 1; гипотеза конечного получателя",1,0,31945.0,0,1,0,0.0002922690924006819,0.0,1,False,False,1,0.0
100000002158488100,terminal,0.5,1,0.272797,"Входящих переводов: 1, отправителей: 1, исходящих: 0; колено 1; гипотеза конечного получателя",1,0,31723.0,0,1,0,0.000292222597083752,0.0,1,False,False,1,0.0
100000003072676100,terminal,0.5,16,0.27246,"Входящих переводов: 1, отправителей: 1, исходящих: 0; колено 3; гипотеза конечного получателя",1,0,31545.0,0,1,0,0.00029318602433817115,0.0,3,False,False,1,0.0
100000008779584100,terminal,0.5,1,0.272236,"Входящих переводов: 1, отправителей: 1, исходящих: 0; колено 1; гипотеза конечного получателя",1,0,31400.0,0,1,0,0.0002921549484920026,0.0,1,False,False,1,0.0
100000002214383100,peripheral,0.0,1,0.272169,Граница 4-го колена: исходящие не наблюдаются; роль не определена,1,0,213000.0,0,1,0,0.0005305978281417649,0.0,4,False,True,1,0.0
100000002214664100,peripheral,0.2,1,0.272011,"Отправителей: 1, получателей: 1; переводов вход/выход: 1/2; недостаточно признаков роли",1,1,7950.0,76950.0,1,2,0.0002868169941222491,9.679245283018869,3,False,False,1,0.0
100000008684767100,terminal,0.5,1,0.271843,"Входящих переводов: 1, отправителей: 1, исходящих: 0; колено 3; гипотеза конечного получателя",1,0,31100.0,0,1,0,0.00029042318253918233,0.0,3,False,False,1,0.0
100000008769097100,terminal,0.5,1,0.271843,"Входящих переводов: 1, отправителей: 1, исходящих: 0; колено 3; гипотеза конечного получателя",1,0,31100.0,0,1,0,0.00029042318253918233,0.0,3,False,False,1,0.0
100000007982908100,terminal,0.5,1,0.271675,"Входящих переводов: 1, отправителей: 1, исходящих: 0; колено 2; гипотеза конечного получателя",1,0,31080.0,0,1,0,0.0002961116671781815,0.0,2,False,False,1,0.0
100000008736173100,terminal,0.5,1,0.271563,"Входящих переводов: 1, отправителей: 1, исходящих: 0; колено 1; гипотеза конечного получателя",1,0,31060.0,0,1,0,0.0002920837394480559,0.0,1,False,False,1,0.0
100000000955529100,peripheral,0.2,2,0.27145,"Отправителей: 1, получателей: 1; переводов вход/выход: 1/1; недостаточно признаков роли",1,1,27000.0,63500.0,1,1,0.0002956226047649009,2.3518518518518516,3,False,False,1,0.0
100000004601193100,peripheral,0.0,11,0.271282,Граница 4-го колена: исходящие не наблюдаются; роль не определена,1,0,84000.0,0,3,0,0.0006028859632534415,0.0,4,False,True,1,0.0
100000004099450100,terminal,0.5,0,0.271226,"Входящих переводов: 1, отправителей: 1, исходящих: 0; колено 3; гипотеза конечного получателя",1,0,31000.0,0,1,0,0.0002961596686540568,0.0,3,False,False,1,0.0
100000004840086100,peripheral,0.0,0,0.271193,Граница 4-го колена: исходящие не наблюдаются; роль не определена,1,0,100000.0,0,2,0,0.0005388501367054064,0.0,4,False,True,1,0.0
100000008349675100,peripheral,0.2,6,0.27089,"Отправителей: 1, получателей: 1; переводов вход/выход: 1/2; недостаточно признаков роли",1,1,46520.0,36650.0,1,2,0.0002882431247142797,0.7878331900257953,1,False,False,1,0.0
100000002324543100,terminal,0.5,8,0.270329,"Входящих переводов: 1, отправителей: 1, исходящих: 0; колено 1; гипотеза конечного получателя",1,0,30202.0,0,1,0,0.0002888184053049872,0.0,1,False,False,1,0.0
100000005413948100,peripheral,0.2,9,0.270262,"Отправителей: 2, получателей: 1; переводов вход/выход: 2/1; недостаточно признаков роли",2,1,28215.0,5000.0,2,1,0.0019563004519133026,0.177210703526493,2,False,False,1,0.0
100000002794197100,terminal,0.5,6,0.270217,"Входящих переводов: 1, отправителей: 1, исходящих: 0; колено 1; гипотеза конечного получателя",1,0,30100.0,0,1,0,0.0002873026311400976,0.0,1,False,False,1,0.0
100000005395727100,peripheral,0.2,15,0.269929,"Отправителей: 1, получателей: 0; переводов вход/выход: 1/0; недостаточно признаков роли; входящие seed неполны",1,0,17000.0,0,1,0,0.0003711103105328841,0.0,0,True,False,3,0.0
100000003782913100,peripheral,0.0,14,0.269869,Граница 4-го колена: исходящие не наблюдаются; роль не определена,1,0,200000.0,0,1,0,0.00029940115619469057,0.0,4,False,True,1,0.0
100000000831684100,peripheral,0.2,10,0.269633,"Отправителей: 1, получателей: 1; переводов вход/выход: 2/3; недостаточно признаков роли",1,1,15000.0,50000.0,2,3,0.002000474066268049,3.3333333333333335,2,False,False,1,1.0
100000000655469100,peripheral,0.0,20,0.269001,Граница 4-го колена: исходящие не наблюдаются; роль не определена,1,0,20000.0,0,2,0,0.00034533357664365673,0.0,4,False,True,2,0.0
100000006512787100,peripheral,0.0,0,0.269001,Граница 4-го колена: исходящие не наблюдаются; роль не определена,1,0,20000.0,0,2,0,0.0005297757804709757,0.0,4,False,True,2,0.0
100000002479804100,peripheral,0.2,2,0.268927,"Отправителей: 1, получателей: 2; переводов вход/выход: 1/2; недостаточно признаков роли",1,2,46000.0,35300.0,1,2,0.0002969627134327961,0.7673913043478261,1,False,False,1,0.5
100000001852140100,terminal,0.5,57,0.268422,"Входящих переводов: 1, отправителей: 1, исходящих: 0; колено 3; гипотеза конечного получателя",1,0,30000.0,0,1,0,0.0008026206590810432,0.0,3,False,False,1,0.0
100000002820010100,terminal,0.5,6,0.268422,"Входящих переводов: 1, отправителей: 1, исходящих: 0; колено 2; гипотеза конечного получателя",1,0,30000.0,0,1,0,0.00029125688858878685,0.0,2,False,False,1,0.0
100000003157333100,terminal,0.5,6,0.268422,"Входящих переводов: 1, отправителей: 1, исходящих: 0; колено 2; гипотеза конечного получателя",1,0,30000.0,0,1,0,0.00029125688858878685,0.0,2,False,False,1,0.0
100000003888527100,terminal,0.5,39,0.268422,"Входящих переводов: 1, отправителей: 1, исходящих: 0; колено 3; гипотеза конечного получателя",1,0,30000.0,0,1,0,0.0003665262386082184,0.0,3,False,False,1,0.0
100000003980083100,terminal,0.5,66,0.268422,"Входящих переводов: 1, отправителей: 1, исходящих: 0; колено 1; гипотеза конечного получателя",1,0,30000.0,0,1,0,0.0005283203991937055,0.0,1,False,False,1,0.0
100000004058740100,terminal,0.5,1,0.268422,"Входящих переводов: 1, отправителей: 1, исходящих: 0; колено 1; гипотеза конечного получателя",1,0,30000.0,0,1,0,0.0002918617347816338,0.0,1,False,False,1,0.0
100000004687099100,terminal,0.5,6,0.268422,"Входящих переводов: 1, отправителей: 1, исходящих: 0; колено 2; гипотеза конечного получателя",1,0,30000.0,0,1,0,0.0003341188512852244,0.0,2,False,False,1,0.0
100000005082652100,terminal,0.5,6,0.268422,"Входящих переводов: 1, отправителей: 1, исходящих: 0; колено 3; гипотеза конечного получателя",1,0,30000.0,0,1,0,0.000407751754123424,0.0,3,False,False,1,0.0
100000008473765100,terminal,0.5,3,0.268422,"Входящих переводов: 1, отправителей: 1, исходящих: 0; колено 3; гипотеза конечного получателя",1,0,30000.0,0,1,0,0.00029166712070098226,0.0,3,False,False,1,0.0
100000002478829100,peripheral,0.0,20,0.268182,Граница 4-го колена: исходящие не наблюдаются; роль не определена,1,0,34000.0,0,1,0,0.00038716207160260463,0.0,4,False,True,2,0.0
100000004526651100,peripheral,0.0,8,0.266892,Граница 4-го колена: исходящие не наблюдаются; роль не определена,1,0,33000.0,0,1,0,0.0002899133625885497,0.0,4,False,True,2,0.0
100000008738658100,terminal,0.5,1,0.266628,"Входящих переводов: 1, отправителей: 1, исходящих: 0; колено 3; гипотеза конечного получателя",1,0,29920.0,0,1,0,0.00029023936818358916,0.0,3,False,False,1,0.0
100000008782056100,terminal,0.5,1,0.265955,"Входящих переводов: 1, отправителей: 1, исходящих: 0; колено 1; гипотеза конечного получателя",1,0,29082.0,0,1,0,0.0002916694703629777,0.0,1,False,False,1,0.0
100000005362848100,terminal,0.5,7,0.265618,"Входящих переводов: 1, отправителей: 1, исходящих: 0; колено 3; гипотеза конечного получателя",1,0,29000.0,0,1,0,0.0002963666063145114,0.0,3,False,False,1,0.0
100000008283183100,terminal,0.5,1,0.265618,"Входящих переводов: 1, отправителей: 1, исходящих: 0; колено 2; гипотеза конечного получателя",1,0,29000.0,0,1,0,0.0002954067504042856,0.0,2,False,False,1,0.0
100000005394708100,peripheral,0.2,19,0.265305,"Отправителей: 1, получателей: 1; переводов вход/выход: 1/1; недостаточно признаков роли",1,1,26000.0,65000.0,1,1,0.00034511902911933136,2.5,1,False,False,1,1.0
100000003148220100,peripheral,0.2,57,0.265211,"Отправителей: 1, получателей: 2; переводов вход/выход: 1/4; недостаточно признаков роли",1,2,5650.0,43400.0,1,4,0.0009153885437013932,7.68141592920354,1,False,False,1,1.0
100000005198498100,terminal,0.5,1,0.26517,"Входящих переводов: 1, отправителей: 1, исходящих: 0; колено 3; гипотеза конечного получателя",1,0,28800.0,0,1,0,0.0002900649003206533,0.0,3,False,False,1,0.0
100000008002020100,peripheral,0.2,10,0.26508,"Отправителей: 1, получателей: 1; переводов вход/выход: 1/1; недостаточно признаков роли",1,1,73860.0,17000.0,1,1,0.0002978221468645141,0.23016517736257786,1,False,False,1,0.0
100000002702968100,peripheral,0.0,7,0.264985,Граница 4-го колена: исходящие не наблюдаются; роль не определена,1,0,31600.0,0,1,0,0.00029738124514974983,0.0,4,False,True,2,0.0
100000002613929100,terminal,0.5,8,0.264946,"Входящих переводов: 1, отправителей: 1, исходящих: 0; колено 3; гипотеза конечного получателя",1,0,28560.0,0,1,0,0.0007800213166517956,0.0,3,False,False,1,0.0
100000008738325100,peripheral,0.2,19,0.264856,"Отправителей: 1, получателей: 1; переводов вход/выход: 1/1; недостаточно признаков роли; входящие seed неполны",1,1,36550.0,54000.0,1,1,0.0005283203991937055,1.4774281805745555,0,True,False,1,0.0
100000008507703100,terminal,0.5,1,0.264721,"Входящих переводов: 1, отправителей: 1, исходящих: 0; колено 3; гипотеза конечного получателя",1,0,28500.0,0,1,0,0.0002900181678573669,0.0,3,False,False,1,0.0
100000002938501100,peripheral,0.2,4,0.264429,"Отправителей: 1, получателей: 1; переводов вход/выход: 1/1; недостаточно признаков роли",1,1,8395.0,5000.0,1,1,0.000286480126727882,0.5955926146515783,1,False,False,2,0.0
100000008055972100,terminal,0.5,1,0.264217,"Входящих переводов: 1, отправителей: 1, исходящих: 0; колено 3; гипотеза конечного получателя",1,0,28300.0,0,1,0,0.00028998701288184263,0.0,3,False,False,1,0.0
100000007689942100,peripheral,0.2,18,0.264093,"Отправителей: 1, получателей: 2; переводов вход/выход: 1/2; недостаточно признаков роли",1,2,5000.0,25000.0,1,2,0.0008898319226429822,5.0,3,False,False,1,0.0
100000008653041100,terminal,0.5,1,0.263768,"Входящих переводов: 1, отправителей: 1, исходящих: 0; колено 3; гипотеза конечного получателя",1,0,28000.0,0,1,0,0.00028994028041855625,0.0,3,False,False,1,0.0
100000002660298100,peripheral,0.0,7,0.263415,Граница 4-го колена: исходящие не наблюдаются; роль не определена,1,0,30900.0,0,1,0,0.00029711979379173675,0.0,4,False,True,2,0.0
100000001954903100,terminal,0.5,7,0.263375,"Входящих переводов: 1, отправителей: 1, исходящих: 0; колено 2; гипотеза конечного получателя",1,0,27118.0,0,1,0,0.0002984753719420847,0.0,2,False,False,1,0.0
100000004403641100,peripheral,0.0,13,0.263084,Граница 4-го колена: исходящие не наблюдаются; роль не определена,1,0,171500.0,0,1,0,0.00030054199946994825,0.0,4,False,True,1,0.0
100000000600707100,peripheral,0.0,35,0.263005,Граница 4-го колена: исходящие не наблюдаются; роль не определена,1,0,89000.0,0,2,0,0.0005696033774028276,0.0,4,False,True,1,0.0
100000001308856100,terminal,0.5,1,0.262646,"Входящих переводов: 1, отправителей: 1, исходящих: 0; колено 2; гипотеза конечного получателя",1,0,27000.0,0,1,0,0.000294728945814001,0.0,2,False,False,1,0.0
100000002103448100,terminal,0.5,1,0.262646,"Входящих переводов: 1, отправителей: 1, исходящих: 0; колено 3; гипотеза конечного получателя",1,0,27000.0,0,1,0,0.000289784505540935,0.0,3,False,False,1,0.0
100000005328215100,terminal,0.5,7,0.262646,"Входящих переводов: 1, отправителей: 1, исходящих: 0; колено 2; гипотеза конечного получателя",1,0,27000.0,0,1,0,0.000298419253460064,0.0,2,False,False,1,0.0
100000006701983100,terminal,0.5,1,0.262646,"Входящих переводов: 1, отправителей: 1, исходящих: 0; колено 3; гипотеза конечного получателя",1,0,27000.0,0,1,0,0.000289784505540935,0.0,3,False,False,1,0.0
100000008691495100,terminal,0.5,1,0.262646,"Входящих переводов: 1, отправителей: 1, исходящих: 0; колено 1; гипотеза конечного получателя",1,0,27000.0,0,1,0,0.0002912334196879864,0.0,1,False,False,1,0.0
100000008136608100,peripheral,0.0,7,0.262579,Граница 4-го колена: исходящие не наблюдаются; роль не определена,1,0,170000.0,0,1,0,0.0005640014336812044,0.0,4,False,True,1,0.0
100000008336318100,peripheral,0.0,8,0.262579,Граница 4-го колена: исходящие не наблюдаются; роль не определена,1,0,170000.0,0,1,0,0.00032668184796748654,0.0,4,False,True,1,0.0
100000007333038100,peripheral,0.2,13,0.262486,"Отправителей: 1, получателей: 2; переводов вход/выход: 1/2; недостаточно признаков роли",1,2,17500.0,34994.0,1,2,0.00029968156054826155,1.9996571428571428,3,False,False,1,0.0
100000008172721100,peripheral,0.0,3,0.26185,Граница 4-го колена: исходящие не наблюдаются; роль не определена,1,0,168335.0,0,1,0,0.0003950889221145653,0.0,4,False,True,1,0.0
100000000607731100,peripheral,0.2,28,0.261828,"Отправителей: 1, получателей: 1; переводов вход/выход: 1/1; недостаточно признаков роли",1,1,20000.0,66666.0,1,1,0.0003174403407503989,3.3333,1,False,False,1,0.0
100000008690762100,terminal,0.5,1,0.261805,"Входящих переводов: 1, отправителей: 1, исходящих: 0; колено 3; гипотеза конечного получателя",1,0,26750.0,0,1,0,0.0002897455618215296,0.0,3,False,False,1,0.0
100000002214570100,terminal,0.5,1,0.261581,"Входящих переводов: 1, отправителей: 1, исходящих: 0; колено 1; гипотеза конечного получателя",1,0,26471.0,0,1,0,0.0002911226267931399,0.0,1,False,False,1,0.0
100000008666075100,terminal,0.5,1,0.261469,"Входящих переводов: 1, отправителей: 1, исходящих: 0; колено 1; гипотеза конечного получателя",1,0,26217.0,0,1,0,0.0002910694294485444,0.0,1,False,False,1,0.0
100000007197866100,peripheral,0.2,3,0.261144,"Отправителей: 1, получателей: 1; переводов вход/выход: 1/1; недостаточно признаков роли",1,1,20000.0,15000.0,1,1,0.0002896376084157081,0.75,3,False,False,1,0.0
100000004435304100,terminal,0.5,1,0.260852,"Входящих переводов: 1, отправителей: 1, исходящих: 0; колено 2; гипотеза конечного получателя",1,0,26200.0,0,1,0,0.0002944578239778872,0.0,2,False,False,1,0.0
100000004783447100,terminal,0.5,1,0.260852,"Входящих переводов: 1, отправителей: 1, исходящих: 0; колено 1; гипотеза конечного получателя",1,0,26200.0,0,1,0,0.0002910658689963471,0.0,1,False,False,1,0.0
100000005674387100,terminal,0.5,1,0.260852,"Входящих переводов: 1, отправителей: 1, исходящих: 0; колено 3; гипотеза конечного получателя",1,0,26200.0,0,1,0,0.00028965988563883793,0.0,3,False,False,1,0.0
100000006491272100,terminal,0.5,1,0.260852,"Входящих переводов: 1, отправителей: 1, исходящих: 0; колено 3; гипотеза конечного получателя",1,0,26200.0,0,1,0,0.00028965988563883793,0.0,3,False,False,1,0.0
100000008656043100,terminal,0.5,1,0.260852,"Входящих переводов: 1, отправителей: 1, исходящих: 0; колено 2; гипотеза конечного получателя",1,0,26200.0,0,1,0,0.0002944578239778872,0.0,2,False,False,1,0.0
100000008662216100,terminal,0.5,1,0.260852,"Входящих переводов: 1, отправителей: 1, исходящих: 0; колено 3; гипотеза конечного получателя",1,0,26200.0,0,1,0,0.00028965988563883793,0.0,3,False,False,1,0.0
100000008671129100,terminal,0.5,1,0.260852,"Входящих переводов: 1, отправителей: 1, исходящих: 0; колено 3; гипотеза конечного получателя",1,0,26200.0,0,1,0,0.00028965988563883793,0.0,3,False,False,1,0.0
100000008695689100,terminal,0.5,1,0.260852,"Входящих переводов: 1, отправителей: 1, исходящих: 0; колено 3; гипотеза конечного получателя",1,0,26200.0,0,1,0,0.00028965988563883793,0.0,3,False,False,1,0.0
100000008707810100,terminal,0.5,1,0.260852,"Входящих переводов: 1, отправителей: 1, исходящих: 0; колено 3; гипотеза конечного получателя",1,0,26200.0,0,1,0,0.00028965988563883793,0.0,3,False,False,1,0.0
100000008734364100,terminal,0.5,1,0.260852,"Входящих переводов: 1, отправителей: 1, исходящих: 0; колено 2; гипотеза конечного получателя",1,0,26200.0,0,1,0,0.0002944578239778872,0.0,2,False,False,1,0.0
100000002659103100,peripheral,0.0,42,0.26056,Граница 4-го колена: исходящие не наблюдаются; роль не определена,1,0,165000.0,0,1,0,0.00034946257844155354,0.0,4,False,True,1,0.0
100000005272139100,peripheral,0.0,4,0.26056,Граница 4-го колена: исходящие не наблюдаются; роль не определена,1,0,165000.0,0,1,0,0.0007546448434314244,0.0,4,False,True,1,0.0
100000004634420100,terminal,0.5,1,0.260011,"Входящих переводов: 1, отправителей: 1, исходящих: 0; колено 3; гипотеза конечного получателя",1,0,26150.0,0,1,0,0.00028965209689495685,0.0,3,False,False,1,0.0
100000008717802100,terminal,0.5,1,0.260011,"Входящих переводов: 1, отправителей: 1, исходящих: 0; колено 3; гипотеза конечного получателя",1,0,26150.0,0,1,0,0.00028965209689495685,0.0,3,False,False,1,0.0
100000008764654100,terminal,0.5,1,0.260011,"Входящих переводов: 1, отправителей: 1, исходящих: 0; колено 3; гипотеза конечного получателя",1,0,26150.0,0,1,0,0.00028965209689495685,0.0,3,False,False,1,0.0
100000008776720100,terminal,0.5,1,0.260011,"Входящих переводов: 1, отправителей: 1, исходящих: 0; колено 3; гипотеза конечного получателя",1,0,26150.0,0,1,0,0.00028965209689495685,0.0,3,False,False,1,0.0
100000008525136100,peripheral,0.0,0,0.260003,Граница 4-го колена: исходящие не наблюдаются; роль не определена,1,0,14100.0,0,1,0,0.0002885257469403646,0.0,4,False,True,3,0.0
100000004218576100,terminal,0.5,1,0.259618,"Входящих переводов: 1, отправителей: 1, исходящих: 0; колено 1; гипотеза конечного получателя",1,0,26144.0,0,1,0,0.00029105414044793237,0.0,1,False,False,1,0.0
100000005092518100,terminal,0.5,1,0.259618,"Входящих переводов: 1, отправителей: 1, исходящих: 0; колено 1; гипотеза конечного получателя",1,0,26144.0,0,1,0,0.00029105414044793237,0.0,1,False,False,1,0.0
100000008773876100,terminal,0.5,1,0.25945,"Входящих переводов: 1, отправителей: 1, исходящих: 0; колено 1; гипотеза конечного получателя",1,0,26120.0,0,1,0,0.00029104911392718316,0.0,1,False,False,1,0.0
100000007018630100,peripheral,0.2,60,0.259342,"Отправителей: 0, получателей: 1; переводов вход/выход: 0/5; недостаточно признаков роли; входящие seed неполны",0,1,0,200000.0,0,5,0.00028557858384515975,,0,True,False,0,0.0
100000005228059100,terminal,0.5,1,0.259113,"Входящих переводов: 1, отправителей: 1, исходящих: 0; колено 1; гипотеза конечного получателя",1,0,26000.0,0,1,0,0.0002910239813234373,0.0,1,False,False,1,0.0
100000000703902100,terminal,0.5,1,0.258553,"Входящих переводов: 1, отправителей: 1, исходящих: 0; колено 1; гипотеза конечного получателя",1,0,25499.0,0,1,0,0.0002909190527027982,0.0,1,False,False,1,0.0
100000008697670100,terminal,0.5,1,0.25844,"Входящих переводов: 1, отправителей: 1, исходящих: 0; колено 3; гипотеза конечного получателя",1,0,25350.0,0,1,0,0.0002895274769928598,0.0,3,False,False,1,0.0
100000004213658100,terminal,0.5,1,0.258328,"Входящих переводов: 1, отправителей: 1, исходящих: 0; колено 1; гипотеза конечного получателя",1,0,25347.0,0,1,0,0.00029088721807138667,0.0,1,False,False,1,0.0
100000008633099100,peripheral,0.2,6,0.258172,"Отправителей: 1, получателей: 1; переводов вход/выход: 1/1; недостаточно признаков роли",1,1,19468.0,13500.0,1,1,0.0002919589903341027,0.6934456544072324,3,False,False,1,0.0
100000006326645100,terminal,0.5,1,0.258104,"Входящих переводов: 1, отправителей: 1, исходящих: 0; колено 1; гипотеза конечного получателя",1,0,25264.0,0,1,0,0.0002908698346871291,0.0,1,False,False,1,0.0
100000003040087100,peripheral,0.0,7,0.258031,Граница 4-го колена: исходящие не наблюдаются; роль не определена,1,0,29000.0,0,1,0,0.0002964101401057013,0.0,4,False,True,2,0.0
100000005532138100,terminal,0.5,6,0.25788,"Входящих переводов: 1, отправителей: 1, исходящих: 0; колено 3; гипотеза конечного получателя",1,0,25046.0,0,1,0,0.00029378711378773547,0.0,3,False,False,1,0.0
100000002506987100,peripheral,0.0,7,0.256461,Граница 4-го колена: исходящие не наблюдаются; роль не определена,1,0,28200.0,0,1,0,0.00029611133855368633,0.0,4,False,True,2,0.0
100000002680477100,terminal,0.5,13,0.256365,"Входящих переводов: 1, отправителей: 1, исходящих: 0; колено 2; гипотеза конечного получателя",1,0,25000.0,0,1,0,0.0002945575930514681,0.0,2,False,False,1,0.0
100000002708624100,terminal,0.5,24,0.256365,"Входящих переводов: 1, отправителей: 1, исходящих: 0; колено 3; гипотеза конечного получателя",1,0,25000.0,0,1,0,0.0003286443254047144,0.0,3,False,False,1,0.0
100000003617552100,terminal,0.5,28,0.256365,"Входящих переводов: 1, отправителей: 1, исходящих: 0; колено 2; гипотеза конечного получателя",1,0,25000.0,0,1,0,0.0005506634589006857,0.0,2,False,False,1,0.0
100000005661528100,terminal,0.5,3,0.256365,"Входящих переводов: 1, отправителей: 1, исходящих: 0; колено 3; гипотеза конечного получателя",1,0,25000.0,0,1,0,0.0002910878966981422,0.0,3,False,False,1,0.0
100000007487729100,terminal,0.5,0,0.256365,"Входящих переводов: 1, отправителей: 1, исходящих: 0; колено 3; гипотеза конечного получателя",1,0,25000.0,0,1,0,0.0002941117167555606,0.0,3,False,False,1,0.0
100000004232712100,peripheral,0.0,5,0.256077,Граница 4-го колена: исходящие не наблюдаются; роль не определена,1,0,12500.0,0,1,0,0.0005290070956302417,0.0,4,False,True,3,0.0
100000004241142100,peripheral,0.0,0,0.255676,Граница 4-го колена: исходящие не наблюдаются; роль не определена,1,0,27102.0,0,1,0,0.0005298622908194768,0.0,4,False,True,2,0.0
100000008778010100,peripheral,0.0,1,0.25521,Граница 4-го колена: исходящие не наблюдаются; роль не определена,1,0,76950.0,0,2,0,0.0005293730480388842,0.0,4,False,True,1,0.0
100000001415126100,peripheral,0.2,19,0.255059,"Отправителей: 1, получателей: 0; переводов вход/выход: 1/0; недостаточно признаков роли; входящие seed неполны",1,0,27000.0,0,1,0,0.00040938883277497604,0.0,0,True,False,2,0.0
100000004788983100,peripheral,0.0,0,0.255059,Граница 4-го колена: исходящие не наблюдаются; роль не определена,1,0,27000.0,0,1,0,0.00036936981201983595,0.0,4,False,True,2,0.0
100000008757301100,peripheral,0.0,0,0.254963,Граница 4-го колена: исходящие не наблюдаются; роль не определена,1,0,58398.0,0,3,0,0.0005302729885904288,0.0,4,False,True,1,0.0
100000001537524100,peripheral,0.0,13,0.254672,Граница 4-го колена: исходящие не наблюдаются; роль не определена,1,0,150000.0,0,1,0,0.0002986661193770447,0.0,4,False,True,1,0.0
100000002554175100,terminal,0.5,7,0.254627,"Входящих переводов: 1, отправителей: 1, исходящих: 0; колено 3; гипотеза конечного получателя",1,0,24621.0,0,1,0,0.00029473761492163926,0.0,3,False,False,1,0.0
100000002858835100,terminal,0.5,1,0.254403,"Входящих переводов: 1, отправителей: 1, исходящих: 0; колено 1; гипотеза конечного получателя",1,0,24400.0,0,1,0,0.00029068887994015865,0.0,1,False,False,1,0.0
100000002646887100,terminal,0.5,9,0.254291,"Входящих переводов: 1, отправителей: 1, исходящих: 0; колено 3; гипотеза конечного получателя",1,0,24354.0,0,1,0,0.0002951836196794274,0.0,3,False,False,1,0.0
100000008454065100,terminal,0.5,14,0.25401,"Входящих переводов: 1, отправителей: 1, исходящих: 0; колено 3; гипотеза конечного получателя",1,0,24050.0,0,1,0,0.0002923898552902138,0.0,3,False,False,1,0.0
100000008753897100,terminal,0.5,1,0.25401,"Входящих переводов: 1, отправителей: 1, исходящих: 0; колено 3; гипотеза конечного получателя",1,0,24050.0,0,1,0,0.00028932496965195214,0.0,3,False,False,1,0.0
100000001870116100,terminal,0.5,1,0.253281,"Входящих переводов: 1, отправителей: 1, исходящих: 0; колено 1; гипотеза конечного получателя",1,0,24000.0,0,1,0,0.000290605104594339,0.0,1,False,False,1,0.0
100000002373386100,terminal,0.5,1,0.253281,"Входящих переводов: 1, отправителей: 1, исходящих: 0; колено 3; гипотеза конечного получателя",1,0,24000.0,0,1,0,0.00028931718090807106,0.0,3,False,False,1,0.0
100000008688476100,terminal,0.5,1,0.253281,"Входящих переводов: 1, отправителей: 1, исходящих: 0; колено 2; гипотеза конечного получателя",1,0,24000.0,0,1,0,0.00029371223892857425,0.0,2,False,False,1,0.0
100000008691168100,terminal,0.5,1,0.253281,"Входящих переводов: 1, отправителей: 1, исходящих: 0; колено 2; гипотеза конечного получателя",1,0,24000.0,0,1,0,0.00029371223892857425,0.0,2,False,False,1,0.0
100000008765494100,terminal,0.5,1,0.253281,"Входящих переводов: 1, отправителей: 1, исходящих: 0; колено 2; гипотеза конечного получателя",1,0,24000.0,0,1,0,0.00029371223892857425,0.0,2,False,False,1,0.0
100000001280798100,terminal,0.5,7,0.25272,"Входящих переводов: 1, отправителей: 1, исходящих: 0; колено 3; гипотеза конечного получателя",1,0,23785.0,0,1,0,0.0002944266222739021,0.0,3,False,False,1,0.0
100000004321983100,peripheral,0.2,26,0.252562,"Отправителей: 1, получателей: 2; переводов вход/выход: 1/3; недостаточно признаков роли",1,2,10840.0,36200.0,1,3,0.00032637245289067197,3.339483394833948,3,False,False,1,0.0
100000008744364100,terminal,0.5,1,0.252384,"Входящих переводов: 1, отправителей: 1, исходящих: 0; колено 3; гипотеза конечного получателя",1,0,23700.0,0,1,0,0.00028927044844478467,0.0,3,False,False,1,0.0
100000008771814100,terminal,0.5,1,0.252384,"Входящих переводов: 1, отправителей: 1, исходящих: 0; колено 2; гипотеза конечного получателя",1,0,23700.0,0,1,0,0.00029361056824003156,0.0,2,False,False,1,0.0
100000005233755100,peripheral,0.2,16,0.252227,"Отправителей: 1, получателей: 1; переводов вход/выход: 1/1; недостаточно признаков роли",1,1,25000.0,5000.0,1,1,0.0002916076221182707,0.2,3,False,False,1,0.0
100000002216999100,terminal,0.5,1,0.252047,"Входящих переводов: 1, отправителей: 1, исходящих: 0; колено 3; гипотеза конечного получателя",1,0,23677.0,0,1,0,0.00028926686562259936,0.0,3,False,False,1,0.0
100000008708368100,terminal,0.5,1,0.252047,"Входящих переводов: 1, отправителей: 1, исходящих: 0; колено 1; гипотеза конечного получателя",1,0,23677.0,0,1,0,0.00029053745600258964,0.0,1,False,False,1,0.0
100000008722328100,terminal,0.5,1,0.252047,"Входящих переводов: 1, отправителей: 1, исходящих: 0; колено 1; гипотеза конечного получателя",1,0,23677.0,0,1,0,0.00029053745600258964,0.0,1,False,False,1,0.0
100000003819173100,peripheral,0.0,3,0.251868,Граница 4-го колена: исходящие не наблюдаются; роль не определена,1,0,143777.0,0,1,0,0.0002952059227455179,0.0,4,False,True,1,0.0
100000003095610100,terminal,0.5,7,0.251823,"Входящих переводов: 1, отправителей: 1, исходящих: 0; колено 3; гипотеза конечного получателя",1,0,23665.0,0,1,0,0.0002943819821809255,0.0,3,False,False,1,0.0
100000002948492100,terminal,0.5,14,0.251711,"Входящих переводов: 1, отправителей: 1, исходящих: 0; колено 3; гипотеза конечного получателя",1,0,23660.0,0,1,0,0.00029227940223975344,0.0,3,False,False,1,0.0
100000001262647100,terminal,0.5,15,0.251599,"Входящих переводов: 1, отправителей: 1, исходящих: 0; колено 2; гипотеза конечного получателя",1,0,23650.0,0,1,0,0.00030338007137410033,0.0,2,False,False,1,0.0
100000001429930100,peripheral,0.2,12,0.251526,"Отправителей: 1, получателей: 0; переводов вход/выход: 1/0; недостаточно признаков роли; входящие seed неполны",1,0,26000.0,0,1,0,0.00035068295591997285,0.0,0,True,False,2,0.0
100000002659265100,peripheral,0.0,8,0.251475,Граница 4-го колена: исходящие не наблюдаются; роль не определена,1,0,141000.0,0,1,0,0.0003196701146760308,0.0,4,False,True,1,0.0
100000002913340100,terminal,0.5,1,0.251431,"Входящих переводов: 1, отправителей: 1, исходящих: 0; колено 3; гипотеза конечного получателя",1,0,23600.0,0,1,0,0.0002892548709570225,0.0,3,False,False,1,0.0
100000008688155100,terminal,0.5,1,0.251431,"Входящих переводов: 1, отправителей: 1, исходящих: 0; колено 3; гипотеза конечного получателя",1,0,23600.0,0,1,0,0.0002892548709570225,0.0,3,False,False,1,0.0
100000008671026100,terminal,0.5,1,0.251206,"Входящих переводов: 1, отправителей: 1, исходящих: 0; колено 1; гипотеза конечного получателя",1,0,23534.0,0,1,0,0.0002905075063164591,0.0,1,False,False,1,0.0
100000008680451100,terminal,0.5,1,0.251206,"Входящих переводов: 1, отправителей: 1, исходящих: 0; колено 1; гипотеза конечного получателя",1,0,23534.0,0,1,0,0.0002905075063164591,0.0,1,False,False,1,0.0
100000006257675100,peripheral,0.0,20,0.251117,Граница 4-го колена: исходящие не наблюдаются; роль не определена,1,0,70000.0,0,2,0,0.00038240294491854245,0.0,4,False,True,1,0.0
100000002603478100,terminal,0.5,10,0.250982,"Входящих переводов: 1, отправителей: 1, исходящих: 0; колено 1; гипотеза конечного получателя",1,0,23500.0,0,1,0,0.00028947411229025626,0.0,1,False,False,1,0.0
100000008183752100,peripheral,0.0,17,0.250859,Граница 4-го колена: исходящие не наблюдаются; роль не определена,1,0,140000.0,0,1,0,0.0005299190049912421,0.0,4,False,True,1,0.0
100000001248999100,terminal,0.5,16,0.250814,"Входящих переводов: 1, отправителей: 1, исходящих: 0; колено 3; гипотеза конечного получателя",1,0,23425.0,0,1,0,0.0002892586161321149,0.0,3,False,False,1,0.0
100000007999728100,terminal,0.5,14,0.250701,"Входящих переводов: 1, отправителей: 1, исходящих: 0; колено 3; гипотеза конечного получателя",1,0,23250.0,0,1,0,0.00029216328493029514,0.0,3,False,False,1,0.0
100000001273783100,terminal,0.5,7,0.250589,"Входящих переводов: 1, отправителей: 1, исходящих: 0; колено 2; гипотеза конечного получателя",1,0,23200.0,0,1,0,0.0002966120481068553,0.0,2,False,False,1,0.0
100000000803368100,peripheral,0.0,14,0.250522,Граница 4-го колена: исходящие не наблюдаются; роль не определена,1,0,139503.0,0,1,0,0.0005480888822622126,0.0,4,False,True,1,0.0
100000002871199100,terminal,0.5,14,0.250477,"Входящих переводов: 1, отправителей: 1, исходящих: 0; колено 3; гипотеза конечного получателя",1,0,23186.0,0,1,0,0.0002921451593015017,0.0,3,False,False,1,0.0
100000008769636100,terminal,0.5,1,0.250365,"Входящих переводов: 1, отправителей: 1, исходящих: 0; колено 1; гипотеза конечного получателя",1,0,23118.0,0,1,0,0.0002904203799568067,0.0,1,False,False,1,0.0
100000007347733100,terminal,0.5,52,0.250253,"Входящих переводов: 1, отправителей: 1, исходящих: 0; колено 1; гипотеза конечного получателя",1,0,23007.0,0,1,0,0.0003456252571678558,0.0,1,False,False,1,0.0
100000003069463100,peripheral,0.2,25,0.249984,"Отправителей: 1, получателей: 1; переводов вход/выход: 1/1; недостаточно признаков роли",1,1,11500.0,17920.0,1,1,0.0002884522980069861,1.5582608695652174,3,False,False,1,0.0
100000001550419100,terminal,0.5,14,0.24986,"Входящих переводов: 1, отправителей: 1, исходящих: 0; колено 3; гипотеза конечного получателя",1,0,23000.0,0,1,0,0.0002920924816928206,0.0,3,False,False,1,0.0
100000008690932100,terminal,0.5,1,0.24986,"Входящих переводов: 1, отправителей: 1, исходящих: 0; колено 1; гипотеза конечного получателя",1,0,23000.0,0,1,0,0.00029039566622978986,0.0,1,False,False,1,0.0
100000005142492100,peripheral,0.2,6,0.249602,"Отправителей: 1, получателей: 1; переводов вход/выход: 1/1; недостаточно признаков роли",1,1,10000.0,57000.0,1,1,0.002019025295727951,5.7,3,False,False,1,0.0
100000008745863100,terminal,0.5,1,0.249468,"Входящих переводов: 1, отправителей: 1, исходящих: 0; колено 3; гипотеза конечного получателя",1,0,22900.0,0,1,0,0.0002891458285426876,0.0,3,False,False,1,0.0
100000008661550100,terminal,0.5,1,0.249356,"Входящих переводов: 1, отправителей: 1, исходящих: 0; колено 3; гипотеза конечного получателя",1,0,22800.0,0,1,0,0.0002891302510549255,0.0,3,False,False,1,0.0
100000001969496100,terminal,0.5,14,0.249131,"Входящих переводов: 1, отправителей: 1, исходящих: 0; колено 3; гипотеза конечного получателя",1,0,22740.0,0,1,0,0.00029201884632584703,0.0,3,False,False,1,0.0
100000002597003100,peripheral,0.2,0,0.248863,"Отправителей: 1, получателей: 1; переводов вход/выход: 1/1; недостаточно признаков роли",1,1,17700.0,11000.0,1,1,0.00028889199704839713,0.6214689265536724,1,False,False,1,0.0
100000002229615100,peripheral,0.0,20,0.248778,Граница 4-го колена: исходящие не наблюдаются; роль не определена,1,0,25000.0,0,1,0,0.0007176458408644697,0.0,4,False,True,2,0.0
100000004291663100,peripheral,0.0,0,0.248778,Граница 4-го колена: исходящие не наблюдаются; роль не определена,1,0,25000.0,0,1,0,0.00031115046637391675,0.0,4,False,True,2,0.0
100000008588665100,peripheral,0.0,0,0.248778,Граница 4-го колена: исходящие не наблюдаются; роль не определена,1,0,25000.0,0,1,0,0.0003523688113603163,0.0,4,False,True,2,0.0
100000004800648100,peripheral,0.0,10,0.248728,Граница 4-го колена: исходящие не наблюдаются; роль не определена,1,0,131000.0,0,1,0,0.00033677736364399384,0.0,4,False,True,1,0.0
100000006989232100,terminal,0.5,0,0.24857,"Входящих переводов: 1, отправителей: 1, исходящих: 0; колено 3; гипотеза конечного получателя",1,0,22194.0,0,1,0,0.00028754242392206895,0.0,3,False,False,1,0.0
100000007140834100,terminal,0.5,6,0.248548,"Входящих переводов: 2, отправителей: 1, исходящих: 0; колено 3; гипотеза конечного получателя",1,0,10200.0,0,2,0,0.0007114519007451346,0.0,3,False,False,1,0.0
100000001246806100,peripheral,0.0,8,0.248447,Граница 4-го колена: исходящие не наблюдаются; роль не определена,1,0,130000.0,0,1,0,0.0005326985240314589,0.0,4,False,True,1,0.0
100000008746025100,terminal,0.5,1,0.24829,"Входящих переводов: 1, отправителей: 1, исходящих: 0; колено 1; гипотеза конечного получателя",1,0,22000.0,0,1,0,0.00029018622786524073,0.0,1,False,False,1,0.0
100000002863356100,peripheral,0.2,1,0.24792,"Отправителей: 1, получателей: 1; переводов вход/выход: 1/1; недостаточно признаков роли",1,1,45000.0,20000.0,1,1,0.0003008291871265619,0.4444444444444444,2,False,False,1,0.0
100000004066370100,peripheral,0.0,35,0.24792,Граница 4-го колена: исходящие не наблюдаются; роль не определена,1,0,65000.0,0,2,0,0.0005887511162943559,0.0,4,False,True,1,0.0
100000003338583100,terminal,0.5,23,0.247898,"Входящих переводов: 1, отправителей: 1, исходящих: 0; колено 3; гипотеза конечного получателя",1,0,21765.0,0,1,0,0.0002901613218556691,0.0,3,False,False,1,0.0
100000002728246100,peripheral,0.0,5,0.24789,Граница 4-го колена: исходящие не наблюдаются; роль не определена,1,0,10000.0,0,1,0,0.0005383258409526132,0.0,4,False,True,3,0.0
100000002981489100,peripheral,0.0,5,0.24789,Граница 4-го колена: исходящие не наблюдаются; роль не определена,1,0,10000.0,0,1,0,0.0002883369933808782,0.0,4,False,True,3,0.0
100000003632533100,peripheral,0.0,5,0.24789,Граница 4-го колена: исходящие не наблюдаются; роль не определена,1,0,10000.0,0,1,0,0.00042859753983205256,0.0,4,False,True,3,0.0
100000008680912100,peripheral,0.2,0,0.247785,"Отправителей: 1, получателей: 1; переводов вход/выход: 2/1; недостаточно признаков роли",1,1,45112.0,5990.85,2,1,0.0005444252801789214,0.13279947685759888,3,False,False,1,0.13279947685759888
100000001155773100,terminal,0.5,1,0.247673,"Входящих переводов: 1, отправителей: 1, исходящих: 0; колено 3; гипотеза конечного получателя",1,0,21500.0,0,1,0,0.0002889277437140178,0.0,3,False,False,1,0.0
100000008691330100,terminal,0.5,1,0.247561,"Входящих переводов: 1, отправителей: 1, исходящих: 0; колено 1; гипотеза конечного получателя",1,0,21440.0,0,1,0,0.00029006894238109323,0.0,1,False,False,1,0.0
100000008071749100,peripheral,0.0,7,0.247264,Граница 4-го колена: исходящие не наблюдаются; роль не определена,1,0,24943.0,0,1,0,0.0002948948427350455,0.0,4,False,True,2,0.0
100000003119550100,terminal,0.5,1,0.246664,"Входящих переводов: 1, отправителей: 1, исходящих: 0; колено 1; гипотеза конечного получателя",1,0,21000.0,0,1,0,0.0002899767895006916,0.0,1,False,False,1,0.0
100000008695495100,terminal,0.5,1,0.246664,"Входящих переводов: 1, отправителей: 1, исходящих: 0; колено 1; гипотеза конечного получателя",1,0,21000.0,0,1,0,0.0002899767895006916,0.0,1,False,False,1,0.0
100000008712036100,terminal,0.5,1,0.246664,"Входящих переводов: 1, отправителей: 1, исходящих: 0; колено 3; гипотеза конечного получателя",1,0,21000.0,0,1,0,0.00028884985627520714,0.0,3,False,False,1,0.0
100000008740793100,terminal,0.5,1,0.246664,"Входящих переводов: 1, отправителей: 1, исходящих: 0; колено 3; гипотеза конечного получателя",1,0,21000.0,0,1,0,0.00028884985627520714,0.0,3,False,False,1,0.0
100000008742266100,terminal,0.5,1,0.246664,"Входящих переводов: 1, отправителей: 1, исходящих: 0; колено 2; гипотеза конечного получателя",1,0,21000.0,0,1,0,0.00029269553204314743,0.0,2,False,False,1,0.0
100000008763688100,terminal,0.5,1,0.246664,"Входящих переводов: 1, отправителей: 1, исходящих: 0; колено 3; гипотеза конечного получателя",1,0,21000.0,0,1,0,0.00028884985627520714,0.0,3,False,False,1,0.0
100000005370580100,peripheral,0.2,12,0.246591,"Отправителей: 1, получателей: 0; переводов вход/выход: 1/0; недостаточно признаков роли; входящие seed неполны",1,0,24075.0,0,1,0,0.0003458627283721261,0.0,0,True,False,2,0.0
100000002243354100,terminal,0.5,1,0.246103,"Входящих переводов: 1, отправителей: 1, исходящих: 0; колено 1; гипотеза конечного получателя",1,0,20879.0,0,1,0,0.00028995144745858114,0.0,1,False,False,1,0.0
100000006844004100,terminal,0.5,0,0.245879,"Входящих переводов: 1, отправителей: 1, исходящих: 0; колено 3; гипотеза конечного получателя",1,0,20600.0,0,1,0,0.0005451310311948008,0.0,3,False,False,1,0.0
100000002982252100,terminal,0.5,1,0.245654,"Входящих переводов: 1, отправителей: 1, исходящих: 0; колено 1; гипотеза конечного получателя",1,0,20320.0,0,1,0,0.0002898343714127982,0.0,1,False,False,1,0.0
100000008745643100,terminal,0.5,1,0.245542,"Входящих переводов: 1, отправителей: 1, исходящих: 0; колено 1; гипотеза конечного получателя",1,0,20313.0,0,1,0,0.00028983290534424636,0.0,1,False,False,1,0.0
100000002459163100,terminal,0.5,55,0.245206,"Входящих переводов: 1, отправителей: 1, исходящих: 0; колено 2; гипотеза конечного получателя",1,0,20180.0,0,1,0,0.0003646168561702932,0.0,2,False,False,1,0.0
100000008774237100,peripheral,0.2,23,0.244667,"Отправителей: 1, получателей: 1; переводов вход/выход: 1/1; недостаточно признаков роли",1,1,50000.0,10000.0,1,1,0.00031030539449857685,0.2,2,False,False,1,0.2
100000003888271100,peripheral,0.2,41,0.244038,"Отправителей: 1, получателей: 2; переводов вход/выход: 2/3; недостаточно признаков роли",1,2,12177.0,25590.0,2,3,0.0002913758023418763,2.10150283321015,1,False,False,1,0.5420054200542005
100000008730238100,peripheral,0.0,9,0.243456,Граница 4-го колена: исходящие не наблюдаются; роль не определена,1,0,113000.0,0,1,0,0.0005628813633672203,0.0,4,False,True,1,0.0
100000002794374100,peripheral,0.0,45,0.242447,Граница 4-го колена: исходящие не наблюдаются; роль не определена,1,0,111000.0,0,1,0,0.00036368292776761457,0.0,4,False,True,1,0.0
100000000542087100,peripheral,0.0,34,0.242394,Граница 4-го колена: исходящие не наблюдаются; роль не определена,1,0,8506.91,0,1,0,0.0002864229011063453,0.0,4,False,True,3,0.0
100000000425407100,terminal,0.5,2,0.24229,"Входящих переводов: 1, отправителей: 1, исходящих: 0; колено 2; гипотеза конечного получателя",1,0,20000.0,0,1,0,0.0003050790741784515,0.0,2,False,False,1,0.0
100000001639766100,terminal,0.5,6,0.24229,"Входящих переводов: 1, отправителей: 1, исходящих: 0; колено 3; гипотеза конечного получателя",1,0,20000.0,0,1,0,0.0006506939364690957,0.0,3,False,False,1,0.0
100000002289937100,terminal,0.5,1,0.24229,"Входящих переводов: 1, отправителей: 1, исходящих: 0; колено 1; гипотеза конечного получателя",1,0,20000.0,0,1,0,0.0002897673511361425,0.0,1,False,False,1,0.0
100000002459164100,terminal,0.5,0,0.24229,"Входящих переводов: 1, отправителей: 1, исходящих: 0; колено 3; гипотеза конечного получателя",1,0,20000.0,0,1,0,0.000541524727659716,0.0,3,False,False,1,0.0
100000002546921100,terminal,0.5,14,0.24229,"Входящих переводов: 1, отправителей: 1, исходящих: 0; колено 3; гипотеза конечного получателя",1,0,20000.0,0,1,0,0.0002912428428431257,0.0,3,False,False,1,0.0
100000002578653100,terminal,0.5,44,0.24229,"Входящих переводов: 1, отправителей: 1, исходящих: 0; колено 3; гипотеза конечного получателя",1,0,20000.0,0,1,0,0.0003112796339366278,0.0,3,False,False,1,0.0
100000003594472100,terminal,0.5,30,0.24229,"Входящих переводов: 1, отправителей: 1, исходящих: 0; колено 3; гипотеза конечного получателя",1,0,20000.0,0,1,0,0.0002944302223451964,0.0,3,False,False,1,0.0
100000004687282100,terminal,0.5,4,0.24229,"Входящих переводов: 1, отправителей: 1, исходящих: 0; колено 2; гипотеза конечного получателя",1,0,20000.0,0,1,0,0.0003321841833943006,0.0,2,False,False,1,0.0
100000005056870100,terminal,0.5,43,0.24229,"Входящих переводов: 1, отправителей: 1, исходящих: 0; колено 1; гипотеза конечного получателя",1,0,20000.0,0,1,0,0.00030317590268080113,0.0,1,False,False,1,0.0
100000005669845100,terminal,0.5,28,0.24229,"Входящих переводов: 1, отправителей: 1, исходящих: 0; колено 1; гипотеза конечного получателя",1,0,20000.0,0,1,0,0.0003174403407503989,0.0,1,False,False,1,0.0
100000005756535100,terminal,0.5,1,0.24229,"Входящих переводов: 1, отправителей: 1, исходящих: 0; колено 3; гипотеза конечного получателя",1,0,20000.0,0,1,0,0.0005412834133685521,0.0,3,False,False,1,0.0
100000006710485100,terminal,0.5,1,0.24229,"Входящих переводов: 1, отправителей: 1, исходящих: 0; колено 3; гипотеза конечного получателя",1,0,20000.0,0,1,0,0.0002886940813975858,0.0,3,False,False,1,0.0
100000006787636100,terminal,0.5,53,0.24229,"Входящих переводов: 1, отправителей: 1, исходящих: 0; колено 2; гипотеза конечного получателя",1,0,20000.0,0,1,0,0.00035791460906771816,0.0,2,False,False,1,0.0
100000007175718100,terminal,0.5,43,0.24229,"Входящих переводов: 1, отправителей: 1, исходящих: 0; колено 1; гипотеза конечного получателя",1,0,20000.0,0,1,0,0.00030317590268080113,0.0,1,False,False,1,0.0
100000008416433100,terminal,0.5,14,0.24229,"Входящих переводов: 1, отправителей: 1, исходящих: 0; колено 3; гипотеза конечного получателя",1,0,20000.0,0,1,0,0.0002912428428431257,0.0,3,False,False,1,0.0
100000008682426100,terminal,0.5,14,0.24229,"Входящих переводов: 1, отправителей: 1, исходящих: 0; колено 3; гипотеза конечного получателя",1,0,20000.0,0,1,0,0.0002912428428431257,0.0,3,False,False,1,0.0
100000008693069100,terminal,0.5,1,0.24229,"Входящих переводов: 1, отправителей: 1, исходящих: 0; колено 1; гипотеза конечного получателя",1,0,20000.0,0,1,0,0.0002897673511361425,0.0,1,False,False,1,0.0
100000008745884100,terminal,0.5,1,0.24229,"Входящих переводов: 1, отправителей: 1, исходящих: 0; колено 3; гипотеза конечного получателя",1,0,20000.0,0,1,0,0.0002886940813975858,0.0,3,False,False,1,0.0
100000002734815100,peripheral,0.0,8,0.241774,Граница 4-го колена: исходящие не наблюдаются; роль не определена,1,0,110000.0,0,1,0,0.0003121748135713712,0.0,4,False,True,1,0.0
100000003792647100,peripheral,0.0,5,0.241329,Граница 4-го колена: исходящие не наблюдаются; роль не определена,1,0,8000.0,0,1,0,0.00039999374863467396,0.0,4,False,True,3,0.0
100000003252446100,peripheral,0.0,9,0.241101,Граница 4-го колена: исходящие не наблюдаются; роль не определена,1,0,108600.0,0,1,0,0.00029998036142767656,0.0,4,False,True,1,0.0
100000002217806100,peripheral,0.0,36,0.240854,Граница 4-го колена: исходящие не наблюдаются; роль не определена,1,0,55000.0,0,2,0,0.00046343329763534537,0.0,4,False,True,1,0.0
100000004891562100,peripheral,0.0,7,0.239306,Граница 4-го колена: исходящие не наблюдаются; роль не определена,1,0,103400.0,0,1,0,0.00034084646568132836,0.0,4,False,True,1,0.0
100000008066326100,terminal,0.5,0,0.239261,"Входящих переводов: 1, отправителей: 1, исходящих: 0; колено 1; гипотеза конечного получателя",1,0,19320.0,0,1,0,0.00028919525859581204,0.0,1,False,False,1,0.0
100000008776310100,terminal,0.5,1,0.239149,"Входящих переводов: 1, отправителей: 1, исходящих: 0; колено 3; гипотеза конечного получателя",1,0,19200.0,0,1,0,0.00028856946149548876,0.0,3,False,False,1,0.0
100000003187359100,terminal,0.5,1,0.239037,"Входящих переводов: 1, отправителей: 1, исходящих: 0; колено 1; гипотеза конечного получателя",1,0,19072.0,0,1,0,0.00028957299233384084,0.0,1,False,False,1,0.0
100000001298099100,terminal,0.5,7,0.238757,"Входящих переводов: 1, отправителей: 1, исходящих: 0; колено 3; гипотеза конечного получателя",1,0,19000.0,0,1,0,0.00029264659856645907,0.0,3,False,False,1,0.0
100000008679986100,terminal,0.5,1,0.238757,"Входящих переводов: 1, отправителей: 1, исходящих: 0; колено 1; гипотеза конечного получателя",1,0,19000.0,0,1,0,0.0002895579127715933,0.0,1,False,False,1,0.0
100000008696692100,terminal,0.5,1,0.238757,"Входящих переводов: 1, отправителей: 1, исходящих: 0; колено 2; гипотеза конечного получателя",1,0,19000.0,0,1,0,0.00029201772745286286,0.0,2,False,False,1,0.0
100000008749063100,terminal,0.5,1,0.238757,"Входящих переводов: 1, отправителей: 1, исходящих: 0; колено 1; гипотеза конечного получателя",1,0,19000.0,0,1,0,0.0002895579127715933,0.0,1,False,False,1,0.0
100000004800452100,peripheral,0.0,5,0.238469,Граница 4-го колена: исходящие не наблюдаются; роль не определена,1,0,6544.53,0,1,0,0.0006073840032161641,0.0,4,False,True,3,0.0
100000004140994100,terminal,0.5,1,0.238364,"Входящих переводов: 1, отправителей: 1, исходящих: 0; колено 3; гипотеза конечного получателя",1,0,18650.0,0,1,0,0.0002884837853127971,0.0,3,False,False,1,0.0
100000000627521100,peripheral,0.0,37,0.238244,Граница 4-го колена: исходящие не наблюдаются; роль не определена,1,0,6500.0,0,1,0,0.00028610760994211956,0.0,4,False,True,3,0.0
100000002881669100,terminal,0.5,10,0.238196,"Входящих переводов: 1, отправителей: 1, исходящих: 0; колено 1; гипотеза конечного получателя",1,0,18600.0,0,1,0,0.00028866185316766163,0.0,1,False,False,1,0.0
100000003239859100,terminal,0.5,10,0.238196,"Входящих переводов: 1, отправителей: 1, исходящих: 0; колено 1; гипотеза конечного получателя",1,0,18600.0,0,1,0,0.00028866185316766163,0.0,1,False,False,1,0.0
100000002893020100,terminal,0.5,7,0.238028,"Входящих переводов: 1, отправителей: 1, исходящих: 0; колено 3; гипотеза конечного получателя",1,0,18340.0,0,1,0,0.00029240107805508764,0.0,3,False,False,1,0.0
100000001103905100,terminal,0.5,1,0.236962,"Входящих переводов: 1, отправителей: 1, исходящих: 0; колено 1; гипотеза конечного получателя",1,0,18000.0,0,1,0,0.0002893484744070442,0.0,1,False,False,1,0.0
100000005059998100,terminal,0.5,0,0.236962,"Входящих переводов: 1, отправителей: 1, исходящих: 0; колено 2; гипотеза конечного получателя",1,0,18000.0,0,1,0,0.00029591464506207395,0.0,2,False,False,1,0.0
100000008712184100,terminal,0.5,1,0.236962,"Входящих переводов: 1, отправителей: 1, исходящих: 0; колено 3; гипотеза конечного получателя",1,0,18000.0,0,1,0,0.0002883825316423432,0.0,3,False,False,1,0.0
100000008715887100,terminal,0.5,1,0.236962,"Входящих переводов: 1, отправителей: 1, исходящих: 0; колено 3; гипотеза конечного получателя",1,0,18000.0,0,1,0,0.0002883825316423432,0.0,3,False,False,1,0.0
100000008716222100,terminal,0.5,1,0.236962,"Входящих переводов: 1, отправителей: 1, исходящих: 0; колено 1; гипотеза конечного получателя",1,0,18000.0,0,1,0,0.0002893484744070442,0.0,1,False,False,1,0.0
100000008754997100,terminal,0.5,1,0.236962,"Входящих переводов: 1, отправителей: 1, исходящих: 0; колено 3; гипотеза конечного получателя",1,0,18000.0,0,1,0,0.0002883825316423432,0.0,3,False,False,1,0.0
100000008777088100,terminal,0.5,1,0.236962,"Входящих переводов: 1, отправителей: 1, исходящих: 0; колено 1; гипотеза конечного получателя",1,0,18000.0,0,1,0,0.0002893484744070442,0.0,1,False,False,1,0.0
100000001299828100,peripheral,0.0,0,0.236895,Граница 4-го колена: исходящие не наблюдаются; роль не определена,1,0,100000.0,0,1,0,0.0005469241890045572,0.0,4,False,True,1,0.0
100000001533161100,peripheral,0.0,42,0.236895,Граница 4-го колена: исходящие не наблюдаются; роль не определена,1,0,100000.0,0,1,0,0.00032429615632782266,0.0,4,False,True,1,0.0
100000003134550100,peripheral,0.0,9,0.236895,Граница 4-го колена: исходящие не наблюдаются; роль не определена,1,0,100000.0,0,1,0,0.0002988398891697609,0.0,4,False,True,1,0.0
100000004418967100,peripheral,0.0,9,0.236895,Граница 4-го колена: исходящие не наблюдаются; роль не определена,1,0,100000.0,0,1,0,0.0004533710258097872,0.0,4,False,True,1,0.0
100000006888238100,peripheral,0.2,57,0.236008,"Отправителей: 1, получателей: 1; переводов вход/выход: 1/1; недостаточно признаков роли",1,1,18000.0,30000.0,1,1,0.0006082847236936433,1.6666666666666667,2,False,False,1,0.0
100000002116705100,terminal,0.5,1,0.23556,"Входящих переводов: 1, отправителей: 1, исходящих: 0; колено 3; гипотеза конечного получателя",1,0,17600.0,0,1,0,0.0002883202216912947,0.0,3,False,False,1,0.0
100000002511581100,terminal,0.5,1,0.23556,"Входящих переводов: 1, отправителей: 1, исходящих: 0; колено 3; гипотеза конечного получателя",1,0,17600.0,0,1,0,0.0002883202216912947,0.0,3,False,False,1,0.0
100000008687990100,terminal,0.5,1,0.23556,"Входящих переводов: 1, отправителей: 1, исходящих: 0; колено 3; гипотеза конечного получателя",1,0,17600.0,0,1,0,0.0002883202216912947,0.0,3,False,False,1,0.0
100000008735832100,terminal,0.5,1,0.23556,"Входящих переводов: 1, отправителей: 1, исходящих: 0; колено 3; гипотеза конечного получателя",1,0,17600.0,0,1,0,0.0002883202216912947,0.0,3,False,False,1,0.0
100000008755168100,terminal,0.5,1,0.23556,"Входящих переводов: 1, отправителей: 1, исходящих: 0; колено 3; гипотеза конечного получателя",1,0,17600.0,0,1,0,0.0002883202216912947,0.0,3,False,False,1,0.0
100000008074304100,peripheral,0.0,5,0.235553,Граница 4-го колена: исходящие не наблюдаются; роль не определена,1,0,5500.0,0,1,0,0.00033237187025968157,0.0,4,False,True,3,0.0
100000000907277100,terminal,0.5,1,0.235055,"Входящих переводов: 1, отправителей: 1, исходящих: 0; колено 1; гипотеза конечного получателя",1,0,17534.0,0,1,0,0.0002892508761291643,0.0,1,False,False,1,0.0
100000008667058100,terminal,0.5,1,0.235055,"Входящих переводов: 1, отправителей: 1, исходящих: 0; колено 1; гипотеза конечного получателя",1,0,17534.0,0,1,0,0.0002892508761291643,0.0,1,False,False,1,0.0
100000008691027100,terminal,0.5,1,0.235055,"Входящих переводов: 1, отправителей: 1, исходящих: 0; колено 1; гипотеза конечного получателя",1,0,17534.0,0,1,0,0.0002892508761291643,0.0,1,False,False,1,0.0
100000008729801100,terminal,0.5,1,0.235055,"Входящих переводов: 1, отправителей: 1, исходящих: 0; колено 1; гипотеза конечного получателя",1,0,17534.0,0,1,0,0.0002892508761291643,0.0,1,False,False,1,0.0
100000000957746100,peripheral,0.0,16,0.234767,Граница 4-го колена: исходящие не наблюдаются; роль не определена,1,0,5300.0,0,1,0,0.0003472145070895132,0.0,4,False,True,3,0.0
100000000500040100,peripheral,0.0,0,0.234703,Граница 4-го колена: исходящие не наблюдаются; роль не определена,1,0,20000.0,0,1,0,0.00030603608986816535,0.0,4,False,True,2,0.0
100000001845505100,peripheral,0.0,3,0.234703,Граница 4-го колена: исходящие не наблюдаются; роль не определена,1,0,20000.0,0,1,0,0.0005918354093909822,0.0,4,False,True,2,0.0
100000004791226100,peripheral,0.0,0,0.234703,Граница 4-го колена: исходящие не наблюдаются; роль не определена,1,0,20000.0,0,1,0,0.0005411774620372415,0.0,4,False,True,2,0.0
100000004988240100,peripheral,0.0,0,0.234703,Граница 4-го колена: исходящие не наблюдаются; роль не определена,1,0,20000.0,0,1,0,0.000529657151363252,0.0,4,False,True,2,0.0
100000002214207100,peripheral,0.0,35,0.234652,Граница 4-го колена: исходящие не наблюдаются; роль не определена,1,0,97000.0,0,1,0,0.0006897406973143583,0.0,4,False,True,1,0.0
100000008683818100,terminal,0.5,1,0.234551,"Входящих переводов: 1, отправителей: 1, исходящих: 0; колено 2; гипотеза конечного получателя",1,0,17400.0,0,1,0,0.00029147548378063526,0.0,2,False,False,1,0.0
100000005025629100,peripheral,0.0,5,0.234431,Граница 4-го колена: исходящие не наблюдаются; роль не определена,1,0,5227.0,0,1,0,0.00031412455952394594,0.0,4,False,True,3,0.0
100000008767950100,terminal,0.5,1,0.234326,"Входящих переводов: 1, отправителей: 1, исходящих: 0; колено 3; гипотеза конечного получателя",1,0,17350.0,0,1,0,0.00028828127797188936,0.0,3,False,False,1,0.0
100000005995391100,terminal,0.5,1,0.233934,"Входящих переводов: 1, отправителей: 1, исходящих: 0; колено 3; гипотеза конечного получателя",1,0,17200.0,0,1,0,0.00028825791174024617,0.0,3,False,False,1,0.0
100000007022818100,terminal,0.5,1,0.233934,"Входящих переводов: 1, отправителей: 1, исходящих: 0; колено 3; гипотеза конечного получателя",1,0,17200.0,0,1,0,0.00028825791174024617,0.0,3,False,False,1,0.0
100000008309514100,terminal,0.5,1,0.233934,"Входящих переводов: 1, отправителей: 1, исходящих: 0; колено 3; гипотеза конечного получателя",1,0,17200.0,0,1,0,0.00028825791174024617,0.0,3,False,False,1,0.0
100000008684951100,terminal,0.5,1,0.233934,"Входящих переводов: 1, отправителей: 1, исходящих: 0; колено 3; гипотеза конечного получателя",1,0,17200.0,0,1,0,0.00028825791174024617,0.0,3,False,False,1,0.0
100000008706947100,terminal,0.5,1,0.233934,"Входящих переводов: 1, отправителей: 1, исходящих: 0; колено 3; гипотеза конечного получателя",1,0,17200.0,0,1,0,0.00028825791174024617,0.0,3,False,False,1,0.0
100000008708595100,terminal,0.5,1,0.233934,"Входящих переводов: 1, отправителей: 1, исходящих: 0; колено 3; гипотеза конечного получателя",1,0,17200.0,0,1,0,0.00028825791174024617,0.0,3,False,False,1,0.0
100000008749900100,terminal,0.5,1,0.233541,"Входящих переводов: 1, отправителей: 1, исходящих: 0; колено 3; гипотеза конечного получателя",1,0,17150.0,0,1,0,0.00028825012299636514,0.0,3,False,False,1,0.0
100000001111763100,terminal,0.5,1,0.233261,"Входящих переводов: 1, отправителей: 1, исходящих: 0; колено 1; гипотеза конечного получателя",1,0,17144.0,0,1,0,0.00028916919516699014,0.0,1,False,False,1,0.0
100000004491881100,terminal,0.5,1,0.233261,"Входящих переводов: 1, отправителей: 1, исходящих: 0; колено 1; гипотеза конечного получателя",1,0,17144.0,0,1,0,0.00028916919516699014,0.0,1,False,False,1,0.0
100000008749406100,terminal,0.5,1,0.233261,"Входящих переводов: 1, отправителей: 1, исходящих: 0; колено 1; гипотеза конечного получателя",1,0,17144.0,0,1,0,0.00028916919516699014,0.0,1,False,False,1,0.0
100000008767925100,terminal,0.5,1,0.233261,"Входящих переводов: 1, отправителей: 1, исходящих: 0; колено 1; гипотеза конечного получателя",1,0,17144.0,0,1,0,0.00028916919516699014,0.0,1,False,False,1,0.0
100000008029279100,terminal,0.5,3,0.232588,"Входящих переводов: 1, отправителей: 1, исходящих: 0; колено 3; гипотеза конечного получателя",1,0,17000.0,0,1,0,0.0002890287547301258,0.0,3,False,False,1,0.0
100000008522127100,peripheral,0.2,61,0.232335,"Отправителей: 0, получателей: 1; переводов вход/выход: 0/3; недостаточно признаков роли; входящие seed неполны",0,1,0,145000.0,0,3,0.00028557858384515975,,0,True,False,0,0.0
100000004286573100,terminal,0.5,10,0.232308,"Входящих переводов: 1, отправителей: 1, исходящих: 0; колено 1; гипотеза конечного получателя",1,0,16590.0,0,1,0,0.00028832866116023,0.0,1,False,False,1,0.0
100000003336565100,terminal,0.5,1,0.232195,"Входящих переводов: 1, отправителей: 1, исходящих: 0; колено 2; гипотеза конечного получателя",1,0,16550.0,0,1,0,0.0002911874168297643,0.0,2,False,False,1,0.0
100000000369781100,peripheral,0.0,5,0.232076,Граница 4-го колена: исходящие не наблюдаются; роль не определена,1,0,5000.0,0,1,0,0.0005321935044350572,0.0,4,False,True,3,0.0
100000003786516100,peripheral,0.0,0,0.232076,Граница 4-го колена: исходящие не наблюдаются; роль не определена,1,0,5000.0,0,1,0,0.00029315995115882046,0.0,4,False,True,3,0.0
100000006735545100,peripheral,0.0,3,0.232076,Граница 4-го колена: исходящие не наблюдаются; роль не определена,1,0,5000.0,0,1,0,0.00029327208485729325,0.0,4,False,True,3,0.0
100000008662805100,terminal,0.5,1,0.231915,"Входящих переводов: 1, отправителей: 1, исходящих: 0; колено 3; гипотеза конечного получателя",1,0,16500.0,0,1,0,0.0002881488693259113,0.0,3,False,False,1,0.0
100000008771627100,terminal,0.5,1,0.231915,"Входящих переводов: 1, отправителей: 1, исходящих: 0; колено 2; гипотеза конечного получателя",1,0,16500.0,0,1,0,0.0002911704717150072,0.0,2,False,False,1,0.0
100000005847078100,terminal,0.5,1,0.231242,"Входящих переводов: 1, отправителей: 1, исходящих: 0; колено 3; гипотеза конечного получателя",1,0,16300.0,0,1,0,0.000288117714350387,0.0,3,False,False,1,0.0
100000008664774100,terminal,0.5,1,0.231242,"Входящих переводов: 1, отправителей: 1, исходящих: 0; колено 3; гипотеза конечного получателя",1,0,16300.0,0,1,0,0.000288117714350387,0.0,3,False,False,1,0.0
100000001389255100,terminal,0.5,1,0.231074,"Входящих переводов: 1, отправителей: 1, исходящих: 0; колено 1; гипотеза конечного получателя",1,0,16136.0,0,1,0,0.0002889580812955246,0.0,1,False,False,1,0.0
100000008720668100,terminal,0.5,1,0.230457,"Входящих переводов: 1, отправителей: 1, исходящих: 0; колено 3; гипотеза конечного получателя",1,0,16000.0,0,1,0,0.0002880709818871006,0.0,3,False,False,1,0.0
100000008736394100,terminal,0.5,1,0.230457,"Входящих переводов: 1, отправителей: 1, исходящих: 0; колено 2; гипотеза конечного получателя",1,0,16000.0,0,1,0,0.0002910010205674361,0.0,2,False,False,1,0.0
100000008749989100,terminal,0.5,1,0.230457,"Входящих переводов: 1, отправителей: 1, исходящих: 0; колено 2; гипотеза конечного получателя",1,0,16000.0,0,1,0,0.0002910010205674361,0.0,2,False,False,1,0.0
100000008755580100,terminal,0.5,1,0.230457,"Входящих переводов: 1, отправителей: 1, исходящих: 0; колено 3; гипотеза конечного получателя",1,0,16000.0,0,1,0,0.0002880709818871006,0.0,3,False,False,1,0.0
100000003009900100,terminal,0.5,7,0.22984,"Входящих переводов: 1, отправителей: 1, исходящих: 0; колено 3; гипотеза конечного получателя",1,0,15998.0,0,1,0,0.0002915298522404938,0.0,3,False,False,1,0.0
100000008668099100,terminal,0.5,1,0.229391,"Входящих переводов: 1, отправителей: 1, исходящих: 0; колено 3; гипотеза конечного получателя",1,0,15700.0,0,1,0,0.00028802424942381424,0.0,3,False,False,1,0.0
100000008686494100,terminal,0.5,1,0.229391,"Входящих переводов: 1, отправителей: 1, исходящих: 0; колено 3; гипотеза конечного получателя",1,0,15700.0,0,1,0,0.00028802424942381424,0.0,3,False,False,1,0.0
100000002748040100,peripheral,0.0,7,0.229375,Граница 4-го колена: исходящие не наблюдаются; роль не определена,1,0,18000.0,0,1,0,0.0002923016187654959,0.0,4,False,True,2,0.0
100000008716773100,terminal,0.5,1,0.229111,"Входящих переводов: 1, отправителей: 1, исходящих: 0; колено 1; гипотеза конечного получателя",1,0,15677.0,0,1,0,0.0002888619490861965,0.0,1,False,False,1,0.0
100000008732098100,terminal,0.5,1,0.229111,"Входящих переводов: 1, отправителей: 1, исходящих: 0; колено 1; гипотеза конечного получателя",1,0,15677.0,0,1,0,0.0002888619490861965,0.0,1,False,False,1,0.0
100000000572276100,peripheral,0.2,1,0.229078,"Отправителей: 1, получателей: 1; переводов вход/выход: 1/1; недостаточно признаков роли",1,1,13075.0,34547.0,1,1,0.0002876153403700583,2.6422179732313578,3,False,False,1,0.0
100000000661131100,terminal,0.5,1,0.228831,"Входящих переводов: 1, отправителей: 1, исходящих: 0; колено 3; гипотеза конечного получателя",1,0,15600.0,0,1,0,0.00028800867193605207,0.0,3,False,False,1,0.0
100000001953577100,terminal,0.5,1,0.228831,"Входящих переводов: 1, отправителей: 1, исходящих: 0; колено 1; гипотеза конечного получателя",1,0,15600.0,0,1,0,0.00028884582233212625,0.0,1,False,False,1,0.0
100000008663723100,terminal,0.5,1,0.228831,"Входящих переводов: 1, отправителей: 1, исходящих: 0; колено 3; гипотеза конечного получателя",1,0,15600.0,0,1,0,0.00028800867193605207,0.0,3,False,False,1,0.0
100000008672162100,terminal,0.5,1,0.22855,"Входящих переводов: 1, отправителей: 1, исходящих: 0; колено 1; гипотеза конечного получателя",1,0,15550.0,0,1,0,0.00028883535041389883,0.0,1,False,False,1,0.0
100000008708743100,terminal,0.5,1,0.22855,"Входящих переводов: 1, отправителей: 1, исходящих: 0; колено 3; гипотеза конечного получателя",1,0,15550.0,0,1,0,0.00028800088319217104,0.0,3,False,False,1,0.0
100000004497606100,terminal,0.5,1,0.228214,"Входящих переводов: 1, отправителей: 1, исходящих: 0; колено 1; гипотеза конечного получателя",1,0,15534.0,0,1,0,0.00028883199940006604,0.0,1,False,False,1,0.0
100000008670667100,terminal,0.5,1,0.228214,"Входящих переводов: 1, отправителей: 1, исходящих: 0; колено 1; гипотеза конечного получателя",1,0,15534.0,0,1,0,0.00028883199940006604,0.0,1,False,False,1,0.0
100000008718089100,terminal,0.5,1,0.228214,"Входящих переводов: 1, отправителей: 1, исходящих: 0; колено 1; гипотеза конечного получателя",1,0,15534.0,0,1,0,0.00028883199940006604,0.0,1,False,False,1,0.0
100000008720798100,terminal,0.5,1,0.228214,"Входящих переводов: 1, отправителей: 1, исходящих: 0; колено 1; гипотеза конечного получателя",1,0,15534.0,0,1,0,0.00028883199940006604,0.0,1,False,False,1,0.0
100000003125997100,peripheral,0.0,9,0.227978,Граница 4-го колена: исходящие не наблюдаются; роль не определена,1,0,87750.0,0,1,0,0.0005482761612920848,0.0,4,False,True,1,0.0
100000007631637100,terminal,0.5,1,0.227597,"Входящих переводов: 1, отправителей: 1, исходящих: 0; колено 1; гипотеза конечного получателя",1,0,15341.0,0,1,0,0.00028879157779570803,0.0,1,False,False,1,0.0
100000005172860100,terminal,0.5,0,0.227373,"Входящих переводов: 1, отправителей: 1, исходящих: 0; колено 3; гипотеза конечного получателя",1,0,15209.2,0,1,0,0.00029179288208721683,0.0,3,False,False,1,0.0
100000005226217100,peripheral,0.0,8,0.227132,Граница 4-го колена: исходящие не наблюдаются; роль не определена,1,0,17500.0,0,1,0,0.0003828889017908416,0.0,4,False,True,2,0.0
100000001249054100,peripheral,0.0,7,0.226852,Граница 4-го колена: исходящие не наблюдаются; роль не определена,1,0,17375.0,0,1,0,0.0002920681800529842,0.0,4,False,True,2,0.0
100000007648946100,peripheral,0.2,12,0.226738,"Отправителей: 1, получателей: 1; переводов вход/выход: 1/1; недостаточно признаков роли",1,1,19550.0,25000.0,1,1,0.0002892383142476055,1.278772378516624,1,False,False,1,0.0
100000007539296100,peripheral,0.0,5,0.225881,Граница 4-го колена: исходящие не наблюдаются; роль не определена,1,0,46000.0,0,2,0,0.0005569683299346395,0.0,4,False,True,1,0.0
100000000968253100,terminal,0.5,1,0.225634,"Входящих переводов: 1, отправителей: 1, исходящих: 0; колено 1; гипотеза конечного получателя",1,0,15000.0,0,1,0,0.0002887201593133968,0.0,1,False,False,1,0.0
100000001530740100,terminal,0.5,4,0.225634,"Входящих переводов: 1, отправителей: 1, исходящих: 0; колено 2; гипотеза конечного получателя",1,0,15000.0,0,1,0,0.0005295513356310354,0.0,2,False,False,1,0.0
100000002975287100,terminal,0.5,16,0.225634,"Входящих переводов: 1, отправителей: 1, исходящих: 0; колено 3; гипотеза конечного получателя",1,0,15000.0,0,1,0,0.0002891960068090263,0.0,3,False,False,1,0.0
100000003241965100,terminal,0.5,7,0.225634,"Входящих переводов: 1, отправителей: 1, исходящих: 0; колено 3; гипотеза конечного получателя",1,0,15000.0,0,1,0,0.0002911585954672382,0.0,3,False,False,1,0.0
100000004573782100,terminal,0.5,6,0.225634,"Входящих переводов: 1, отправителей: 1, исходящих: 0; колено 2; гипотеза конечного получателя",1,0,15000.0,0,1,0,0.00030984871756519204,0.0,2,False,False,1,0.0
100000008011573100,terminal,0.5,16,0.225634,"Входящих переводов: 1, отправителей: 1, исходящих: 0; колено 3; гипотеза конечного получателя",1,0,15000.0,0,1,0,0.0002891960068090263,0.0,3,False,False,1,0.0
100000008547295100,terminal,0.5,6,0.225634,"Входящих переводов: 1, отправителей: 1, исходящих: 0; колено 3; гипотеза конечного получателя",1,0,15000.0,0,1,0,0.000561834486699867,0.0,3,False,False,1,0.0
100000008687492100,terminal,0.5,1,0.225634,"Входящих переводов: 1, отправителей: 1, исходящих: 0; колено 2; гипотеза конечного получателя",1,0,15000.0,0,1,0,0.0002906621182722938,0.0,2,False,False,1,0.0
100000006912294100,peripheral,0.2,8,0.225466,"Отправителей: 1, получателей: 2; переводов вход/выход: 1/2; недостаточно признаков роли",1,2,6335.09,30000.0,1,2,0.0005121980448338381,4.7355286191672095,2,False,False,1,0.0
100000000981693100,peripheral,0.0,0,0.224328,Граница 4-го колена: исходящие не наблюдаются; роль не определена,1,0,16500.0,0,1,0,0.0005288141295252064,0.0,4,False,True,2,0.0
100000008776576100,terminal,0.5,1,0.223896,"Входящих переводов: 1, отправителей: 1, исходящих: 0; колено 1; гипотеза конечного получателя",1,0,14765.0,0,1,0,0.00028867094129772774,0.0,1,False,False,1,0.0
100000003096787100,peripheral,0.0,7,0.223879,Граница 4-го колена: исходящие не наблюдаются; роль не определена,1,0,16400.0,0,1,0,0.000291704015661466,0.0,4,False,True,2,0.0
100000008687733100,terminal,0.5,1,0.223784,"Входящих переводов: 1, отправителей: 1, исходящих: 0; колено 3; гипотеза конечного получателя",1,0,14650.0,0,1,0,0.0002878606858023119,0.0,3,False,False,1,0.0
100000002992171100,terminal,0.5,1,0.223559,"Входящих переводов: 1, отправителей: 1, исходящих: 0; колено 1; гипотеза конечного получателя",1,0,14627.0,0,1,0,0.00028864203880342,0.0,1,False,False,1,0.0
100000008717341100,terminal,0.5,1,0.223559,"Входящих переводов: 1, отправителей: 1, исходящих: 0; колено 1; гипотеза конечного получателя",1,0,14627.0,0,1,0,0.00028864203880342,0.0,1,False,False,1,0.0
100000008755361100,terminal,0.5,1,0.223559,"Входящих переводов: 1, отправителей: 1, исходящих: 0; колено 1; гипотеза конечного получателя",1,0,14627.0,0,1,0,0.00028864203880342,0.0,1,False,False,1,0.0
100000007267915100,peripheral,0.2,16,0.223536,"Отправителей: 2, получателей: 1; переводов вход/выход: 3/1; недостаточно признаков роли",2,1,21000.0,10000.0,3,1,0.0002913925483830204,0.47619047619047616,3,False,False,1,0.23809523809523808
100000004723755100,peripheral,0.2,2,0.223003,"Отправителей: 0, получателей: 1; переводов вход/выход: 0/5; недостаточно признаков роли; входящие seed неполны",0,1,0,95000.0,0,5,0.00028557858384515975,,0,True,False,0,0.0
100000001690439100,terminal,0.5,5,0.222942,"Входящих переводов: 1, отправителей: 1, исходящих: 0; колено 3; гипотеза конечного получателя",1,0,14200.0,0,1,0,0.00047667271425899194,0.0,3,False,False,1,0.0
100000008706846100,terminal,0.5,1,0.222942,"Входящих переводов: 1, отправителей: 1, исходящих: 0; колено 3; гипотеза конечного получателя",1,0,14200.0,0,1,0,0.00028779058710738225,0.0,3,False,False,1,0.0
100000005187208100,terminal,0.5,5,0.222774,"Входящих переводов: 1, отправителей: 1, исходящих: 0; колено 3; гипотеза конечного получателя",1,0,14160.0,0,1,0,0.00031193819584006237,0.0,3,False,False,1,0.0
100000002528978100,peripheral,0.0,7,0.222141,Граница 4-го колена: исходящие не наблюдаются; роль не определена,1,0,15900.0,0,1,0,0.00029151726469145667,0.0,4,False,True,2,0.0
100000002830055100,terminal,0.5,1,0.222045,"Входящих переводов: 1, отправителей: 1, исходящих: 0; колено 1; гипотеза конечного получателя",1,0,14000.0,0,1,0,0.0002885107209488477,0.0,1,False,False,1,0.0
100000006161893100,terminal,0.5,4,0.222045,"Входящих переводов: 1, отправителей: 1, исходящих: 0; колено 2; гипотеза конечного получателя",1,0,14000.0,0,1,0,0.0005315809887036368,0.0,2,False,False,1,0.0
100000008548853100,terminal,0.5,1,0.222045,"Входящих переводов: 1, отправителей: 1, исходящих: 0; колено 3; гипотеза конечного получателя",1,0,14000.0,0,1,0,0.00028775943213185803,0.0,3,False,False,1,0.0
100000008663007100,terminal,0.5,1,0.222045,"Входящих переводов: 1, отправителей: 1, исходящих: 0; колено 1; гипотеза конечного получателя",1,0,14000.0,0,1,0,0.0002885107209488477,0.0,1,False,False,1,0.0
100000008672493100,terminal,0.5,1,0.222045,"Входящих переводов: 1, отправителей: 1, исходящих: 0; колено 3; гипотеза конечного получателя",1,0,14000.0,0,1,0,0.00028775943213185803,0.0,3,False,False,1,0.0
100000004673335100,peripheral,0.0,29,0.221978,Граница 4-го колена: исходящие не наблюдаются; роль не определена,1,0,80000.0,0,1,0,0.0004930939158134104,0.0,4,False,True,1,0.0
100000008673001100,peripheral,0.2,19,0.221978,"Отправителей: 1, получателей: 0; переводов вход/выход: 1/0; недостаточно признаков роли; входящие seed неполны",1,0,80000.0,0,1,0,0.0004687799539195339,0.0,0,True,False,1,0.0
100000003561031100,peripheral,0.2,3,0.22172,"Отправителей: 1, получателей: 1; переводов вход/выход: 1/1; недостаточно признаков роли",1,1,13300.0,5000.0,1,1,0.0002882778351845744,0.37593984962406013,3,False,False,1,0.0
100000001716579100,terminal,0.5,1,0.221428,"Входящих переводов: 1, отправителей: 1, исходящих: 0; колено 1; гипотеза конечного получателя",1,0,13916.0,0,1,0,0.0002884931281262255,0.0,1,False,False,1,0.0
100000006249740100,peripheral,0.2,52,0.221265,"Отправителей: 0, получателей: 3; переводов вход/выход: 0/5; недостаточно признаков роли; входящие seed неполны",0,3,0,93007.0,0,5,0.00028557858384515975,,0,True,False,0,0.0
100000006734554100,peripheral,0.2,28,0.220385,"Отправителей: 1, получателей: 1; переводов вход/выход: 1/1; недостаточно признаков роли",1,1,16500.0,25000.0,1,1,0.00031186453329198205,1.5151515151515151,1,False,False,1,0.0
100000008764436100,terminal,0.5,1,0.220307,"Входящих переводов: 1, отправителей: 1, исходящих: 0; колено 2; гипотеза конечного получателя",1,0,13100.0,0,1,0,0.0002900182039115235,0.0,2,False,False,1,0.0
100000008680061100,peripheral,0.0,5,0.220217,Граница 4-го колена: исходящие не наблюдаются; роль не определена,1,0,41300.0,0,2,0,0.0003106330927971671,0.0,4,False,True,1,0.0
100000008331280100,peripheral,0.0,25,0.219937,Граница 4-го колена: исходящие не наблюдаются; роль не определена,1,0,41000.0,0,2,0,0.00031799830515900245,0.0,4,False,True,1,0.0
100000008190442100,terminal,0.5,1,0.219802,"Входящих переводов: 1, отправителей: 1, исходящих: 0; колено 3; гипотеза конечного получателя",1,0,13000.0,0,1,0,0.0002876036572542367,0.0,3,False,False,1,0.0
100000008672480100,terminal,0.5,1,0.219802,"Входящих переводов: 1, отправителей: 1, исходящих: 0; колено 2; гипотеза конечного получателя",1,0,13000.0,0,1,0,0.00028998431368200926,0.0,2,False,False,1,0.0
100000008672762100,terminal,0.5,1,0.219802,"Входящих переводов: 1, отправителей: 1, исходящих: 0; колено 2; гипотеза конечного получателя",1,0,13000.0,0,1,0,0.00028998431368200926,0.0,2,False,False,1,0.0
100000008703533100,peripheral,0.0,9,0.219679,Граница 4-го колена: исходящие не наблюдаются; роль не определена,1,0,75000.0,0,1,0,0.0002955245628386106,0.0,4,False,True,1,0.0
100000002733083100,peripheral,0.0,7,0.219617,Граница 4-го колена: исходящие не наблюдаются; роль не определена,1,0,15200.0,0,1,0,0.0002912558133334436,0.0,4,False,True,2,0.0
100000008688109100,terminal,0.5,1,0.219297,"Входящих переводов: 1, отправителей: 1, исходящих: 0; колено 3; гипотеза конечного получателя",1,0,12800.0,0,1,0,0.00028757250227871243,0.0,3,False,False,1,0.0
100000005496254100,terminal,0.5,0,0.219073,"Входящих переводов: 1, отправителей: 1, исходящих: 0; колено 1; гипотеза конечного получателя",1,0,12700.0,0,1,0,0.0002879560046181041,0.0,1,False,False,1,0.0
100000008744799100,terminal,0.5,1,0.218961,"Входящих переводов: 1, отправителей: 1, исходящих: 0; колено 3; гипотеза конечного получателя",1,0,12600.0,0,1,0,0.0002875413473031882,0.0,3,False,False,1,0.0
100000002671806100,terminal,0.5,10,0.218512,"Входящих переводов: 1, отправителей: 1, исходящих: 0; колено 1; гипотеза конечного получателя",1,0,12440.0,0,1,0,0.00028764072741354273,0.0,1,False,False,1,0.0
100000008575624100,peripheral,0.2,46,0.218461,"Отправителей: 0, получателей: 3; переводов вход/выход: 0/5; недостаточно признаков роли; входящие seed неполны",0,3,0,89500.0,0,5,0.00028557858384515975,,0,True,False,0,0.0
100000002646745100,terminal,0.5,1,0.218176,"Входящих переводов: 1, отправителей: 1, исходящих: 0; колено 3; гипотеза конечного получателя",1,0,12300.0,0,1,0,0.0002874946148399018,0.0,3,False,False,1,0.0
100000005089460100,terminal,0.5,1,0.218176,"Входящих переводов: 1, отправителей: 1, исходящих: 0; колено 3; гипотеза конечного получателя",1,0,12300.0,0,1,0,0.0002874946148399018,0.0,3,False,False,1,0.0
100000005588444100,terminal,0.5,6,0.218176,"Входящих переводов: 1, отправителей: 1, исходящих: 0; колено 1; гипотеза конечного получателя",1,0,12300.0,0,1,0,0.00028628309486601475,0.0,1,False,False,1,0.0
100000007289427100,terminal,0.5,2,0.218176,"Входящих переводов: 1, отправителей: 1, исходящих: 0; колено 2; гипотеза конечного получателя",1,0,12300.0,0,1,0,0.00037353171174259365,0.0,2,False,False,1,0.0
100000008754608100,terminal,0.5,1,0.218176,"Входящих переводов: 1, отправителей: 1, исходящих: 0; колено 3; гипотеза конечного получателя",1,0,12300.0,0,1,0,0.0002874946148399018,0.0,3,False,False,1,0.0
100000003083865100,peripheral,0.0,7,0.218047,Граница 4-го колена: исходящие не наблюдаются; роль не определена,1,0,15000.0,0,1,0,0.00029118111294543984,0.0,4,False,True,2,0.0
100000003166017100,peripheral,0.0,7,0.218047,Граница 4-го колена: исходящие не наблюдаются; роль не определена,1,0,15000.0,0,1,0,0.00029118111294543984,0.0,4,False,True,2,0.0
100000003622955100,peripheral,0.0,11,0.218047,Граница 4-го колена: исходящие не наблюдаются; роль не определена,1,0,15000.0,0,1,0,0.0013275152978484092,0.0,4,False,True,2,0.0
100000008524903100,peripheral,0.0,0,0.218047,Граница 4-го колена: исходящие не наблюдаются; роль не определена,1,0,15000.0,0,1,0,0.00033172895544644916,0.0,4,False,True,2,0.0
100000008716439100,terminal,0.5,1,0.217839,"Входящих переводов: 1, отправителей: 1, исходящих: 0; колено 1; гипотеза конечного получателя",1,0,12267.0,0,1,0,0.000288147764263084,0.0,1,False,False,1,0.0
100000008716072100,terminal,0.5,1,0.217615,"Входящих переводов: 1, отправителей: 1, исходящих: 0; колено 3; гипотеза конечного получателя",1,0,12100.0,0,1,0,0.00028746345986437754,0.0,3,False,False,1,0.0
100000001597505100,peripheral,0.2,31,0.217301,"Отправителей: 1, получателей: 1; переводов вход/выход: 1/1; недостаточно признаков роли",1,1,26460.0,12920.0,1,1,0.0003147215493697218,0.48828420256991684,2,False,False,1,0.0
100000001149815100,terminal,0.5,1,0.217054,"Входящих переводов: 1, отправителей: 1, исходящих: 0; колено 3; гипотеза конечного получателя",1,0,12000.0,0,1,0,0.0002874478823766154,0.0,3,False,False,1,0.0
100000002744581100,terminal,0.5,6,0.217054,"Входящих переводов: 1, отправителей: 1, исходящих: 0; колено 2; гипотеза конечного получателя",1,0,12000.0,0,1,0,0.00032492095191620626,0.0,2,False,False,1,0.0
100000006288612100,peripheral,0.0,10,0.217054,Граница 4-го колена: исходящие не наблюдаются; роль не определена,1,0,30805.0,0,3,0,0.00029761811370548864,0.0,4,False,True,1,0.0
100000008586731100,terminal,0.5,10,0.217054,"Входящих переводов: 1, отправителей: 1, исходящих: 0; колено 1; гипотеза конечного получателя",1,0,12000.0,0,1,0,0.0002875677898596771,0.0,1,False,False,1,0.0
100000003934614100,peripheral,0.2,32,0.217031,"Отправителей: 2, получателей: 1; переводов вход/выход: 2/2; недостаточно признаков роли",2,1,17000.0,11500.0,2,2,0.0003134025290281837,0.6764705882352942,3,False,False,1,0.35294117647058826
100000004030553100,peripheral,0.0,3,0.216819,Граница 4-го колена: исходящие не наблюдаются; роль не определена,1,0,70000.0,0,1,0,0.0005305568119596748,0.0,4,False,True,1,0.0
100000008027922100,peripheral,0.0,21,0.216819,Граница 4-го колена: исходящие не наблюдаются; роль не определена,1,0,70000.0,0,1,0,0.0005025824676197213,0.0,4,False,True,1,0.0
100000004388209100,terminal,0.5,1,0.216493,"Входящих переводов: 1, отправителей: 1, исходящих: 0; колено 1; гипотеза конечного получателя",1,0,11800.0,0,1,0,0.00028804995654683953,0.0,1,False,False,1,0.0
100000008751349100,terminal,0.5,25,0.216269,"Входящих переводов: 1, отправителей: 1, исходящих: 0; колено 3; гипотеза конечного получателя",1,0,11630.0,0,1,0,0.0002884847834714241,0.0,3,False,False,1,0.0
100000002750332100,terminal,0.5,8,0.216157,"Входящих переводов: 1, отправителей: 1, исходящих: 0; колено 1; гипотеза конечного получателя",1,0,11360.0,0,1,0,0.00028679719095010776,0.0,1,False,False,1,0.0
100000003133045100,peripheral,0.0,49,0.215753,Граница 4-го колена: исходящие не наблюдаются; роль не определена,1,0,68000.0,0,1,0,0.00033300453019358264,0.0,4,False,True,1,0.0
100000005495211100,peripheral,0.0,0,0.215692,Граница 4-го колена: исходящие не наблюдаются; роль не определена,1,0,14500.0,0,1,0,0.0005595531287579215,0.0,4,False,True,2,0.0
100000002721825100,terminal,0.5,0,0.215484,"Входящих переводов: 1, отправителей: 1, исходящих: 0; колено 2; гипотеза конечного получателя",1,0,11000.0,0,1,0,0.0005311368007268171,0.0,2,False,False,1,0.0
100000008141170100,terminal,0.5,4,0.215484,"Входящих переводов: 1, отправителей: 1, исходящих: 0; колено 2; гипотеза конечного получателя",1,0,11000.0,0,1,0,0.0006212973791136798,0.0,2,False,False,1,0.0
100000008489604100,terminal,0.5,1,0.215484,"Входящих переводов: 1, отправителей: 1, исходящих: 0; колено 3; гипотеза конечного получателя",1,0,11000.0,0,1,0,0.0002872921074989941,0.0,3,False,False,1,0.0
100000004747154100,peripheral,0.0,49,0.215304,Граница 4-го колена: исходящие не наблюдаются; роль не определена,1,0,67000.0,0,1,0,0.00033230708980610586,0.0,4,False,True,1,0.0
100000001677389100,peripheral,0.2,16,0.215271,"Отправителей: 1, получателей: 1; переводов вход/выход: 1/1; недостаточно признаков роли",1,1,11000.0,5400.0,1,1,0.00028863462494152866,0.4909090909090909,3,False,False,1,0.0
100000004467157100,peripheral,0.2,32,0.214956,"Отправителей: 1, получателей: 1; переводов вход/выход: 3/1; недостаточно признаков роли",1,1,20000.0,7000.0,3,1,0.0003862668372596088,0.35,2,False,False,1,0.0
100000002844897100,terminal,0.5,8,0.214923,"Входящих переводов: 1, отправителей: 1, исходящих: 0; колено 1; гипотеза конечного получателя",1,0,10800.0,0,1,0,0.00028673711876887794,0.0,1,False,False,1,0.0
100000005782886100,peripheral,0.0,8,0.214458,Граница 4-го колена: исходящие не наблюдаются; роль не определена,1,0,14000.0,0,1,0,0.00036342683820170523,0.0,4,False,True,2,0.0
100000008710913100,peripheral,0.0,8,0.214458,Граница 4-го колена: исходящие не наблюдаются; роль не определена,1,0,14000.0,0,1,0,0.0002881178022867249,0.0,4,False,True,2,0.0
100000001229743100,peripheral,0.2,0,0.214262,"Отправителей: 1, получателей: 1; переводов вход/выход: 1/1; недостаточно признаков роли",1,1,7000.0,9000.0,1,1,0.0002884387005964944,1.2857142857142858,3,False,False,1,0.0
100000004007197100,terminal,0.5,23,0.214026,"Входящих переводов: 1, отправителей: 1, исходящих: 0; колено 3; гипотеза конечного получателя",1,0,10048.0,0,1,0,0.0002876942443794854,0.0,3,False,False,1,0.0
100000004064431100,peripheral,0.2,23,0.213319,"Отправителей: 1, получателей: 1; переводов вход/выход: 1/1; недостаточно признаков роли",1,1,26000.0,10000.0,1,1,0.0002910530239220374,0.38461538461538464,3,False,False,1,0.38461538461538464
100000004167082100,peripheral,0.0,12,0.213,Граница 4-го колена: исходящие не наблюдаются; роль не определена,1,0,13300.0,0,1,0,0.0003848020373187847,0.0,4,False,True,2,0.0
100000007997939100,peripheral,0.0,8,0.212215,Граница 4-го колена: исходящие не наблюдаются; роль не определена,1,0,13000.0,0,1,0,0.00035786624860480913,0.0,4,False,True,2,0.0
100000005979037100,peripheral,0.0,3,0.211267,Граница 4-го колена: исходящие не наблюдаются; роль не определена,1,0,60300.0,0,1,0,0.00032480675028496823,0.0,4,False,True,1,0.0
100000004386286100,peripheral,0.0,10,0.211149,Граница 4-го колена: исходящие не наблюдаются; роль не определена,1,0,12500.0,0,1,0,0.0005965434862560545,0.0,4,False,True,2,0.0
100000000625169100,terminal,0.5,1,0.210549,"Входящих переводов: 1, отправителей: 1, исходящих: 0; колено 2; гипотеза конечного получателя",1,0,10000.0,0,1,0,0.00028896760679658244,0.0,2,False,False,1,0.0
100000000979567100,terminal,0.5,1,0.210549,"Входящих переводов: 1, отправителей: 1, исходящих: 0; колено 2; гипотеза конечного получателя",1,0,10000.0,0,1,0,0.0005304566707403241,0.0,2,False,False,1,0.0
100000001290243100,terminal,0.5,4,0.210549,"Входящих переводов: 1, отправителей: 1, исходящих: 0; колено 2; гипотеза конечного получателя",1,0,10000.0,0,1,0,0.0003199138370520679,0.0,2,False,False,1,0.0
100000002809568100,terminal,0.5,0,0.210549,"Входящих переводов: 1, отправителей: 1, исходящих: 0; колено 1; гипотеза конечного получателя",1,0,10000.0,0,1,0,0.0002874505687057458,0.0,1,False,False,1,0.0
100000003006633100,terminal,0.5,33,0.210549,"Входящих переводов: 1, отправителей: 1, исходящих: 0; колено 3; гипотеза конечного получателя",1,0,10000.0,0,1,0,0.0002931713556652277,0.0,3,False,False,1,0.0
100000003449074100,terminal,0.5,0,0.210549,"Входящих переводов: 1, отправителей: 1, исходящих: 0; колено 1; гипотеза конечного получателя",1,0,10000.0,0,1,0,0.0002874505687057458,0.0,1,False,False,1,0.0
100000003962994100,terminal,0.5,36,0.210549,"Входящих переводов: 1, отправителей: 1, исходящих: 0; колено 3; гипотеза конечного получателя",1,0,10000.0,0,1,0,0.00048087492384782485,0.0,3,False,False,1,0.0
100000004185681100,terminal,0.5,2,0.210549,"Входящих переводов: 1, отправителей: 1, исходящих: 0; колено 3; гипотеза конечного получателя",1,0,10000.0,0,1,0,0.0005350114236463611,0.0,3,False,False,1,0.0
100000004950490100,terminal,0.5,6,0.210549,"Входящих переводов: 1, отправителей: 1, исходящих: 0; колено 2; гипотеза конечного получателя",1,0,10000.0,0,1,0,0.00033059865437245486,0.0,2,False,False,1,0.0
100000004970752100,terminal,0.5,0,0.210549,"Входящих переводов: 1, отправителей: 1, исходящих: 0; колено 3; гипотеза конечного получателя",1,0,10000.0,0,1,0,0.0007420200177251828,0.0,3,False,False,1,0.0
100000006965162100,terminal,0.5,27,0.210549,"Входящих переводов: 1, отправителей: 1, исходящих: 0; колено 3; гипотеза конечного получателя",1,0,10000.0,0,1,0,0.0003091982976164905,0.0,3,False,False,1,0.0
100000008129393100,terminal,0.5,52,0.210549,"Входящих переводов: 1, отправителей: 1, исходящих: 0; колено 1; гипотеза конечного получателя",1,0,10000.0,0,1,0,0.0003116778898488526,0.0,1,False,False,1,0.0
100000008463968100,terminal,0.5,1,0.210549,"Входящих переводов: 1, отправителей: 1, исходящих: 0; колено 3; гипотеза конечного получателя",1,0,10000.0,0,1,0,0.0002871363326213728,0.0,3,False,False,1,0.0
100000008478414100,terminal,0.5,1,0.210549,"Входящих переводов: 1, отправителей: 1, исходящих: 0; колено 2; гипотеза конечного получателя",1,0,10000.0,0,1,0,0.00028896760679658244,0.0,2,False,False,1,0.0
100000008708025100,terminal,0.5,27,0.210549,"Входящих переводов: 1, отправителей: 1, исходящих: 0; колено 3; гипотеза конечного получателя",1,0,10000.0,0,1,0,0.0003091982976164905,0.0,3,False,False,1,0.0
100000002242066100,peripheral,0.0,33,0.210369,Граница 4-го колена: исходящие не наблюдаются; роль не определена,1,0,60000.0,0,1,0,0.0005334834847695808,0.0,4,False,True,1,0.0
100000002404112100,peripheral,0.0,25,0.210369,Граница 4-го колена: исходящие не наблюдаются; роль не определена,1,0,60000.0,0,1,0,0.0003299449284250302,0.0,4,False,True,1,0.0
100000008686247100,peripheral,0.2,22,0.20881,"Отправителей: 1, получателей: 1; переводов вход/выход: 2/1; недостаточно признаков роли",1,1,22000.0,5000.0,2,1,0.00031362183090994256,0.22727272727272727,3,False,False,1,0.0
100000003247600100,peripheral,0.0,2,0.208575,Граница 4-го колена: исходящие не наблюдаются; роль не определена,1,0,58000.0,0,1,0,0.0008399101917031229,0.0,4,False,True,1,0.0
100000005417257100,peripheral,0.2,19,0.208132,"Отправителей: 0, получателей: 2; переводов вход/выход: 0/2; недостаточно признаков роли; входящие seed неполны",0,2,0,106000.0,0,2,0.00028557858384515975,,0,True,False,0,0.0
100000007381662100,peripheral,0.0,0,0.207897,Граница 4-го колена: исходящие не наблюдаются; роль не определена,1,0,11000.0,0,1,0,0.00029683021215781285,0.0,4,False,True,2,0.0
100000006522972100,terminal,0.5,5,0.206848,"Входящих переводов: 1, отправителей: 1, исходящих: 0; колено 3; гипотеза конечного получателя",1,0,9515.0,0,1,0,0.0003032912750973842,0.0,3,False,False,1,0.0
100000008612257100,terminal,0.5,16,0.206736,"Входящих переводов: 1, отправителей: 1, исходящих: 0; колено 3; гипотеза конечного получателя",1,0,9500.0,0,1,0,0.0002878696183889419,0.0,3,False,False,1,0.0
100000007005380100,terminal,0.5,5,0.206623,"Входящих переводов: 1, отправителей: 1, исходящих: 0; колено 3; гипотеза конечного получателя",1,0,9400.0,0,1,0,0.0003030771963276516,0.0,3,False,False,1,0.0
100000002558173100,terminal,0.5,31,0.206399,"Входящих переводов: 1, отправителей: 1, исходящих: 0; колено 2; гипотеза конечного получателя",1,0,9300.0,0,1,0,0.00029582157626308975,0.0,2,False,False,1,0.0
100000002603371100,terminal,0.5,0,0.206399,"Входящих переводов: 1, отправителей: 1, исходящих: 0; колено 3; гипотеза конечного получателя",1,0,9300.0,0,1,0,0.00028937845324336154,0.0,3,False,False,1,0.0
100000008708061100,terminal,0.5,1,0.205278,"Входящих переводов: 1, отправителей: 1, исходящих: 0; колено 3; гипотеза конечного получателя",1,0,8650.0,0,1,0,0.00028692603653658404,0.0,3,False,False,1,0.0
100000008672200100,terminal,0.5,1,0.205165,"Входящих переводов: 1, отправителей: 1, исходящих: 0; колено 1; гипотеза конечного получателя",1,0,8511.0,0,1,0,0.00028736111376583744,0.0,1,False,False,1,0.0
100000008229700100,peripheral,0.2,10,0.205076,"Отправителей: 1, получателей: 1; переводов вход/выход: 1/1; недостаточно признаков роли",1,1,23500.0,7200.0,1,1,0.00028947411229025626,0.30638297872340425,1,False,False,1,0.0
100000008750464100,terminal,0.5,1,0.204829,"Входящих переводов: 1, отправителей: 1, исходящих: 0; колено 3; гипотеза конечного получателя",1,0,8500.0,0,1,0,0.00028690267030494085,0.0,3,False,False,1,0.0
100000005807278100,terminal,0.5,43,0.204492,"Входящих переводов: 1, отправителей: 1, исходящих: 0; колено 1; гипотеза конечного получателя",1,0,8385.0,0,1,0,0.0002929562597670024,0.0,1,False,False,1,0.0
100000000481716100,terminal,0.5,7,0.203988,"Входящих переводов: 1, отправителей: 1, исходящих: 0; колено 3; гипотеза конечного получателя",1,0,8000.0,0,1,0,0.00037700171480764614,0.0,3,False,False,1,0.0
100000008537380100,terminal,0.5,1,0.203988,"Входящих переводов: 1, отправителей: 1, исходящих: 0; колено 3; гипотеза конечного получателя",1,0,8000.0,0,1,0,0.0002868247828661302,0.0,3,False,False,1,0.0
100000003097947100,peripheral,0.0,3,0.203528,Граница 4-го колена: исходящие не наблюдаются; роль не определена,1,0,52980.0,0,1,0,0.0003200447241101855,0.0,4,False,True,1,0.0
100000004553349100,terminal,0.5,5,0.203483,"Входящих переводов: 1, отправителей: 1, исходящих: 0; колено 3; гипотеза конечного получателя",1,0,7755.0,0,1,0,0.00030001493914321554,0.0,3,False,False,1,0.0
100000003996562100,terminal,0.5,0,0.203315,"Входящих переводов: 1, отправителей: 1, исходящих: 0; колено 3; гипотеза конечного получателя",1,0,7700.0,0,1,0,0.0003297601666118286,0.0,3,False,False,1,0.0
100000004493586100,terminal,0.5,0,0.20309,"Входящих переводов: 1, отправителей: 1, исходящих: 0; колено 3; гипотеза конечного получателя",1,0,7500.0,0,1,0,0.0002886429946501612,0.0,3,False,False,1,0.0
100000003146511100,peripheral,0.0,12,0.202962,Граница 4-го колена: исходящие не наблюдаются; роль не определена,1,0,10000.0,0,1,0,0.00031179112065420414,0.0,4,False,True,2,0.0
100000003904497100,peripheral,0.0,8,0.202962,Граница 4-го колена: исходящие не наблюдаются; роль не определена,1,0,10000.0,0,1,0,0.0003411844798141208,0.0,4,False,True,2,0.0
100000004981068100,peripheral,0.0,3,0.202962,Граница 4-го колена: исходящие не наблюдаются; роль не определена,1,0,10000.0,0,1,0,0.00037871630039897335,0.0,4,False,True,2,0.0
100000005041147100,peripheral,0.0,0,0.202962,Граница 4-го колена: исходящие не наблюдаются; роль не определена,1,0,10000.0,0,1,0,0.0005334724175926168,0.0,4,False,True,2,0.0
100000006171671100,peripheral,0.0,0,0.202962,Граница 4-го колена: исходящие не наблюдаются; роль не определена,1,0,10000.0,0,1,0,0.000528798356920231,0.0,4,False,True,2,0.0
100000008758106100,peripheral,0.0,8,0.202962,Граница 4-го колена: исходящие не наблюдаются; роль не определена,1,0,10000.0,0,1,0,0.00028689215316133856,0.0,4,False,True,2,0.0
100000008761132100,peripheral,0.0,8,0.202962,Граница 4-го колена: исходящие не наблюдаются; роль не определена,1,0,10000.0,0,1,0,0.00028689215316133856,0.0,4,False,True,2,0.0
100000008761220100,peripheral,0.0,8,0.202962,Граница 4-го колена: исходящие не наблюдаются; роль не определена,1,0,10000.0,0,1,0,0.00028689215316133856,0.0,4,False,True,2,0.0
100000002974256100,terminal,0.5,10,0.202922,"Входящих переводов: 1, отправителей: 1, исходящих: 0; колено 2; гипотеза конечного получателя",1,0,7200.0,0,1,0,0.0005316315986823327,0.0,2,False,False,1,0.0
100000008727982100,peripheral,0.0,26,0.20272,Граница 4-го колена: исходящие не наблюдаются; роль не определена,1,0,30000.0,0,2,0,0.0005154818694117955,0.0,4,False,True,1,0.0
100000003377795100,terminal,0.5,6,0.202249,"Входящих переводов: 1, отправителей: 1, исходящих: 0; колено 1; гипотеза конечного получателя",1,0,7000.0,0,1,0,0.00028597952507654063,0.0,1,False,False,1,0.0
100000004592467100,terminal,0.5,2,0.202249,"Входящих переводов: 1, отправителей: 1, исходящих: 0; колено 2; гипотеза конечного получателя",1,0,7000.0,0,1,0,0.0002866299990043366,0.0,2,False,False,1,0.0
100000005127767100,terminal,0.5,36,0.202249,"Входящих переводов: 1, отправителей: 1, исходящих: 0; колено 3; гипотеза конечного получателя",1,0,7000.0,0,1,0,0.0004222860218470253,0.0,3,False,False,1,0.0
100000008755754100,terminal,0.5,13,0.202249,"Входящих переводов: 1, отправителей: 1, исходящих: 0; колено 3; гипотеза конечного получателя",1,0,7000.0,0,1,0,0.00029589436601665676,0.0,3,False,False,1,0.0
100000000955444100,terminal,0.5,41,0.201688,"Входящих переводов: 1, отправителей: 1, исходящих: 0; колено 2; гипотеза конечного получателя",1,0,6910.0,0,1,0,0.00035245611065427374,0.0,2,False,False,1,0.0
100000002299948100,terminal,0.5,31,0.201296,"Входящих переводов: 1, отправителей: 1, исходящих: 0; колено 2; гипотеза конечного получателя",1,0,6750.0,0,1,0,0.0002930130138259154,0.0,2,False,False,1,0.0
100000005055454100,terminal,0.5,28,0.200903,"Входящих переводов: 1, отправителей: 1, исходящих: 0; колено 3; гипотеза конечного получателя",1,0,6500.0,0,1,0,0.0005052833811075314,0.0,3,False,False,1,0.0
100000000782285100,terminal,0.5,0,0.200567,"Входящих переводов: 1, отправителей: 1, исходящих: 0; колено 3; гипотеза конечного получателя",1,0,6151.0,0,1,0,0.00032087220924746884,0.0,3,False,False,1,0.0
100000000783406100,terminal,0.5,33,0.200287,"Входящих переводов: 1, отправителей: 1, исходящих: 0; колено 3; гипотеза конечного получателя",1,0,6066.0,0,1,0,0.00029018435923121294,0.0,3,False,False,1,0.0
100000002184107100,terminal,0.5,33,0.200287,"Входящих переводов: 1, отправителей: 1, исходящих: 0; колено 3; гипотеза конечного получателя",1,0,6066.0,0,1,0,0.00029018435923121294,0.0,3,False,False,1,0.0
100000006444163100,terminal,0.5,0,0.200118,"Входящих переводов: 1, отправителей: 1, исходящих: 0; колено 3; гипотеза конечного получателя",1,0,6026.0,0,1,0,0.00032015497576099697,0.0,3,False,False,1,0.0
100000006656003100,peripheral,0.2,1,0.199916,"Отправителей: 1, получателей: 1; переводов вход/выход: 1/1; недостаточно признаков роли",1,1,20000.0,9000.0,1,1,0.0002897673511361425,0.45,1,False,False,1,0.0
100000000718427100,terminal,0.5,1,0.199614,"Входящих переводов: 1, отправителей: 1, исходящих: 0; колено 2; гипотеза конечного получателя",1,0,6000.0,0,1,0,0.00028761199761601335,0.0,2,False,False,1,0.0
100000002346166100,terminal,0.5,1,0.199614,"Входящих переводов: 1, отправителей: 1, исходящих: 0; колено 3; гипотеза конечного получателя",1,0,6000.0,0,1,0,0.0002865132331108876,0.0,3,False,False,1,0.0
100000008474308100,peripheral,0.2,10,0.199445,"Отправителей: 1, получателей: 1; переводов вход/выход: 2/1; недостаточно признаков роли",1,1,14000.0,10000.0,2,1,0.00044457548542148345,0.7142857142857143,2,False,False,1,0.0
100000002713974100,peripheral,0.0,3,0.198705,Граница 4-го колена: исходящие не наблюдаются; роль не определена,1,0,50000.0,0,1,0,0.00032989642681315815,0.0,4,False,True,1,0.0
100000005189258100,peripheral,0.0,5,0.198705,Граница 4-го колена: исходящие не наблюдаются; роль не определена,1,0,50000.0,0,1,0,0.0003159109191381468,0.0,4,False,True,1,0.0
100000007749747100,peripheral,0.0,9,0.198705,Граница 4-го колена: исходящие не наблюдаются; роль не определена,1,0,50000.0,0,1,0,0.00044347643340592925,0.0,4,False,True,1,0.0
100000007811950100,peripheral,0.0,24,0.198705,Граница 4-го колена: исходящие не наблюдаются; роль не определена,1,0,50000.0,0,1,0,0.0005458912236721398,0.0,4,False,True,1,0.0
100000008488166100,terminal,0.5,1,0.19866,"Входящих переводов: 1, отправителей: 1, исходящих: 0; колено 3; гипотеза конечного получателя",1,0,5600.0,0,1,0,0.00028645092315983904,0.0,3,False,False,1,0.0
100000006903193100,peripheral,0.0,0,0.198251,Граница 4-го колена: исходящие не наблюдаются; роль не определена,1,0,9000.0,0,1,0,0.00030158698434017687,0.0,4,False,True,2,0.0
100000002614095100,terminal,0.5,1,0.197426,"Входящих переводов: 1, отправителей: 1, исходящих: 0; колено 3; гипотеза конечного получателя",1,0,5300.0,0,1,0,0.00028640419069655266,0.0,3,False,False,1,0.0
100000003986141100,terminal,0.5,16,0.197202,"Входящих переводов: 1, отправителей: 1, исходящих: 0; колено 3; гипотеза конечного получателя",1,0,5286.32,0,1,0,0.0002868534408693162,0.0,3,False,False,1,0.0
100000003486846100,peripheral,0.0,4,0.196944,Граница 4-го колена: исходящие не наблюдаются; роль не определена,1,0,27000.0,0,2,0,0.0005308632689438938,0.0,4,False,True,1,0.0
100000002597074100,peripheral,0.0,0,0.196401,Граница 4-го колена: исходящие не наблюдаются; роль не определена,1,0,8000.0,0,1,0,0.0003104056144154342,0.0,4,False,True,2,0.0
100000004433250100,peripheral,0.0,0,0.196401,Граница 4-го колена: исходящие не наблюдаются; роль не определена,1,0,8000.0,0,1,0,0.00030655546723264235,0.0,4,False,True,2,0.0
100000004549591100,peripheral,0.0,36,0.195957,Граница 4-го колена: исходящие не наблюдаются; роль не определена,1,0,49000.0,0,1,0,0.0004440309652218705,0.0,4,False,True,1,0.0
100000004848236100,peripheral,0.0,0,0.195503,Граница 4-го колена: исходящие не наблюдаются; роль не определена,1,0,7500.0,0,1,0,0.00030885392500479205,0.0,4,False,True,2,0.0
100000006527156100,peripheral,0.0,44,0.195396,Граница 4-го колена: исходящие не наблюдаются; роль не определена,1,0,48500.0,0,1,0,0.00029606557261123786,0.0,4,False,True,1,0.0
100000000307908100,terminal,0.5,40,0.194735,"Входящих переводов: 1, отправителей: 1, исходящих: 0; колено 2; гипотеза конечного получателя",1,0,5000.0,0,1,0,0.00029711697319270486,0.0,2,False,False,1,0.0
100000000765628100,terminal,0.5,4,0.194735,"Входящих переводов: 1, отправителей: 1, исходящих: 0; колено 2; гипотеза конечного получателя",1,0,5000.0,0,1,0,0.0003153983185562685,0.0,2,False,False,1,0.0
100000001860090100,terminal,0.5,6,0.194735,"Входящих переводов: 1, отправителей: 1, исходящих: 0; колено 3; гипотеза конечного получателя",1,0,5000.0,0,1,0,0.0003776638847967288,0.0,3,False,False,1,0.0
100000002621915100,terminal,0.5,4,0.194735,"Входящих переводов: 1, отправителей: 1, исходящих: 0; колено 2; гипотеза конечного получателя",1,0,5000.0,0,1,0,0.0005317662909630199,0.0,2,False,False,1,0.0
100000003671721100,terminal,0.5,7,0.194735,"Входящих переводов: 1, отправителей: 1, исходящих: 0; колено 3; гипотеза конечного получателя",1,0,5000.0,0,1,0,0.0005583849208154134,0.0,3,False,False,1,0.0
100000006490557100,terminal,0.5,6,0.194735,"Входящих переводов: 1, отправителей: 1, исходящих: 0; колено 2; гипотеза конечного получателя",1,0,5000.0,0,1,0,0.0002861703553972823,0.0,2,False,False,1,0.0
100000006573438100,terminal,0.5,39,0.194735,"Входящих переводов: 1, отправителей: 1, исходящих: 0; колено 3; гипотеза конечного получателя",1,0,5000.0,0,1,0,0.0002990698596390029,0.0,3,False,False,1,0.0
100000007510875100,terminal,0.5,8,0.194735,"Входящих переводов: 1, отправителей: 1, исходящих: 0; колено 3; гипотеза конечного получателя",1,0,5000.0,0,1,0,0.0003581400038600999,0.0,3,False,False,1,0.0
100000007930878100,terminal,0.5,41,0.194735,"Входящих переводов: 1, отправителей: 1, исходящих: 0; колено 2; гипотеза конечного получателя",1,0,5000.0,0,1,0,0.0004829395940751334,0.0,2,False,False,1,0.0
100000008042075100,terminal,0.5,22,0.194735,"Входящих переводов: 1, отправителей: 1, исходящих: 0; колено 3; гипотеза конечного получателя",1,0,5000.0,0,1,0,0.00029195204908715583,0.0,3,False,False,1,0.0
100000004584730100,peripheral,0.0,42,0.193153,Граница 4-го колена: исходящие не наблюдаются; роль не определена,1,0,47000.0,0,1,0,0.0003037758429120113,0.0,4,False,True,1,0.0
100000004674412100,peripheral,0.0,11,0.191583,Граница 4-го колена: исходящие не наблюдаются; роль не определена,1,0,46000.0,0,1,0,0.0004889894257448744,0.0,4,False,True,1,0.0
100000008321975100,peripheral,0.0,20,0.191522,Граница 4-го колена: исходящие не наблюдаются; роль не определена,1,0,5900.0,0,1,0,0.00030320630672071635,0.0,4,False,True,2,0.0
100000003188607100,peripheral,0.2,6,0.190864,"Отправителей: 1, получателей: 1; переводов вход/выход: 1/1; недостаточно признаков роли",1,1,18000.0,5000.0,1,1,0.0003147027443091985,0.2777777777777778,2,False,False,1,0.0
100000002706810100,peripheral,0.0,7,0.190349,Граница 4-го колена: исходящие не наблюдаются; роль не определена,1,0,45000.0,0,1,0,0.000309631337062061,0.0,4,False,True,1,0.0
100000006381453100,peripheral,0.0,8,0.190349,Граница 4-го колена: исходящие не наблюдаются; роль не определена,1,0,45000.0,0,1,0,0.0005758740858599986,0.0,4,False,True,1,0.0
100000000926766100,peripheral,0.2,24,0.189037,"Отправителей: 1, получателей: 1; переводов вход/выход: 1/1; недостаточно признаков роли",1,1,18750.0,6000.0,1,1,0.0003178778900148257,0.32,3,False,False,1,0.0
100000003177533100,peripheral,0.0,3,0.188454,Граница 4-го колена: исходящие не наблюдаются; роль не определена,1,0,20000.0,0,3,0,0.00033813606748140035,0.0,4,False,True,1,0.0
100000002371892100,peripheral,0.0,50,0.187938,Граница 4-го колена: исходящие не наблюдаются; роль не определена,1,0,43830.0,0,1,0,0.00030651374133007454,0.0,4,False,True,1,0.0
100000000634341100,peripheral,0.0,0,0.187579,Граница 4-го колена: исходящие не наблюдаются; роль не определена,1,0,24000.0,0,2,0,0.00055456953056216,0.0,4,False,True,1,0.0
100000003214786100,peripheral,0.0,0,0.187148,Граница 4-го колена: исходящие не наблюдаются; роль не определена,1,0,5000.0,0,1,0,0.0004200924452367242,0.0,4,False,True,2,0.0
100000004107228100,peripheral,0.0,2,0.187148,Граница 4-го колена: исходящие не наблюдаются; роль не определена,1,0,5000.0,0,1,0,0.0002887128562263558,0.0,4,False,True,2,0.0
100000004472936100,peripheral,0.0,12,0.187148,Граница 4-го колена: исходящие не наблюдаются; роль не определена,1,0,5000.0,0,1,0,0.0005316174145429914,0.0,4,False,True,2,0.0
100000005209352100,peripheral,0.0,0,0.187148,Граница 4-го колена: исходящие не наблюдаются; роль не определена,1,0,5000.0,0,1,0,0.0004200924452367242,0.0,4,False,True,2,0.0
100000008758607100,peripheral,0.0,8,0.187148,Граница 4-го колена: исходящие не наблюдаются; роль не определена,1,0,5000.0,0,1,0,0.00028623536850324916,0.0,4,False,True,2,0.0
100000008766031100,peripheral,0.0,8,0.187148,Граница 4-го колена: исходящие не наблюдаются; роль не определена,1,0,5000.0,0,1,0,0.00028648544757429014,0.0,4,False,True,2,0.0
100000008766764100,peripheral,0.0,8,0.187148,Граница 4-го колена: исходящие не наблюдаются; роль не определена,1,0,5000.0,0,1,0,0.00028623536850324916,0.0,4,False,True,2,0.0
100000008770483100,peripheral,0.0,45,0.187148,Граница 4-го колена: исходящие не наблюдаются; роль не определена,1,0,5000.0,0,1,0,0.0002888974444714592,0.0,4,False,True,2,0.0
100000008775747100,peripheral,0.0,8,0.187148,Граница 4-го колена: исходящие не наблюдаются; роль не определена,1,0,5000.0,0,1,0,0.00028623536850324916,0.0,4,False,True,2,0.0
100000007867364100,peripheral,0.0,18,0.186592,Граница 4-го колена: исходящие не наблюдаются; роль не определена,1,0,41852.0,0,1,0,0.0004485446887792678,0.0,4,False,True,1,0.0
100000003173783100,peripheral,0.0,29,0.18528,Граница 4-го колена: исходящие не наблюдаются; роль не определена,1,0,23500.0,0,2,0,0.00034653621261083333,0.0,4,False,True,1,0.0
100000003289281100,peripheral,0.0,0,0.184125,Граница 4-го колена: исходящие не наблюдаются; роль не определена,1,0,40000.0,0,1,0,0.0005973008601073734,0.0,4,False,True,1,0.0
100000005636951100,peripheral,0.0,26,0.184125,Граница 4-го колена: исходящие не наблюдаются; роль не определена,1,0,40000.0,0,1,0,0.0006348398018706522,0.0,4,False,True,1,0.0
100000004979264100,peripheral,0.0,9,0.183339,Граница 4-го колена: исходящие не наблюдаются; роль не определена,1,0,39800.0,0,1,0,0.00041126527209553226,0.0,4,False,True,1,0.0
100000005079473100,peripheral,0.0,3,0.182779,Граница 4-го колена: исходящие не наблюдаются; роль не определена,1,0,39312.0,0,1,0,0.00032596360144299585,0.0,4,False,True,1,0.0
100000002700161100,peripheral,0.0,48,0.182442,Граница 4-го колена: исходящие не наблюдаются; роль не определена,1,0,39000.0,0,1,0,0.0009010899516948662,0.0,4,False,True,1,0.0
100000004616845100,peripheral,0.0,56,0.179672,Граница 4-го колена: исходящие не наблюдаются; роль не определена,1,0,20200.0,0,2,0,0.00028882369775286597,0.0,4,False,True,1,0.0
100000005723580100,peripheral,0.0,9,0.177339,Граница 4-го колена: исходящие не наблюдаются; роль не определена,1,0,35000.0,0,1,0,0.00034430593853277937,0.0,4,False,True,1,0.0
100000004765639100,peripheral,0.2,0,0.176621,"Отправителей: 1, получателей: 2; переводов вход/выход: 1/2; недостаточно признаков роли",1,2,5000.0,11000.0,1,2,0.00036154675624164095,2.2,2,False,False,1,0.0
100000006491963100,peripheral,0.0,7,0.176621,Граница 4-го колена: исходящие не наблюдаются; роль не определена,1,0,16000.0,0,3,0,0.0002941306738778357,0.0,4,False,True,1,0.0
100000006918814100,peripheral,0.0,2,0.176588,Граница 4-го колена: исходящие не наблюдаются; роль не определена,1,0,20000.0,0,2,0,0.0003043154252176006,0.0,4,False,True,1,0.0
100000008745676100,peripheral,0.0,1,0.176386,Граница 4-го колена: исходящие не наблюдаются; роль не определена,1,0,34547.0,0,1,0,0.0005300516424202098,0.0,4,False,True,1,0.0
100000000470237100,peripheral,0.0,27,0.17403,Граница 4-го колена: исходящие не наблюдаются; роль не определена,1,0,32500.0,0,1,0,0.0005872469106519803,0.0,4,False,True,1,0.0
100000008715513100,peripheral,0.0,7,0.17403,Граница 4-го колена: исходящие не наблюдаются; роль не определена,1,0,32500.0,0,1,0,0.0003029500167240329,0.0,4,False,True,1,0.0
100000008734279100,peripheral,0.0,3,0.172684,Граница 4-го колена: исходящие не наблюдаются; роль не определена,1,0,31650.0,0,1,0,0.00030132170915490067,0.0,4,False,True,1,0.0
100000002670463100,peripheral,0.0,7,0.172348,Граница 4-го колена: исходящие не наблюдаются; роль не определена,1,0,31500.0,0,1,0,0.00030241551109699063,0.0,4,False,True,1,0.0
100000002723439100,peripheral,0.0,11,0.17126,Граница 4-го колена: исходящие не наблюдаются; роль не определена,1,0,18000.0,0,2,0,0.0005525063635680428,0.0,4,False,True,1,0.0
100000004797167100,peripheral,0.0,3,0.171226,Граница 4-го колена: исходящие не наблюдаются; роль не определена,1,0,31000.0,0,1,0,0.0005512862869544223,0.0,4,False,True,1,0.0
100000004041294100,peripheral,0.0,24,0.170195,Граница 4-го колена: исходящие не наблюдаются; роль не определена,1,0,17800.0,0,2,0,0.00030084421050625916,0.0,4,False,True,1,0.0
100000000608031100,peripheral,0.0,16,0.168422,Граница 4-го колена: исходящие не наблюдаются; роль не определена,1,0,30000.0,0,1,0,0.0005383354294005671,0.0,4,False,True,1,0.0
100000002723674100,peripheral,0.0,20,0.168422,Граница 4-го колена: исходящие не наблюдаются; роль не определена,1,0,30000.0,0,1,0,0.0003270747385908952,0.0,4,False,True,1,0.0
100000003001138100,peripheral,0.0,27,0.168422,Граница 4-го колена: исходящие не наблюдаются; роль не определена,1,0,30000.0,0,1,0,0.00031722269148199236,0.0,4,False,True,1,0.0
100000004596284100,peripheral,0.0,4,0.168422,Граница 4-го колена: исходящие не наблюдаются; роль не определена,1,0,30000.0,0,1,0,0.0005909906341991911,0.0,4,False,True,1,0.0
100000005621418100,peripheral,0.0,25,0.168422,Граница 4-го колена: исходящие не наблюдаются; роль не определена,1,0,30000.0,0,1,0,0.00030776175613509495,0.0,4,False,True,1,0.0
100000006416061100,peripheral,0.0,0,0.168422,Граница 4-го колена: исходящие не наблюдаются; роль не определена,1,0,30000.0,0,1,0,0.0004346665675212059,0.0,4,False,True,1,0.0
100000008151098100,peripheral,0.0,25,0.168422,Граница 4-го колена: исходящие не наблюдаются; роль не определена,1,0,30000.0,0,1,0,0.00030930033114797144,0.0,4,False,True,1,0.0
100000005744674100,peripheral,0.2,19,0.168035,"Отправителей: 0, получателей: 1; переводов вход/выход: 0/2; недостаточно признаков роли; входящие seed неполны",0,1,0,50066.0,0,2,0.00028557858384515975,,0,True,False,0,0.0
100000001065481100,peripheral,0.0,12,0.164755,Граница 4-го колена: исходящие не наблюдаются; роль не определена,1,0,16000.0,0,2,0,0.00043206818444086235,0.0,4,False,True,1,0.0
100000005685783100,peripheral,0.0,1,0.160011,Граница 4-го колена: исходящие не наблюдаются; роль не определена,1,0,26150.0,0,1,0,0.0005317828856467142,0.0,4,False,True,1,0.0
100000002707106100,peripheral,0.0,14,0.159932,Граница 4-го колена: исходящие не наблюдаются; роль не определена,1,0,15000.0,0,2,0,0.0002866152767713746,0.0,4,False,True,1,0.0
100000006412162100,peripheral,0.0,7,0.159932,Граница 4-го колена: исходящие не наблюдаются; роль не определена,1,0,15000.0,0,2,0,0.0002935961682507935,0.0,4,False,True,1,0.0
100000005589319100,peripheral,0.0,2,0.159113,Граница 4-го колена: исходящие не наблюдаются; роль не определена,1,0,26000.0,0,1,0,0.00030993647762933286,0.0,4,False,True,1,0.0
100000004613582100,peripheral,0.2,6,0.157577,"Отправителей: 1, получателей: 1; переводов вход/выход: 1/1; недостаточно признаков роли",1,1,5000.0,9500.0,1,1,0.0005530759382909548,1.9,3,False,False,1,0.0
100000004971871100,peripheral,0.2,57,0.157223,"Отправителей: 1, получателей: 1; переводов вход/выход: 3/1; недостаточно признаков роли; входящие seed неполны",1,1,25400.0,5650.0,3,1,0.0007409528034091309,0.22244094488188976,0,True,False,0,0.22244094488188976
100000005392290100,peripheral,0.2,67,0.156561,"Отправителей: 0, получателей: 1; переводов вход/выход: 0/1; недостаточно признаков роли; входящие seed неполны",0,1,0,81465.0,0,1,0.00028557858384515975,,0,True,False,0,0.0
100000000404740100,peripheral,0.0,24,0.156365,Граница 4-го колена: исходящие не наблюдаются; роль не определена,1,0,25000.0,0,1,0,0.0005576051066577626,0.0,4,False,True,1,0.0
100000001598625100,peripheral,0.0,3,0.156365,Граница 4-го колена: исходящие не наблюдаются; роль не определена,1,0,25000.0,0,1,0,0.0004286610742963841,0.0,4,False,True,1,0.0
100000002369454100,peripheral,0.0,3,0.156365,Граница 4-го колена: исходящие не наблюдаются; роль не определена,1,0,25000.0,0,1,0,0.0004286610742963841,0.0,4,False,True,1,0.0
100000003078839100,peripheral,0.0,3,0.156343,Граница 4-го колена: исходящие не наблюдаются; роль не определена,1,0,14000.0,0,2,0,0.00031476332252856914,0.0,4,False,True,1,0.0
100000001740277100,peripheral,0.2,6,0.155502,"Отправителей: 1, получателей: 1; переводов вход/выход: 1/1; недостаточно признаков роли",1,1,8700.0,5000.0,1,1,0.0003762688661930228,0.5747126436781609,3,False,False,1,0.5747126436781609
100000005849862100,peripheral,0.0,6,0.1541,Граница 4-го колена: исходящие не наблюдаются; роль не определена,1,0,13000.0,0,2,0,0.0005480993991737661,0.0,4,False,True,1,0.0
100000004655046100,peripheral,0.0,7,0.153281,Граница 4-го колена: исходящие не наблюдаются; роль не определена,1,0,24000.0,0,1,0,0.0005571582363570902,0.0,4,False,True,1,0.0
100000008130868100,peripheral,0.0,13,0.149243,Граница 4-го колена: исходящие не наблюдаются; роль не определена,1,0,22782.0,0,1,0,0.00045141398351518705,0.0,4,False,True,1,0.0
100000004400480100,peripheral,0.0,13,0.147785,Граница 4-го колена: исходящие не наблюдаются; роль не определена,1,0,21700.0,0,1,0,0.0004843302376229048,0.0,4,False,True,1,0.0
100000000581662100,peripheral,0.0,13,0.147225,Граница 4-го колена: исходящие не наблюдаются; роль не определена,1,0,21160.0,0,1,0,0.0003029033167658735,0.0,4,False,True,1,0.0
100000004908173100,peripheral,0.0,9,0.146664,Граница 4-го колена: исходящие не наблюдаются; роль не определена,1,0,21000.0,0,1,0,0.0003208149966577315,0.0,4,False,True,1,0.0
100000001991973100,peripheral,0.0,7,0.145991,Граница 4-го колена: исходящие не наблюдаются; роль не определена,1,0,20800.0,0,1,0,0.00029669630088763853,0.0,4,False,True,1,0.0
100000002999140100,peripheral,0.0,10,0.144847,Граница 4-го колена: исходящие не наблюдаются; роль не определена,1,0,10000.0,0,2,0,0.0002894868876465975,0.0,4,False,True,1,0.0
100000001275557100,peripheral,0.0,21,0.14229,Граница 4-го колена: исходящие не наблюдаются; роль не определена,1,0,20000.0,0,1,0,0.0003475796934950345,0.0,4,False,True,1,0.0
100000002227989100,peripheral,0.0,20,0.14229,Граница 4-го колена: исходящие не наблюдаются; роль не определена,1,0,20000.0,0,1,0,0.0003942830192555467,0.0,4,False,True,1,0.0
100000002305477100,peripheral,0.0,20,0.14229,Граница 4-го колена: исходящие не наблюдаются; роль не определена,1,0,20000.0,0,1,0,0.0003132426870089834,0.0,4,False,True,1,0.0
100000002748511100,peripheral,0.0,4,0.14229,Граница 4-го колена: исходящие не наблюдаются; роль не определена,1,0,20000.0,0,1,0,0.0005664203578462548,0.0,4,False,True,1,0.0
100000004350094100,peripheral,0.0,18,0.14229,Граница 4-го колена: исходящие не наблюдаются; роль не определена,1,0,20000.0,0,1,0,0.0008906643715795382,0.0,4,False,True,1,0.0
100000004571634100,peripheral,0.0,11,0.14229,Граница 4-го колена: исходящие не наблюдаются; роль не определена,1,0,20000.0,0,1,0,0.00037401808032329657,0.0,4,False,True,1,0.0
100000004674178100,peripheral,0.0,24,0.14229,Граница 4-го колена: исходящие не наблюдаются; роль не определена,1,0,20000.0,0,1,0,0.00030273097335201305,0.0,4,False,True,1,0.0
100000004856746100,peripheral,0.0,32,0.14229,Граница 4-го колена: исходящие не наблюдаются; роль не определена,1,0,20000.0,0,1,0,0.00029999949204181215,0.0,4,False,True,1,0.0
100000005087923100,peripheral,0.0,26,0.14229,Граница 4-го колена: исходящие не наблюдаются; роль не определена,1,0,20000.0,0,1,0,0.000460209192857906,0.0,4,False,True,1,0.0
100000008471634100,peripheral,0.0,24,0.14229,Граница 4-го колена: исходящие не наблюдаются; роль не определена,1,0,20000.0,0,1,0,0.0011221208378914493,0.0,4,False,True,1,0.0
100000008629504100,peripheral,0.0,0,0.14229,Граница 4-го колена: исходящие не наблюдаются; роль не определена,1,0,20000.0,0,1,0,0.0003020008061691001,0.0,4,False,True,1,0.0
100000008654653100,peripheral,0.2,4,0.138897,"Отправителей: 0, получателей: 1; переводов вход/выход: 0/1; недостаточно признаков роли; входящие seed неполны",0,1,0,54000.0,0,1,0.00028557858384515975,,0,True,False,0,0.0
100000008461217100,peripheral,0.0,48,0.136962,Граница 4-го колена: исходящие не наблюдаются; роль не определена,1,0,18000.0,0,1,0,0.00054526446976194,0.0,4,False,True,1,0.0
100000002514975100,peripheral,0.0,25,0.136121,Граница 4-го колена: исходящие не наблюдаются; роль не определена,1,0,17920.0,0,1,0,0.0005307630565321584,0.0,4,False,True,1,0.0
100000005553088100,peripheral,0.0,3,0.134719,Граница 4-го колена: исходящие не наблюдаются; роль не определена,1,0,17500.0,0,1,0,0.0002942833134792977,0.0,4,False,True,1,0.0
100000003010908100,peripheral,0.0,7,0.132588,Граница 4-го колена: исходящие не наблюдаются; роль не определена,1,0,17000.0,0,1,0,0.0003992775186095265,0.0,4,False,True,1,0.0
100000008759795100,peripheral,0.0,7,0.132588,Граница 4-го колена: исходящие не наблюдаются; роль не определена,1,0,17000.0,0,1,0,0.000294665179504878,0.0,4,False,True,1,0.0
100000006866831100,peripheral,0.0,0,0.131915,Граница 4-го колена: исходящие не наблюдаются; роль не определена,1,0,16500.0,0,1,0,0.00036757697486698514,0.0,4,False,True,1,0.0
100000004222274100,peripheral,0.0,0,0.127821,Граница 4-го колена: исходящие не наблюдаются; роль не определена,1,0,15500.0,0,1,0,0.000545090818094116,0.0,4,False,True,1,0.0
100000000424935100,peripheral,0.0,27,0.125634,Граница 4-го колена: исходящие не наблюдаются; роль не определена,1,0,15000.0,0,1,0,0.00030140063766357603,0.0,4,False,True,1,0.0
100000002231144100,peripheral,0.0,20,0.125634,Граница 4-го колена: исходящие не наблюдаются; роль не определена,1,0,15000.0,0,1,0,0.00036710691040294993,0.0,4,False,True,1,0.0
100000002304943100,peripheral,0.0,20,0.125634,Граница 4-го колена: исходящие не наблюдаются; роль не определена,1,0,15000.0,0,1,0,0.0003063266612180275,0.0,4,False,True,1,0.0
100000002653187100,peripheral,0.0,10,0.125634,Граница 4-го колена: исходящие не наблюдаются; роль не определена,1,0,15000.0,0,1,0,0.0004724858138546459,0.0,4,False,True,1,0.0
100000004379306100,peripheral,0.0,3,0.125634,Граница 4-го колена: исходящие не наблюдаются; роль не определена,1,0,15000.0,0,1,0,0.0005317705704624292,0.0,4,False,True,1,0.0
100000004674389100,peripheral,0.0,11,0.125634,Граница 4-го колена: исходящие не наблюдаются; роль не определена,1,0,15000.0,0,1,0,0.00035190820620376235,0.0,4,False,True,1,0.0
100000008554390100,peripheral,0.0,7,0.122045,Граница 4-го колена: исходящие не наблюдаются; роль не определена,1,0,14000.0,0,1,0,0.00029306166262375123,0.0,4,False,True,1,0.0
100000004502048100,peripheral,0.0,18,0.121316,Граница 4-го колена: исходящие не наблюдаются; роль не определена,1,0,13888.0,0,1,0,0.00033965660318294275,0.0,4,False,True,1,0.0
100000002320495100,peripheral,0.0,16,0.12098,Граница 4-го колена: исходящие не наблюдаются; роль не определена,1,0,13526.27,0,1,0,0.000535131102953758,0.0,4,False,True,1,0.0
100000008677368100,peripheral,0.0,6,0.120867,Граница 4-го колена: исходящие не наблюдаются; роль не определена,1,0,13500.0,0,1,0,0.0005337437452727451,0.0,4,False,True,1,0.0
100000004691350100,peripheral,0.0,47,0.120587,Граница 4-го колена: исходящие не наблюдаются; роль не определена,1,0,13300.0,0,1,0,0.0008852329016754178,0.0,4,False,True,1,0.0
100000001089055100,peripheral,0.0,16,0.119802,Граница 4-го колена: исходящие не наблюдаются; роль не определена,1,0,13000.0,0,1,0,0.00032924757665075933,0.0,4,False,True,1,0.0
100000008631800100,peripheral,0.0,7,0.119409,Граница 4-го колена: исходящие не наблюдаются; роль не определена,1,0,12850.0,0,1,0,0.00029244698115265264,0.0,4,False,True,1,0.0
100000002832753100,peripheral,0.0,15,0.118736,Граница 4-го колена: исходящие не наблюдаются; роль не определена,1,0,12500.0,0,1,0,0.0007536019341008832,0.0,4,False,True,1,0.0
100000003047800100,peripheral,0.0,13,0.117727,Граница 4-го колена: исходящие не наблюдаются; роль не определена,1,0,12212.0,0,1,0,0.0003744725308546573,0.0,4,False,True,1,0.0
100000002645046100,peripheral,0.0,7,0.117054,Граница 4-го колена: исходящие не наблюдаются; роль не определена,1,0,12000.0,0,1,0,0.00029199265136966673,0.0,4,False,True,1,0.0
100000002876914100,peripheral,0.0,7,0.117054,Граница 4-го колена: исходящие не наблюдаются; роль не определена,1,0,12000.0,0,1,0,0.00029199265136966673,0.0,4,False,True,1,0.0
100000004780327100,peripheral,0.0,7,0.117054,Граница 4-го колена: исходящие не наблюдаются; роль не определена,1,0,12000.0,0,1,0,0.00029199265136966673,0.0,4,False,True,1,0.0
100000008327791100,peripheral,0.0,16,0.115484,Граница 4-го колена: исходящие не наблюдаются; роль не определена,1,0,11000.0,0,1,0,0.0005364746122313125,0.0,4,False,True,1,0.0
100000006693788100,peripheral,0.0,0,0.114811,Граница 4-го колена: исходящие не наблюдаются; роль не определена,1,0,10764.0,0,1,0,0.0005318153694986607,0.0,4,False,True,1,0.0
100000004714705100,peripheral,0.2,19,0.112876,"Отправителей: 0, получателей: 1; переводов вход/выход: 0/1; недостаточно признаков роли; входящие seed неполны",0,1,0,36550.0,0,1,0.00028557858384515975,,0,True,False,0,0.0
100000000299820100,peripheral,0.0,3,0.110549,Граница 4-го колена: исходящие не наблюдаются; роль не определена,1,0,10000.0,0,1,0,0.0004499769533450984,0.0,4,False,True,1,0.0
100000000704700100,peripheral,0.0,23,0.110549,Граница 4-го колена: исходящие не наблюдаются; роль не определена,1,0,10000.0,0,1,0,0.0005329736737322816,0.0,4,False,True,1,0.0
100000001202637100,peripheral,0.0,7,0.110549,Граница 4-го колена: исходящие не наблюдаются; роль не определена,1,0,10000.0,0,1,0,0.0005484413446690671,0.0,4,False,True,1,0.0
100000002130400100,peripheral,0.0,35,0.110549,Граница 4-го колена: исходящие не наблюдаются; роль не определена,1,0,10000.0,0,1,0,0.0003174914819977067,0.0,4,False,True,1,0.0
100000002227960100,peripheral,0.0,20,0.110549,Граница 4-го колена: исходящие не наблюдаются; роль не определена,1,0,10000.0,0,1,0,0.0002994106354270716,0.0,4,False,True,1,0.0
100000002540033100,peripheral,0.0,17,0.110549,Граница 4-го колена: исходящие не наблюдаются; роль не определена,1,0,10000.0,0,1,0,0.0005956308755011971,0.0,4,False,True,1,0.0
100000002726055100,peripheral,0.0,20,0.110549,Граница 4-го колена: исходящие не наблюдаются; роль не определена,1,0,10000.0,0,1,0,0.0003399308015503532,0.0,4,False,True,1,0.0
100000003105089100,peripheral,0.0,20,0.110549,Граница 4-го колена: исходящие не наблюдаются; роль не определена,1,0,10000.0,0,1,0,0.0002994106354270716,0.0,4,False,True,1,0.0
100000004049912100,peripheral,0.0,18,0.110549,Граница 4-го колена: исходящие не наблюдаются; роль не определена,1,0,10000.0,0,1,0,0.00032451724984298736,0.0,4,False,True,1,0.0
100000004177936100,peripheral,0.0,3,0.110549,Граница 4-го колена: исходящие не наблюдаются; роль не определена,1,0,10000.0,0,1,0,0.00033694935952124835,0.0,4,False,True,1,0.0
100000004260869100,peripheral,0.0,4,0.110549,Граница 4-го колена: исходящие не наблюдаются; роль не определена,1,0,10000.0,0,1,0,0.000841031923524965,0.0,4,False,True,1,0.0
100000004265639100,peripheral,0.0,3,0.110549,Граница 4-го колена: исходящие не наблюдаются; роль не определена,1,0,10000.0,0,1,0,0.0005519540723844629,0.0,4,False,True,1,0.0
100000004272302100,peripheral,0.0,44,0.110549,Граница 4-го колена: исходящие не наблюдаются; роль не определена,1,0,10000.0,0,1,0,0.0002877408495701243,0.0,4,False,True,1,0.0
100000004850609100,peripheral,0.0,0,0.110549,Граница 4-го колена: исходящие не наблюдаются; роль не определена,1,0,10000.0,0,1,0,0.00031300584421437895,0.0,4,False,True,1,0.0
100000008778753100,peripheral,0.0,24,0.110549,Граница 4-го колена: исходящие не наблюдаются; роль не определена,1,0,10000.0,0,1,0,0.0002941547785985864,0.0,4,False,True,1,0.0
100000004780083100,peripheral,0.0,58,0.107072,Граница 4-го колена: исходящие не наблюдаются; роль не определена,1,0,9999.0,0,1,0,0.00029338436597633235,0.0,4,False,True,1,0.0
100000002916006100,peripheral,0.2,19,0.106819,"Отправителей: 0, получателей: 1; переводов вход/выход: 0/1; недостаточно признаков роли; входящие seed неполны",0,1,0,32000.0,0,1,0.00028557858384515975,,0,True,False,0,0.0
100000001325618100,peripheral,0.0,7,0.106399,Граница 4-го колена: исходящие не наблюдаются; роль не определена,1,0,9300.0,0,1,0,0.0002905494861766527,0.0,4,False,True,1,0.0
100000002258492100,peripheral,0.0,19,0.105838,Граница 4-го колена: исходящие не наблюдаются; роль не определена,1,0,9000.0,0,1,0,0.000539827192782574,0.0,4,False,True,1,0.0
100000003481025100,peripheral,0.0,0,0.105838,Граница 4-го колена: исходящие не наблюдаются; роль не определена,1,0,9000.0,0,1,0,0.0005307514986863926,0.0,4,False,True,1,0.0
100000004263867100,peripheral,0.0,7,0.105838,Граница 4-го колена: исходящие не наблюдаются; роль не определена,1,0,9000.0,0,1,0,0.00029038913448854,0.0,4,False,True,1,0.0
100000004449824100,peripheral,0.0,7,0.105838,Граница 4-го колена: исходящие не наблюдаются; роль не определена,1,0,9000.0,0,1,0,0.00029038913448854,0.0,4,False,True,1,0.0
100000006831291100,peripheral,0.2,52,0.10526,"Отправителей: 0, получателей: 1; переводов вход/выход: 0/3; недостаточно признаков роли; входящие seed неполны",0,1,0,15000.0,0,3,0.00028557858384515975,,0,True,False,0,0.0
100000001256409100,peripheral,0.0,3,0.103988,Граница 4-го колена: исходящие не наблюдаются; роль не определена,1,0,8000.0,0,1,0,0.0005468404185342813,0.0,4,False,True,1,0.0
100000001299443100,peripheral,0.0,7,0.103988,Граница 4-го колена: исходящие не наблюдаются; роль не определена,1,0,8000.0,0,1,0,0.00028985462886149774,0.0,4,False,True,1,0.0
100000005367180100,peripheral,0.0,3,0.103315,Граница 4-го колена: исходящие не наблюдаются; роль не определена,1,0,7700.0,0,1,0,0.0007817186541438405,0.0,4,False,True,1,0.0
100000005010159100,peripheral,0.0,3,0.10281,Граница 4-го колена: исходящие не наблюдаются; роль не определена,1,0,7092.0,0,1,0,0.0006137555266418331,0.0,4,False,True,1,0.0
100000000018102100,peripheral,0.0,0,0.102249,Граница 4-го колена: исходящие не наблюдаются; роль не определена,1,0,7000.0,0,1,0,0.0003203657800362372,0.0,4,False,True,1,0.0
100000003005167100,peripheral,0.0,7,0.102249,Граница 4-го колена: исходящие не наблюдаются; роль не определена,1,0,7000.0,0,1,0,0.0002893201232344555,0.0,4,False,True,1,0.0
100000003950749100,peripheral,0.0,4,0.102249,Граница 4-го колена: исходящие не наблюдаются; роль не определена,1,0,7000.0,0,1,0,0.000383873204745543,0.0,4,False,True,1,0.0
100000008762843100,peripheral,0.0,8,0.102249,Граница 4-го колена: исходящие не наблюдаются; роль не определена,1,0,7000.0,0,1,0,0.0002872710711913732,0.0,4,False,True,1,0.0
100000008762885100,peripheral,0.0,8,0.102249,Граница 4-го колена: исходящие не наблюдаются; роль не определена,1,0,7000.0,0,1,0,0.0002872710711913732,0.0,4,False,True,1,0.0
100000003200071100,peripheral,0.2,66,0.101884,"Отправителей: 0, получателей: 1; переводов вход/выход: 0/1; недостаточно признаков роли; входящие seed неполны",0,1,0,30000.0,0,1,0.00028557858384515975,,0,True,False,0,0.0
100000001714883100,peripheral,0.0,7,0.101576,Граница 4-го колена: исходящие не наблюдаются; роль не определена,1,0,6900.0,0,1,0,0.0002892666726717513,0.0,4,False,True,1,0.0
100000001297206100,peripheral,0.0,0,0.101464,Граница 4-го колена: исходящие не наблюдаются; роль не определена,1,0,6758.0,0,1,0,0.0002985030237767796,0.0,4,False,True,1,0.0
100000002474570100,peripheral,0.0,7,0.101296,Граница 4-го колена: исходящие не наблюдаются; роль не определена,1,0,6750.0,0,1,0,0.00028918649682769496,0.0,4,False,True,1,0.0
100000003084870100,peripheral,0.0,13,0.100903,Граница 4-го колена: исходящие не наблюдаются; роль не определена,1,0,6500.0,0,1,0,0.00034511248935462254,0.0,4,False,True,1,0.0
100000003194831100,peripheral,0.0,7,0.100679,Граница 4-го колена: исходящие не наблюдаются; роль не определена,1,0,6265.0,0,1,0,0.00029082814532138,0.0,4,False,True,1,0.0
100000002512742100,peripheral,0.0,7,0.099614,Граница 4-го колена: исходящие не наблюдаются; роль не определена,1,0,6000.0,0,1,0,0.00028878561760741324,0.0,4,False,True,1,0.0
100000002878483100,peripheral,0.0,7,0.099614,Граница 4-го колена: исходящие не наблюдаются; роль не определена,1,0,6000.0,0,1,0,0.00028878561760741324,0.0,4,False,True,1,0.0
100000003838587100,peripheral,0.0,14,0.099614,Граница 4-го колена: исходящие не наблюдаются; роль не определена,1,0,6000.0,0,1,0,0.0005548008137087476,0.0,4,False,True,1,0.0
100000002986245100,peripheral,0.0,7,0.098885,Граница 4-го колена: исходящие не наблюдаются; роль не определена,1,0,5750.0,0,1,0,0.0002886519912006527,0.0,4,False,True,1,0.0
100000004377043100,peripheral,0.0,27,0.098772,Граница 4-го колена: исходящие не наблюдаются; роль не определена,1,0,5700.0,0,1,0,0.00036335889276742004,0.0,4,False,True,1,0.0
100000001498732100,peripheral,0.0,49,0.098212,Граница 4-го колена: исходящие не наблюдаются; роль не определена,1,0,5500.0,0,1,0,0.0002894145059762822,0.0,4,False,True,1,0.0
100000004013952100,peripheral,0.0,0,0.098212,Граница 4-го колена: исходящие не наблюдаются; роль не определена,1,0,5500.0,0,1,0,0.0005328575878750866,0.0,4,False,True,1,0.0
100000004268036100,peripheral,0.0,7,0.098212,Граница 4-го колена: исходящие не наблюдаются; роль не определена,1,0,5500.0,0,1,0,0.0002885183647938921,0.0,4,False,True,1,0.0
100000004569637100,peripheral,0.0,3,0.098212,Граница 4-го колена: исходящие не наблюдаются; роль не определена,1,0,5500.0,0,1,0,0.0005527902213914381,0.0,4,False,True,1,0.0
100000005146665100,peripheral,0.0,56,0.098212,Граница 4-го колена: исходящие не наблюдаются; роль не определена,1,0,5500.0,0,1,0,0.0002864621544635946,0.0,4,False,True,1,0.0
100000005293969100,peripheral,0.0,0,0.097763,Граница 4-го колена: исходящие не наблюдаются; роль не определена,1,0,5466.97,0,1,0,0.0005302174903178275,0.0,4,False,True,1,0.0
100000008255655100,peripheral,0.0,16,0.097651,Граница 4-го колена: исходящие не наблюдаются; роль не определена,1,0,5400.0,0,1,0,0.0005309180343924798,0.0,4,False,True,1,0.0
100000002635746100,peripheral,0.0,7,0.097426,Граница 4-го колена: исходящие не наблюдаются; роль не определена,1,0,5300.0,0,1,0,0.0002884114636684837,0.0,4,False,True,1,0.0
100000008648783100,peripheral,0.0,7,0.096922,Граница 4-го колена: исходящие не наблюдаются; роль не определена,1,0,5200.0,0,1,0,0.00028835801310577943,0.0,4,False,True,1,0.0
100000005910895100,peripheral,0.0,11,0.096754,Граница 4-го колена: исходящие не наблюдаются; роль не определена,1,0,5100.0,0,1,0,0.0005971310609796441,0.0,4,False,True,1,0.0
100000001590795100,peripheral,0.0,7,0.096641,Граница 4-го колена: исходящие не наблюдаются; роль не определена,1,0,5060.0,0,1,0,0.0002882831823179935,0.0,4,False,True,1,0.0
100000000581682100,peripheral,0.0,27,0.094735,Граница 4-го колена: исходящие не наблюдаются; роль не определена,1,0,5000.0,0,1,0,0.00029085260178463186,0.0,4,False,True,1,0.0
100000002994441100,peripheral,0.0,3,0.094735,Граница 4-го колена: исходящие не наблюдаются; роль не определена,1,0,5000.0,0,1,0,0.0005528997643292201,0.0,4,False,True,1,0.0
100000003626268100,peripheral,0.0,3,0.094735,Граница 4-го колена: исходящие не наблюдаются; роль не определена,1,0,5000.0,0,1,0,0.0005306147630874068,0.0,4,False,True,1,0.0
100000003646145100,peripheral,0.0,31,0.094735,Граница 4-го колена: исходящие не наблюдаются; роль не определена,1,0,5000.0,0,1,0,0.0006520527023577071,0.0,4,False,True,1,0.0
100000004403548100,peripheral,0.0,3,0.094735,Граница 4-го колена: исходящие не наблюдаются; роль не определена,1,0,5000.0,0,1,0,0.00036777776859512907,0.0,4,False,True,1,0.0
100000005370558100,peripheral,0.0,0,0.094735,Граница 4-го колена: исходящие не наблюдаются; роль не определена,1,0,5000.0,0,1,0,0.0002992922140297693,0.0,4,False,True,1,0.0
100000008649416100,peripheral,0.0,16,0.094735,Граница 4-го колена: исходящие не наблюдаются; роль не определена,1,0,5000.0,0,1,0,0.0005334450822336247,0.0,4,False,True,1,0.0
100000008762005100,peripheral,0.0,8,0.094735,Граница 4-го колена: исходящие не наблюдаются; роль не определена,1,0,5000.0,0,1,0,0.0002867875033781694,0.0,4,False,True,1,0.0
100000005543136100,peripheral,0.2,12,0.044011,"Отправителей: 0, получателей: 1; переводов вход/выход: 0/1; недостаточно признаков роли; входящие seed неполны",0,1,0,10000.0,0,1,0.00028557858384515975,,0,True,False,0,0.0
100000000456947100,peripheral,0.2,69,0.0,"Отправителей: 0, получателей: 0; переводов вход/выход: 0/0; недостаточно признаков роли; входящие seed неполны",0,0,0,0,0,0,0.0,,0,True,False,0,0.0
100000003265658100,peripheral,0.2,70,0.0,"Отправителей: 0, получателей: 0; переводов вход/выход: 0/0; недостаточно признаков роли; входящие seed неполны",0,0,0,0,0,0,0.0,,0,True,False,0,0.0
100000003349739100,peripheral,0.2,71,0.0,"Отправителей: 0, получателей: 0; переводов вход/выход: 0/0; недостаточно признаков роли; входящие seed неполны",0,0,0,0,0,0,0.0,,0,True,False,0,0.0
100000003770083100,peripheral,0.2,72,0.0,"Отправителей: 0, получателей: 0; переводов вход/выход: 0/0; недостаточно признаков роли; входящие seed неполны",0,0,0,0,0,0,0.0,,0,True,False,0,0.0
100000004021459100,peripheral,0.2,73,0.0,"Отправителей: 0, получателей: 0; переводов вход/выход: 0/0; недостаточно признаков роли; входящие seed неполны",0,0,0,0,0,0,0.0,,0,True,False,0,0.0
100000004174835100,peripheral,0.2,74,0.0,"Отправителей: 0, получателей: 0; переводов вход/выход: 0/0; недостаточно признаков роли; входящие seed неполны",0,0,0,0,0,0,0.0,,0,True,False,0,0.0
100000005017150100,peripheral,0.2,75,0.0,"Отправителей: 0, получателей: 0; переводов вход/выход: 0/0; недостаточно признаков роли; входящие seed неполны",0,0,0,0,0,0,0.0,,0,True,False,0,0.0
100000005087431100,peripheral,0.2,76,0.0,"Отправителей: 0, получателей: 0; переводов вход/выход: 0/0; недостаточно признаков роли; входящие seed неполны",0,0,0,0,0,0,0.0,,0,True,False,0,0.0
100000005235389100,peripheral,0.2,77,0.0,"Отправителей: 0, получателей: 0; переводов вход/выход: 0/0; недостаточно признаков роли; входящие seed неполны",0,0,0,0,0,0,0.0,,0,True,False,0,0.0
100000005480435100,peripheral,0.2,78,0.0,"Отправителей: 0, получателей: 0; переводов вход/выход: 0/0; недостаточно признаков роли; входящие seed неполны",0,0,0,0,0,0,0.0,,0,True,False,0,0.0
100000005495722100,peripheral,0.2,79,0.0,"Отправителей: 0, получателей: 0; переводов вход/выход: 0/0; недостаточно признаков роли; входящие seed неполны",0,0,0,0,0,0,0.0,,0,True,False,0,0.0
100000005550592100,peripheral,0.2,80,0.0,"Отправителей: 0, получателей: 0; переводов вход/выход: 0/0; недостаточно признаков роли; входящие seed неполны",0,0,0,0,0,0,0.0,,0,True,False,0,0.0
100000005560900100,peripheral,0.2,81,0.0,"Отправителей: 0, получателей: 0; переводов вход/выход: 0/0; недостаточно признаков роли; входящие seed неполны",0,0,0,0,0,0,0.0,,0,True,False,0,0.0
100000005568407100,peripheral,0.2,82,0.0,"Отправителей: 0, получателей: 0; переводов вход/выход: 0/0; недостаточно признаков роли; входящие seed неполны",0,0,0,0,0,0,0.0,,0,True,False,0,0.0
100000008117324100,peripheral,0.2,83,0.0,"Отправителей: 0, получателей: 0; переводов вход/выход: 0/0; недостаточно признаков роли; входящие seed неполны",0,0,0,0,0,0,0.0,,0,True,False,0,0.0
100000008205000100,peripheral,0.2,84,0.0,"Отправителей: 0, получателей: 0; переводов вход/выход: 0/0; недостаточно признаков роли; входящие seed неполны",0,0,0,0,0,0,0.0,,0,True,False,0,0.0
100000008513251100,peripheral,0.2,85,0.0,"Отправителей: 0, получателей: 0; переводов вход/выход: 0/0; недостаточно признаков роли; входящие seed неполны",0,0,0,0,0,0,0.0,,0,True,False,0,0.0
100000008669037100,peripheral,0.2,86,0.0,"Отправителей: 0, получателей: 0; переводов вход/выход: 0/0; недостаточно признаков роли; входящие seed неполны",0,0,0,0,0,0,0.0,,0,True,False,0,0.0
100000008701222100,peripheral,0.2,87,0.0,"Отправителей: 0, получателей: 0; переводов вход/выход: 0/0; недостаточно признаков роли; входящие seed неполны",0,0,0,0,0,0,0.0,,0,True,False,0,0.0
