rank,gid,role,priority_score,why
1,100000003684369100,coordinator,0.956196,"Связи с 10 кластерами; достижим от 6 seed; гипотеза координации; входящие seed неполны. Достижим от 6 seed; переводов 125; входящий+исходящий объём 12,437,091 KZT."
2,100000008346837100,coordinator,0.95316,"Связи с 8 кластерами; достижим от 6 seed; гипотеза координации. Достижим от 6 seed; переводов 38; входящий+исходящий объём 1,513,002 KZT."
3,100000008603629100,coordinator,0.945435,"Связи с 8 кластерами; достижим от 4 seed; гипотеза координации. Достижим от 4 seed; переводов 119; входящий+исходящий объём 6,803,456 KZT."
4,100000000331309100,coordinator,0.944709,"Связи с 14 кластерами; достижим от 4 seed; гипотеза координации. Достижим от 4 seed; переводов 134; входящий+исходящий объём 23,986,010 KZT."
5,100000000437046100,coordinator,0.941467,"Связи с 8 кластерами; достижим от 4 seed; гипотеза координации. Достижим от 4 seed; переводов 93; входящий+исходящий объём 8,713,424 KZT."
6,100000005910114100,coordinator,0.93839,"Связи с 7 кластерами; достижим от 4 seed; гипотеза координации. Достижим от 4 seed; переводов 59; входящий+исходящий объём 1,796,137 KZT."
7,100000000343175100,coordinator,0.935405,"Связи с 11 кластерами; достижим от 4 seed; гипотеза координации; входящие seed неполны. Достижим от 4 seed; переводов 47; входящий+исходящий объём 4,178,751 KZT."
8,100000008165763100,coordinator,0.933405,"Связи с 8 кластерами; достижим от 6 seed; гипотеза координации. Достижим от 6 seed; переводов 43; входящий+исходящий объём 2,433,673 KZT."
9,100000002957787100,coordinator,0.931491,"Связи с 9 кластерами; достижим от 4 seed; гипотеза координации. Достижим от 4 seed; переводов 48; входящий+исходящий объём 1,361,110 KZT."
10,100000008743913100,coordinator,0.924937,"Связи с 5 кластерами; достижим от 6 seed; гипотеза координации. Достижим от 6 seed; переводов 16; входящий+исходящий объём 1,999,900 KZT."
11,100000008710791100,coordinator,0.921743,"Связи с 4 кластерами; достижим от 5 seed; гипотеза координации. Достижим от 5 seed; переводов 28; входящий+исходящий объём 5,703,021 KZT."
12,100000001530983100,coordinator,0.920827,"Связи с 4 кластерами; достижим от 5 seed; гипотеза координации. Достижим от 5 seed; переводов 21; входящий+исходящий объём 2,393,696 KZT."
13,100000003016635100,coordinator,0.919598,"Связи с 13 кластерами; достижим от 3 seed; гипотеза координации; входящие seed неполны. Достижим от 3 seed; переводов 187; входящий+исходящий объём 10,001,062 KZT."
14,100000006866783100,coordinator,0.919257,"Связи с 14 кластерами; достижим от 3 seed; гипотеза координации; входящие seed неполны. Достижим от 3 seed; переводов 121; входящий+исходящий объём 4,786,849 KZT."
15,100000007442518100,coordinator,0.915893,"Связи с 5 кластерами; достижим от 4 seed; гипотеза координации. Достижим от 4 seed; переводов 20; входящий+исходящий объём 4,929,999 KZT."
16,100000004156082100,coordinator,0.91168,"Связи с 4 кластерами; достижим от 4 seed; гипотеза координации. Достижим от 4 seed; переводов 36; входящий+исходящий объём 2,696,922 KZT."
17,100000008512827100,coordinator,0.909558,"Связи с 6 кластерами; достижим от 5 seed; гипотеза координации. Достижим от 5 seed; переводов 13; входящий+исходящий объём 2,052,449 KZT."
18,100000003115284100,coordinator,0.908597,"Связи с 5 кластерами; достижим от 9 seed; гипотеза координации. Достижим от 9 seed; переводов 19; входящий+исходящий объём 2,677,500 KZT."
19,100000008547948100,coordinator,0.906399,"Связи с 7 кластерами; достижим от 3 seed; гипотеза координации. Достижим от 3 seed; переводов 38; входящий+исходящий объём 5,398,265 KZT."
20,100000001857829100,coordinator,0.906226,"Связи с 6 кластерами; достижим от 3 seed; гипотеза координации. Достижим от 3 seed; переводов 25; входящий+исходящий объём 3,279,528 KZT."
21,100000004351795100,coordinator,0.905142,"Связи с 6 кластерами; достижим от 3 seed; гипотеза координации. Достижим от 3 seed; переводов 40; входящий+исходящий объём 1,833,494 KZT."
22,100000008477350100,coordinator,0.904907,"Связи с 5 кластерами; достижим от 3 seed; гипотеза координации. Достижим от 3 seed; переводов 58; входящий+исходящий объём 3,984,966 KZT."
23,100000008547844100,coordinator,0.903413,"Связи с 6 кластерами; достижим от 3 seed; гипотеза координации. Достижим от 3 seed; переводов 24; входящий+исходящий объём 2,219,799 KZT."
24,100000008489922100,coordinator,0.902865,"Связи с 7 кластерами; достижим от 3 seed; гипотеза координации. Достижим от 3 seed; переводов 46; входящий+исходящий объём 4,051,910 KZT."
25,100000005527892100,coordinator,0.901049,"Связи с 6 кластерами; достижим от 4 seed; гипотеза координации. Достижим от 4 seed; переводов 11; входящий+исходящий объём 772,420 KZT."
26,100000008710843100,coordinator,0.899775,"Связи с 6 кластерами; достижим от 3 seed; гипотеза координации. Достижим от 3 seed; переводов 17; входящий+исходящий объём 2,019,444 KZT."
27,100000007908818100,coordinator,0.897188,"Связи с 3 кластерами; достижим от 8 seed; гипотеза координации. Достижим от 8 seed; переводов 17; входящий+исходящий объём 1,029,475 KZT."
28,100000004400305100,distributor,0.893118,"Получателей: 82, отправителей: 7; признаки веерного распределения. Достижим от 2 seed; переводов 110; входящий+исходящий объём 6,052,981 KZT."
29,100000003242289100,coordinator,0.891372,"Связи с 5 кластерами; достижим от 3 seed; гипотеза координации. Достижим от 3 seed; переводов 34; входящий+исходящий объём 2,928,532 KZT."
30,100000005933757100,distributor,0.887222,"Получателей: 34, отправителей: 4; признаки веерного распределения. Достижим от 2 seed; переводов 52; входящий+исходящий объём 4,248,628 KZT."
31,100000005704413100,distributor,0.884919,"Получателей: 32, отправителей: 3; признаки веерного распределения. Достижим от 2 seed; переводов 39; входящий+исходящий объём 1,461,428 KZT."
32,100000008686313100,coordinator,0.88426,"Связи с 5 кластерами; достижим от 3 seed; гипотеза координации. Достижим от 3 seed; переводов 29; входящий+исходящий объём 2,246,516 KZT."
33,100000008465789100,distributor,0.881852,"Получателей: 16, отправителей: 1; признаки веерного распределения. Достижим от 3 seed; переводов 18; входящий+исходящий объём 1,888,199 KZT."
34,100000003635170100,transit,0.879827,"Отдал/получил в выборке: 0.94; временно сопоставлено за 48 ч: 24%; признаки транзита. Достижим от 5 seed; переводов 23; входящий+исходящий объём 522,000 KZT."
35,100000005782781100,coordinator,0.878617,"Связи с 6 кластерами; достижим от 3 seed; гипотеза координации. Достижим от 3 seed; переводов 20; входящий+исходящий объём 1,435,485 KZT."
36,100000008304139100,distributor,0.86881,"Получателей: 24, отправителей: 4; признаки веерного распределения. Достижим от 2 seed; переводов 47; входящий+исходящий объём 1,882,327 KZT."
37,100000008730846100,coordinator,0.862693,"Связи с 5 кластерами; достижим от 4 seed; гипотеза координации. Достижим от 4 seed; переводов 15; входящий+исходящий объём 518,412 KZT."
38,100000005287097100,coordinator,0.862676,"Связи с 3 кластерами; достижим от 3 seed; гипотеза координации. Достижим от 3 seed; переводов 47; входящий+исходящий объём 824,473 KZT."
39,100000004403675100,coordinator,0.858682,"Связи с 5 кластерами; достижим от 3 seed; гипотеза координации. Достижим от 3 seed; переводов 14; входящий+исходящий объём 447,679 KZT."
40,100000003701161100,consolidator,0.857893,"Отправителей: 4; наблюдаемая доля перевода дальше 22.9%; признаки консолидации. Достижим от 3 seed; переводов 20; входящий+исходящий объём 1,876,103 KZT."
41,100000008733194100,coordinator,0.854463,"Связи с 4 кластерами; достижим от 4 seed; гипотеза координации. Достижим от 4 seed; переводов 12; входящий+исходящий объём 411,119 KZT."
42,100000007593823100,coordinator,0.85312,"Связи с 5 кластерами; достижим от 4 seed; гипотеза координации. Достижим от 4 seed; переводов 24; входящий+исходящий объём 187,900 KZT."
43,100000005048668100,coordinator,0.849848,"Связи с 6 кластерами; достижим от 4 seed; гипотеза координации. Достижим от 4 seed; переводов 13; входящий+исходящий объём 176,068 KZT."
44,100000001616816100,coordinator,0.847959,"Связи с 3 кластерами; достижим от 7 seed; гипотеза координации; входящие seed неполны. Достижим от 7 seed; переводов 22; входящий+исходящий объём 357,521 KZT."
45,100000004150593100,distributor,0.845997,"Получателей: 11, отправителей: 1; признаки веерного распределения. Достижим от 3 seed; переводов 18; входящий+исходящий объём 928,165 KZT."
46,100000004070318100,distributor,0.844147,"Получателей: 19, отправителей: 4; признаки веерного распределения. Достижим от 2 seed; переводов 43; входящий+исходящий объём 759,107 KZT."
47,100000006518161100,transit,0.837924,"Отдал/получил в выборке: 1.00; временно сопоставлено за 48 ч: 32%; признаки транзита. Достижим от 3 seed; переводов 26; входящий+исходящий объём 1,190,099 KZT."
48,100000008731444100,coordinator,0.837398,"Связи с 4 кластерами; достижим от 3 seed; гипотеза координации. Достижим от 3 seed; переводов 14; входящий+исходящий объём 1,318,768 KZT."
49,100000005578559100,distributor,0.836246,"Получателей: 21, отправителей: 2; признаки веерного распределения. Достижим от 2 seed; переводов 25; входящий+исходящий объём 1,024,164 KZT."
50,100000008466579100,distributor,0.834695,"Получателей: 17, отправителей: 2; признаки веерного распределения. Достижим от 2 seed; переводов 22; входящий+исходящий объём 1,969,952 KZT."
51,100000001899164100,consolidator,0.833014,"Отправителей: 4; наблюдаемая доля перевода дальше 26.2%; признаки консолидации. Достижим от 5 seed; переводов 8; входящий+исходящий объём 368,175 KZT."
52,100000008758168100,coordinator,0.832723,"Связи с 3 кластерами; достижим от 5 seed; гипотеза координации. Достижим от 5 seed; переводов 7; входящий+исходящий объём 1,609,010 KZT."
53,100000008746449100,distributor,0.831787,"Получателей: 10, отправителей: 1; признаки веерного распределения. Достижим от 3 seed; переводов 11; входящий+исходящий объём 1,019,000 KZT."
54,100000004015047100,consolidator,0.829861,"Отправителей: 9; наблюдаемая доля перевода дальше 7.5%; признаки консолидации. Достижим от 8 seed; переводов 25; входящий+исходящий объём 988,299 KZT."
55,100000004997515100,coordinator,0.829567,"Связи с 3 кластерами; достижим от 5 seed; гипотеза координации. Достижим от 5 seed; переводов 8; входящий+исходящий объём 449,500 KZT."
56,100000005339662100,coordinator,0.825452,"Связи с 3 кластерами; достижим от 3 seed; гипотеза координации. Достижим от 3 seed; переводов 24; входящий+исходящий объём 498,099 KZT."
57,100000005242320100,distributor,0.823372,"Получателей: 21, отправителей: 2; признаки веерного распределения. Достижим от 2 seed; переводов 31; входящий+исходящий объём 9,301,995 KZT."
58,100000003265158100,coordinator,0.823259,"Связи с 3 кластерами; достижим от 4 seed; гипотеза координации. Достижим от 4 seed; переводов 7; входящий+исходящий объём 300,300 KZT."
59,100000008517538100,distributor,0.820608,"Получателей: 17, отправителей: 3; признаки веерного распределения. Достижим от 2 seed; переводов 24; входящий+исходящий объём 1,594,500 KZT."
60,100000008413748100,distributor,0.820154,"Получателей: 18, отправителей: 2; признаки веерного распределения. Достижим от 2 seed; переводов 23; входящий+исходящий объём 1,403,800 KZT."
61,100000005612411100,distributor,0.818936,"Получателей: 8, отправителей: 3; признаки веерного распределения. Достижим от 3 seed; переводов 12; входящий+исходящий объём 622,497 KZT."
62,100000004847758100,distributor,0.818772,"Получателей: 15, отправителей: 4; признаки веерного распределения. Достижим от 2 seed; переводов 27; входящий+исходящий объём 603,971 KZT."
63,100000007639767100,distributor,0.817768,"Получателей: 10, отправителей: 4; признаки веерного распределения. Достижим от 2 seed; переводов 17; входящий+исходящий объём 913,157 KZT."
64,100000008111003100,consolidator,0.816897,"Отправителей: 6; наблюдаемая доля перевода дальше 15.7%; признаки консолидации. Достижим от 3 seed; переводов 10; входящий+исходящий объём 257,716 KZT."
65,100000000332284100,coordinator,0.816573,"Связи с 5 кластерами; достижим от 3 seed; гипотеза координации. Достижим от 3 seed; переводов 15; входящий+исходящий объём 396,926 KZT."
66,100000004188160100,coordinator,0.814241,"Связи с 3 кластерами; достижим от 3 seed; гипотеза координации. Достижим от 3 seed; переводов 11; входящий+исходящий объём 221,708 KZT."
67,100000000661912100,transit,0.814103,"Отдал/получил в выборке: 1.10; временно сопоставлено за 48 ч: 13%; признаки транзита. Достижим от 2 seed; переводов 17; входящий+исходящий объём 823,736 KZT."
68,100000003747133100,coordinator,0.808164,"Связи с 4 кластерами; достижим от 3 seed; гипотеза координации. Достижим от 3 seed; переводов 10; входящий+исходящий объём 487,068 KZT."
69,100000008461532100,distributor,0.807611,"Получателей: 8, отправителей: 2; признаки веерного распределения. Достижим от 2 seed; переводов 11; входящий+исходящий объём 3,095,390 KZT."
70,100000005665181100,coordinator,0.807554,"Связи с 4 кластерами; достижим от 3 seed; гипотеза координации. Достижим от 3 seed; переводов 16; входящий+исходящий объём 227,413 KZT."
71,100000002723538100,distributor,0.801384,"Получателей: 12, отправителей: 3; признаки веерного распределения. Достижим от 2 seed; переводов 17; входящий+исходящий объём 666,146 KZT."
72,100000006734214100,coordinator,0.799168,"Связи с 4 кластерами; достижим от 3 seed; гипотеза координации. Достижим от 3 seed; переводов 14; входящий+исходящий объём 646,000 KZT."
73,100000005514161100,consolidator,0.797186,"Отправителей: 4; наблюдаемая доля перевода дальше 12.5%; признаки консолидации. Достижим от 6 seed; переводов 8; входящий+исходящий объём 451,500 KZT."
74,100000008742053100,distributor,0.796336,"Получателей: 12, отправителей: 1; признаки веерного распределения. Достижим от 2 seed; переводов 13; входящий+исходящий объём 2,799,000 KZT."
75,100000003946524100,transit,0.791908,"Отдал/получил в выборке: 1.08; временно сопоставлено за 48 ч: 0%; признаки транзита. Достижим от 4 seed; переводов 4; входящий+исходящий объём 278,507 KZT."
76,100000002748532100,coordinator,0.789393,"Связи с 3 кластерами; достижим от 4 seed; гипотеза координации. Достижим от 4 seed; переводов 10; входящий+исходящий объём 1,002,260 KZT."
77,100000004159526100,coordinator,0.782911,"Связи с 3 кластерами; достижим от 3 seed; гипотеза координации. Достижим от 3 seed; переводов 10; входящий+исходящий объём 343,037 KZT."
78,100000004390333100,distributor,0.781928,"Получателей: 9, отправителей: 2; признаки веерного распределения. Достижим от 2 seed; переводов 16; входящий+исходящий объём 571,058 KZT."
79,100000006788200100,coordinator,0.780107,"Связи с 3 кластерами; достижим от 3 seed; гипотеза координации. Достижим от 3 seed; переводов 8; входящий+исходящий объём 336,656 KZT."
80,100000004707703100,transit,0.776951,"Отдал/получил в выборке: 0.97; временно сопоставлено за 48 ч: 41%; признаки транзита. Достижим от 2 seed; переводов 9; входящий+исходящий объём 470,950 KZT."
81,100000000490383100,coordinator,0.775692,"Связи с 3 кластерами; достижим от 3 seed; гипотеза координации. Достижим от 3 seed; переводов 12; входящий+исходящий объём 523,975 KZT."
82,100000006889963100,consolidator,0.774117,"Отправителей: 4; наблюдаемая доля перевода дальше 31.0%; признаки консолидации. Достижим от 9 seed; переводов 9; входящий+исходящий объём 1,874,476 KZT."
83,100000000667713100,coordinator,0.77337,"Связи с 3 кластерами; достижим от 3 seed; гипотеза координации. Достижим от 3 seed; переводов 17; входящий+исходящий объём 198,731 KZT."
84,100000008460102100,distributor,0.767383,"Получателей: 31, отправителей: 1; признаки веерного распределения. Достижим от 1 seed; переводов 35; входящий+исходящий объём 494,070 KZT."
85,100000001049200100,coordinator,0.764001,"Связи с 3 кластерами; достижим от 3 seed; гипотеза координации. Достижим от 3 seed; переводов 7; входящий+исходящий объём 112,624 KZT."
86,100000008748914100,distributor,0.761025,"Получателей: 13, отправителей: 2; признаки веерного распределения. Достижим от 1 seed; переводов 30; входящий+исходящий объём 4,651,847 KZT."
87,100000002398779100,consolidator,0.760121,"Отправителей: 13; наблюдаемая доля перевода дальше 6.0%; признаки консолидации. Достижим от 5 seed; переводов 31; входящий+исходящий объём 1,161,690 KZT."
88,100000006225798100,coordinator,0.757434,"Связи с 3 кластерами; достижим от 3 seed; гипотеза координации. Достижим от 3 seed; переводов 6; входящий+исходящий объём 748,300 KZT."
89,100000008761219100,coordinator,0.756026,"Связи с 3 кластерами; достижим от 4 seed; гипотеза координации. Достижим от 4 seed; переводов 4; входящий+исходящий объём 425,000 KZT."
90,100000008692291100,coordinator,0.753995,"Связи с 3 кластерами; достижим от 3 seed; гипотеза координации. Достижим от 3 seed; переводов 6; входящий+исходящий объём 316,000 KZT."
91,100000003213473100,distributor,0.753031,"Получателей: 11, отправителей: 1; признаки веерного распределения. Достижим от 2 seed; переводов 14; входящий+исходящий объём 297,500 KZT."
92,100000008324800100,transit,0.75022,"Отдал/получил в выборке: 0.97; временно сопоставлено за 48 ч: 40%; признаки транзита. Достижим от 3 seed; переводов 30; входящий+исходящий объём 1,037,500 KZT."
93,100000004299488100,consolidator,0.749279,"Отправителей: 6; наблюдаемая доля перевода дальше 19.7%; признаки консолидации. Достижим от 3 seed; переводов 36; входящий+исходящий объём 2,093,999 KZT."
94,100000003741418100,consolidator,0.747944,"Отправителей: 9; наблюдаемая доля перевода дальше 26.3%; признаки консолидации. Достижим от 3 seed; переводов 16; входящий+исходящий объём 191,820 KZT."
95,100000003880331100,distributor,0.745216,"Получателей: 16, отправителей: 1; признаки веерного распределения. Достижим от 1 seed; переводов 32; входящий+исходящий объём 4,004,908 KZT."
96,100000006707582100,distributor,0.744865,"Получателей: 14, отправителей: 2; признаки веерного распределения. Достижим от 1 seed; переводов 17; входящий+исходящий объём 1,000,658 KZT."
97,100000003854444100,distributor,0.743482,"Получателей: 14, отправителей: 1; признаки веерного распределения. Достижим от 1 seed; переводов 18; входящий+исходящий объём 2,532,909 KZT."
98,100000002838861100,consolidator,0.741147,"Отправителей: 5; наблюдаемая доля перевода дальше 1.8%; признаки консолидации. Достижим от 4 seed; переводов 6; входящий+исходящий объём 564,524 KZT."
99,100000005074393100,peripheral,0.739569,"Отправителей: 4, получателей: 6; переводов вход/выход: 5/10; недостаточно признаков роли. Достижим от 6 seed; переводов 15; входящий+исходящий объём 1,248,526 KZT."
100,100000002718366100,consolidator,0.737727,"Отправителей: 6; наблюдаемая доля перевода дальше 0.0%; признаки консолидации. Достижим от 5 seed; переводов 10; входящий+исходящий объём 2,525,000 KZT."
101,100000006977207100,distributor,0.732792,"Получателей: 15, отправителей: 1; признаки веерного распределения. Достижим от 1 seed; переводов 16; входящий+исходящий объём 4,571,018 KZT."
102,100000003796063100,distributor,0.728589,"Получателей: 15, отправителей: 1; признаки веерного распределения. Достижим от 1 seed; переводов 24; входящий+исходящий объём 994,150 KZT."
103,100000008560717100,consolidator,0.724458,"Отправителей: 7; наблюдаемая доля перевода дальше 4.7%; признаки консолидации. Достижим от 3 seed; переводов 10; входящий+исходящий объём 554,000 KZT."
104,100000001282143100,consolidator,0.72436,"Отправителей: 5; наблюдаемая доля перевода дальше 0.0%; признаки консолидации. Достижим от 5 seed; переводов 6; входящий+исходящий объём 1,700,000 KZT."
105,100000007998965100,consolidator,0.72065,"Отправителей: 5; наблюдаемая доля перевода дальше 9.4%; признаки консолидации. Достижим от 4 seed; переводов 10; входящий+исходящий объём 304,000 KZT."
106,100000002894076100,consolidator,0.719309,"Отправителей: 4; наблюдаемая доля перевода дальше 0.0%; признаки консолидации. Достижим от 7 seed; переводов 6; входящий+исходящий объём 1,122,782 KZT."
107,100000008620570100,coordinator,0.719297,"Связи с 3 кластерами; достижим от 4 seed; гипотеза координации. Достижим от 4 seed; переводов 4; входящий+исходящий объём 176,800 KZT."
108,100000008637537100,peripheral,0.717443,"Отправителей: 3, получателей: 3; переводов вход/выход: 22/30; недостаточно признаков роли; входящие seed неполны. Достижим от 4 seed; переводов 52; входящий+исходящий объём 2,971,385 KZT."
109,100000008752616100,peripheral,0.716809,"Отправителей: 2, получателей: 7; переводов вход/выход: 2/7; недостаточно признаков роли. Достижим от 4 seed; переводов 9; входящий+исходящий объём 1,329,510 KZT."
110,100000004820260100,transit,0.716337,"Отдал/получил в выборке: 0.92; временно сопоставлено за 48 ч: 40%; признаки транзита. Достижим от 3 seed; переводов 22; входящий+исходящий объём 449,550 KZT."
111,100000006069103100,transit,0.715164,"Отдал/получил в выборке: 1.18; временно сопоставлено за 48 ч: 11%; признаки транзита. Достижим от 2 seed; переводов 7; входящий+исходящий объём 498,818 KZT."
112,100000008144528100,consolidator,0.714365,"Отправителей: 5; наблюдаемая доля перевода дальше 0.0%; признаки консолидации. Достижим от 4 seed; переводов 13; входящий+исходящий объём 1,068,203 KZT."
113,100000008379273100,transit,0.711078,"Отдал/получил в выборке: 1.06; временно сопоставлено за 48 ч: 0%; признаки транзита. Достижим от 2 seed; переводов 6; входящий+исходящий объём 74,000 KZT."
114,100000008086440100,transit,0.710127,"Отдал/получил в выборке: 0.81; временно сопоставлено за 48 ч: 19%; признаки транзита. Достижим от 2 seed; переводов 7; входящий+исходящий объём 361,033 KZT."
115,100000003249054100,consolidator,0.707969,"Отправителей: 7; наблюдаемая доля перевода дальше 15.0%; признаки консолидации. Достижим от 3 seed; переводов 12; входящий+исходящий объём 114,700 KZT."
116,100000003404627100,consolidator,0.707222,"Отправителей: 4; наблюдаемая доля перевода дальше 0.0%; признаки консолидации. Достижим от 5 seed; переводов 5; входящий+исходящий объём 877,700 KZT."
117,100000004906181100,peripheral,0.706213,"Отправителей: 1, получателей: 7; переводов вход/выход: 1/33; недостаточно признаков роли. Достижим от 3 seed; переводов 34; входящий+исходящий объём 2,573,418 KZT."
118,100000004071080100,consolidator,0.702306,"Отправителей: 9; наблюдаемая доля перевода дальше 19.5%; признаки консолидации. Достижим от 2 seed; переводов 21; входящий+исходящий объём 285,100 KZT."
119,100000007055802100,consolidator,0.698885,"Отправителей: 6; наблюдаемая доля перевода дальше 29.9%; признаки консолидации. Достижим от 3 seed; переводов 41; входящий+исходящий объём 2,629,999 KZT."
120,100000008723830100,transit,0.698488,"Отдал/получил в выборке: 0.99; временно сопоставлено за 48 ч: 99%; признаки транзита. Достижим от 2 seed; переводов 3; входящий+исходящий объём 914,785 KZT."
121,100000002241986100,peripheral,0.6976,"Отправителей: 1, получателей: 6; переводов вход/выход: 1/12; недостаточно признаков роли. Достижим от 3 seed; переводов 13; входящий+исходящий объём 3,357,000 KZT."
122,100000008546855100,coordinator,0.693699,"Связи с 3 кластерами; достижим от 3 seed; гипотеза координации. Достижим от 3 seed; переводов 10; входящий+исходящий объём 81,790 KZT."
123,100000001937767100,peripheral,0.692458,"Отправителей: 1, получателей: 4; переводов вход/выход: 1/6; недостаточно признаков роли. Достижим от 5 seed; переводов 7; входящий+исходящий объём 1,986,000 KZT."
124,100000007777377100,peripheral,0.692408,"Отправителей: 1, получателей: 2; переводов вход/выход: 7/2; недостаточно признаков роли. Достижим от 4 seed; переводов 9; входящий+исходящий объём 466,290 KZT."
125,100000002547110100,consolidator,0.692322,"Отправителей: 6; наблюдаемая доля перевода дальше 0.0%; признаки консолидации. Достижим от 3 seed; переводов 10; входящий+исходящий объём 1,500,000 KZT."
126,100000004962193100,consolidator,0.691692,"Отправителей: 8; наблюдаемая доля перевода дальше 0.0%; признаки консолидации. Достижим от 3 seed; переводов 11; входящий+исходящий объём 900,468 KZT."
127,100000002741024100,peripheral,0.687752,"Отправителей: 5, получателей: 6; переводов вход/выход: 9/7; недостаточно признаков роли. Достижим от 3 seed; переводов 16; входящий+исходящий объём 1,252,970 KZT."
128,100000008258083100,peripheral,0.686629,"Отправителей: 2, получателей: 2; переводов вход/выход: 13/6; недостаточно признаков роли. Достижим от 3 seed; переводов 19; входящий+исходящий объём 5,195,150 KZT."
129,100000001526235100,distributor,0.685877,"Получателей: 8, отправителей: 3; признаки веерного распределения. Достижим от 1 seed; переводов 13; входящий+исходящий объём 514,750 KZT."
130,100000008490127100,peripheral,0.685779,"Отправителей: 1, получателей: 6; переводов вход/выход: 2/9; недостаточно признаков роли. Достижим от 3 seed; переводов 11; входящий+исходящий объём 1,354,755 KZT."
131,100000002369874100,consolidator,0.684407,"Отправителей: 4; наблюдаемая доля перевода дальше 0.0%; признаки консолидации. Достижим от 4 seed; переводов 4; входящий+исходящий объём 600,000 KZT."
132,100000003157679100,consolidator,0.681659,"Отправителей: 4; наблюдаемая доля перевода дальше 0.0%; признаки консолидации. Достижим от 4 seed; переводов 4; входящий+исходящий объём 541,000 KZT."
133,100000003111305100,consolidator,0.679865,"Отправителей: 4; наблюдаемая доля перевода дальше 0.0%; признаки консолидации. Достижим от 4 seed; переводов 4; входящий+исходящий объём 509,338 KZT."
134,100000001126374100,consolidator,0.679836,"Отправителей: 4; наблюдаемая доля перевода дальше 16.0%; признаки консолидации. Достижим от 2 seed; переводов 11; входящий+исходящий объём 211,700 KZT."
135,100000000089154100,distributor,0.678841,"Получателей: 15, отправителей: 1; признаки веерного распределения. Достижим от 1 seed; переводов 22; входящий+исходящий объём 435,500 KZT."
136,100000001303311100,consolidator,0.678596,"Отправителей: 5; наблюдаемая доля перевода дальше 0.0%; признаки консолидации. Достижим от 3 seed; переводов 5; входящий+исходящий объём 1,324,000 KZT."
137,100000006424479100,peripheral,0.676444,"Отправителей: 1, получателей: 2; переводов вход/выход: 2/3; недостаточно признаков роли. Достижим от 5 seed; переводов 5; входящий+исходящий объём 720,000 KZT."
138,100000004325327100,transit,0.675605,"Отдал/получил в выборке: 0.99; временно сопоставлено за 48 ч: 67%; признаки транзита. Достижим от 2 seed; переводов 4; входящий+исходящий объём 140,817 KZT."
139,100000004759121100,peripheral,0.668774,"Отправителей: 6, получателей: 2; переводов вход/выход: 10/6; недостаточно признаков роли. Достижим от 3 seed; переводов 16; входящий+исходящий объём 1,022,000 KZT."
140,100000003809101100,peripheral,0.667906,"Отправителей: 2, получателей: 2; переводов вход/выход: 3/4; недостаточно признаков роли. Достижим от 5 seed; переводов 7; входящий+исходящий объём 221,250 KZT."
141,100000007594394100,peripheral,0.667493,"Отправителей: 6, получателей: 1; переводов вход/выход: 6/40; недостаточно признаков роли. Достижим от 4 seed; переводов 46; входящий+исходящий объём 3,771,697 KZT."
142,100000001072022100,terminal,0.667363,"Входящих переводов: 6, отправителей: 3, исходящих: 0; колено 1; гипотеза конечного получателя. Достижим от 5 seed; переводов 6; входящий+исходящий объём 1,684,000 KZT."
143,100000006274203100,peripheral,0.667291,"Отправителей: 2, получателей: 3; переводов вход/выход: 41/3; недостаточно признаков роли. Достижим от 4 seed; переводов 44; входящий+исходящий объём 3,489,512 KZT."
144,100000005382566100,peripheral,0.667287,"Отправителей: 7, получателей: 1; переводов вход/выход: 11/1; недостаточно признаков роли; входящие seed неполны. Достижим от 11 seed; переводов 12; входящий+исходящий объём 443,066 KZT."
145,100000004486525100,coordinator,0.665372,"Связи с 3 кластерами; достижим от 3 seed; гипотеза координации. Достижим от 3 seed; переводов 24; входящий+исходящий объём 631,969 KZT."
146,100000006020215100,transit,0.665295,"Отдал/получил в выборке: 1.13; временно сопоставлено за 48 ч: 0%; признаки транзита. Достижим от 3 seed; переводов 3; входящий+исходящий объём 63,800 KZT."
147,100000002605308100,terminal,0.663291,"Входящих переводов: 7, отправителей: 3, исходящих: 0; колено 2; гипотеза конечного получателя. Достижим от 4 seed; переводов 7; входящий+исходящий объём 2,569,522 KZT."
148,100000001253557100,consolidator,0.660856,"Отправителей: 5; наблюдаемая доля перевода дальше 0.0%; признаки консолидации. Достижим от 5 seed; переводов 5; входящий+исходящий объём 210,200 KZT."
149,100000004450649100,coordinator,0.658822,"Связи с 3 кластерами; достижим от 3 seed; гипотеза координации. Достижим от 3 seed; переводов 4; входящий+исходящий объём 239,055 KZT."
150,100000003299365100,transit,0.658082,"Отдал/получил в выборке: 1.00; временно сопоставлено за 48 ч: 0%; признаки транзита. Достижим от 4 seed; переводов 2; входящий+исходящий объём 400,000 KZT."
151,100000006704530100,transit,0.657087,"Отдал/получил в выборке: 0.95; временно сопоставлено за 48 ч: 0%; признаки транзита. Достижим от 1 seed; переводов 6; входящий+исходящий объём 878,500 KZT."
152,100000007544358100,transit,0.657005,"Отдал/получил в выборке: 1.09; временно сопоставлено за 48 ч: 0%; признаки транзита. Достижим от 2 seed; переводов 5; входящий+исходящий объём 672,500 KZT."
153,100000002175422100,peripheral,0.656792,"Отправителей: 3, получателей: 6; переводов вход/выход: 5/14; недостаточно признаков роли. Достижим от 2 seed; переводов 19; входящий+исходящий объём 1,689,688 KZT."
154,100000002217161100,peripheral,0.656254,"Отправителей: 2, получателей: 7; переводов вход/выход: 15/19; недостаточно признаков роли. Достижим от 2 seed; переводов 34; входящий+исходящий объём 1,399,882 KZT."
155,100000005473151100,peripheral,0.655275,"Отправителей: 3, получателей: 4; переводов вход/выход: 4/6; недостаточно признаков роли. Достижим от 2 seed; переводов 10; входящий+исходящий объём 1,445,000 KZT."
156,100000008192264100,transit,0.655202,"Отдал/получил в выборке: 1.15; временно сопоставлено за 48 ч: 0%; признаки транзита. Достижим от 3 seed; переводов 3; входящий+исходящий объём 350,720 KZT."
157,100000000413678100,peripheral,0.655041,"Отправителей: 2, получателей: 3; переводов вход/выход: 2/18; недостаточно признаков роли. Достижим от 3 seed; переводов 20; входящий+исходящий объём 834,698 KZT."
158,100000003390036100,peripheral,0.654298,"Отправителей: 2, получателей: 2; переводов вход/выход: 4/2; недостаточно признаков роли. Достижим от 9 seed; переводов 6; входящий+исходящий объём 293,300 KZT."
159,100000004394765100,peripheral,0.653668,"Отправителей: 3, получателей: 2; переводов вход/выход: 10/2; недостаточно признаков роли. Достижим от 3 seed; переводов 12; входящий+исходящий объём 686,344 KZT."
160,100000006579678100,peripheral,0.653238,"Отправителей: 2, получателей: 6; переводов вход/выход: 2/15; недостаточно признаков роли. Достижим от 2 seed; переводов 17; входящий+исходящий объём 1,861,730 KZT."
161,100000008628231100,peripheral,0.652863,"Отправителей: 1, получателей: 2; переводов вход/выход: 1/19; недостаточно признаков роли. Достижим от 4 seed; переводов 20; входящий+исходящий объём 677,870 KZT."
162,100000005519998100,transit,0.652608,"Отдал/получил в выборке: 1.03; временно сопоставлено за 48 ч: 34%; признаки транзита. Достижим от 1 seed; переводов 13; входящий+исходящий объём 370,000 KZT."
163,100000004041163100,peripheral,0.650726,"Отправителей: 1, получателей: 2; переводов вход/выход: 1/6; недостаточно признаков роли; входящие seed неполны. Достижим от 8 seed; переводов 7; входящий+исходящий объём 916,000 KZT."
164,100000008722417100,peripheral,0.650533,"Отправителей: 1, получателей: 3; переводов вход/выход: 1/6; недостаточно признаков роли. Достижим от 3 seed; переводов 7; входящий+исходящий объём 1,051,900 KZT."
165,100000000291906100,transit,0.647922,"Отдал/получил в выборке: 1.17; временно сопоставлено за 48 ч: 2%; признаки транзита. Достижим от 1 seed; переводов 9; входящий+исходящий объём 843,854 KZT."
166,100000008094734100,consolidator,0.647675,"Отправителей: 4; наблюдаемая доля перевода дальше 0.0%; признаки консолидации. Достижим от 4 seed; переводов 4; входящий+исходящий объём 236,249 KZT."
167,100000008625905100,peripheral,0.647513,"Отправителей: 1, получателей: 2; переводов вход/выход: 1/2; недостаточно признаков роли. Достижим от 4 seed; переводов 3; входящий+исходящий объём 832,800 KZT."
168,100000007392365100,peripheral,0.643878,"Отправителей: 1, получателей: 6; переводов вход/выход: 1/9; недостаточно признаков роли. Достижим от 2 seed; переводов 10; входящий+исходящий объём 1,775,213 KZT."
169,100000008545727100,peripheral,0.643654,"Отправителей: 1, получателей: 6; переводов вход/выход: 1/7; недостаточно признаков роли. Достижим от 2 seed; переводов 8; входящий+исходящий объём 1,896,500 KZT."
170,100000004140487100,distributor,0.642028,"Получателей: 10, отправителей: 1; признаки веерного распределения. Достижим от 1 seed; переводов 20; входящий+исходящий объём 287,110 KZT."
171,100000002988894100,peripheral,0.641011,"Отправителей: 1, получателей: 3; переводов вход/выход: 1/3; недостаточно признаков роли. Достижим от 4 seed; переводов 4; входящий+исходящий объём 383,621 KZT."
172,100000008512552100,peripheral,0.640628,"Отправителей: 4, получателей: 6; переводов вход/выход: 9/11; недостаточно признаков роли. Достижим от 2 seed; переводов 20; входящий+исходящий объём 1,696,635 KZT."
173,100000003071930100,peripheral,0.640404,"Отправителей: 3, получателей: 1; переводов вход/выход: 4/1; недостаточно признаков роли. Достижим от 5 seed; переводов 5; входящий+исходящий объём 482,610 KZT."
174,100000006972210100,terminal,0.640263,"Входящих переводов: 4, отправителей: 3, исходящих: 0; колено 1; гипотеза конечного получателя. Достижим от 7 seed; переводов 4; входящий+исходящий объём 488,775 KZT."
175,100000001584286100,terminal,0.639997,"Входящих переводов: 3, отправителей: 2, исходящих: 0; колено 2; гипотеза конечного получателя. Достижим от 5 seed; переводов 3; входящий+исходящий объём 738,699 KZT."
176,100000003134934100,consolidator,0.639386,"Отправителей: 4; наблюдаемая доля перевода дальше 0.0%; признаки консолидации. Достижим от 3 seed; переводов 4; входящий+исходящий объём 379,354 KZT."
177,100000002939838100,terminal,0.638476,"Входящих переводов: 3, отправителей: 3, исходящих: 0; колено 1; гипотеза конечного получателя. Достижим от 6 seed; переводов 3; входящий+исходящий объём 571,233 KZT."
178,100000004479404100,peripheral,0.637594,"Отправителей: 2, получателей: 1; переводов вход/выход: 8/2; недостаточно признаков роли. Достижим от 2 seed; переводов 10; входящий+исходящий объём 1,792,000 KZT."
179,100000000656682100,transit,0.636931,"Отдал/получил в выборке: 1.13; временно сопоставлено за 48 ч: 0%; признаки транзита. Достижим от 2 seed; переводов 4; входящий+исходящий объём 151,000 KZT."
180,100000003366154100,peripheral,0.63629,"Отправителей: 1, получателей: 3; переводов вход/выход: 1/3; недостаточно признаков роли. Достижим от 4 seed; переводов 4; входящий+исходящий объём 414,170 KZT."
181,100000003159641100,peripheral,0.635471,"Отправителей: 4, получателей: 1; переводов вход/выход: 7/1; недостаточно признаков роли. Достижим от 4 seed; переводов 8; входящий+исходящий объём 261,800 KZT."
182,100000007229557100,terminal,0.632716,"Входящих переводов: 3, отправителей: 3, исходящих: 0; колено 3; гипотеза конечного получателя. Достижим от 4 seed; переводов 3; входящий+исходящий объём 878,000 KZT."
183,100000001732159100,peripheral,0.63188,"Отправителей: 2, получателей: 4; переводов вход/выход: 30/23; недостаточно признаков роли; входящие seed неполны. Достижим от 3 seed; переводов 53; входящий+исходящий объём 3,884,066 KZT."
184,100000006755850100,terminal,0.631624,"Входящих переводов: 3, отправителей: 1, исходящих: 0; колено 2; гипотеза конечного получателя. Достижим от 9 seed; переводов 3; входящий+исходящий объём 443,476 KZT."
185,100000002793881100,terminal,0.630249,"Входящих переводов: 3, отправителей: 3, исходящих: 0; колено 3; гипотеза конечного получателя. Достижим от 4 seed; переводов 3; входящий+исходящий объём 785,600 KZT."
186,100000002205022100,peripheral,0.629534,"Отправителей: 1, получателей: 3; переводов вход/выход: 1/3; недостаточно признаков роли. Достижим от 4 seed; переводов 4; входящий+исходящий объём 525,100 KZT."
187,100000003171587100,peripheral,0.628938,"Отправителей: 2, получателей: 2; переводов вход/выход: 2/7; недостаточно признаков роли. Достижим от 3 seed; переводов 9; входящий+исходящий объём 1,131,300 KZT."
188,100000002433697100,transit,0.628499,"Отдал/получил в выборке: 0.85; временно сопоставлено за 48 ч: 0%; признаки транзита. Достижим от 3 seed; переводов 2; входящий+исходящий объём 240,000 KZT."
189,100000001875239100,terminal,0.628118,"Входящих переводов: 3, отправителей: 3, исходящих: 0; колено 3; гипотеза конечного получателя. Достижим от 4 seed; переводов 3; входящий+исходящий объём 712,000 KZT."
190,100000003004487100,peripheral,0.627996,"Отправителей: 4, получателей: 2; переводов вход/выход: 9/3; недостаточно признаков роли. Достижим от 2 seed; переводов 12; входящий+исходящий объём 448,718 KZT."
191,100000004569484100,peripheral,0.627552,"Отправителей: 2, получателей: 4; переводов вход/выход: 3/4; недостаточно признаков роли. Достижим от 2 seed; переводов 7; входящий+исходящий объём 254,312 KZT."
192,100000005778283100,terminal,0.625538,"Входящих переводов: 3, отправителей: 3, исходящих: 0; колено 1; гипотеза конечного получателя. Достижим от 4 seed; переводов 3; входящий+исходящий объём 615,760 KZT."
193,100000001463701100,terminal,0.625215,"Входящих переводов: 2, отправителей: 2, исходящих: 0; колено 1; гипотеза конечного получателя. Достижим от 5 seed; переводов 2; входящий+исходящий объём 621,000 KZT."
194,100000004679953100,peripheral,0.625105,"Отправителей: 3, получателей: 3; переводов вход/выход: 3/3; недостаточно признаков роли. Достижим от 2 seed; переводов 6; входящий+исходящий объём 377,638 KZT."
195,100000008011159100,peripheral,0.624714,"Отправителей: 3, получателей: 5; переводов вход/выход: 6/5; недостаточно признаков роли. Достижим от 2 seed; переводов 11; входящий+исходящий объём 516,037 KZT."
196,100000001660397100,transit,0.624085,"Отдал/получил в выборке: 1.01; временно сопоставлено за 48 ч: 25%; признаки транзита. Достижим от 1 seed; переводов 6; входящий+исходящий объём 97,600 KZT."
197,100000002945626100,terminal,0.623856,"Входящих переводов: 3, отправителей: 3, исходящих: 0; колено 3; гипотеза конечного получателя. Достижим от 4 seed; переводов 3; входящий+исходящий объём 584,000 KZT."
198,100000007170072100,transit,0.623685,"Отдал/получил в выборке: 0.99; временно сопоставлено за 48 ч: 100%; признаки транзита. Достижим от 1 seed; переводов 10; входящий+исходящий объём 199,500 KZT."
199,100000002173161100,terminal,0.623394,"Входящих переводов: 5, отправителей: 3, исходящих: 0; колено 1; гипотеза конечного получателя. Достижим от 3 seed; переводов 5; входящий+исходящий объём 1,427,500 KZT."
200,100000002628576100,peripheral,0.623262,"Отправителей: 2, получателей: 2; переводов вход/выход: 3/2; недостаточно признаков роли. Достижим от 3 seed; переводов 5; входящий+исходящий объём 1,266,882 KZT."
201,100000002443664100,terminal,0.622958,"Входящих переводов: 3, отправителей: 3, исходящих: 0; колено 2; гипотеза конечного получателя. Достижим от 4 seed; переводов 3; входящий+исходящий объём 556,880 KZT."
202,100000007138613100,peripheral,0.622477,"Отправителей: 3, получателей: 2; переводов вход/выход: 3/2; недостаточно признаков роли. Достижим от 3 seed; переводов 5; входящий+исходящий объём 1,181,000 KZT."
203,100000008632060100,distributor,0.619326,"Получателей: 9, отправителей: 1; признаки веерного распределения. Достижим от 1 seed; переводов 13; входящий+исходящий объём 345,200 KZT."
204,100000002267998100,peripheral,0.618772,"Отправителей: 2, получателей: 3; переводов вход/выход: 4/12; недостаточно признаков роли. Достижим от 2 seed; переводов 16; входящий+исходящий объём 1,535,000 KZT."
205,100000008172352100,peripheral,0.618187,"Отправителей: 3, получателей: 7; переводов вход/выход: 3/8; недостаточно признаков роли. Достижим от 2 seed; переводов 11; входящий+исходящий объём 379,775 KZT."
206,100000008636603100,peripheral,0.616928,"Отправителей: 2, получателей: 6; переводов вход/выход: 2/7; недостаточно признаков роли. Достижим от 2 seed; переводов 9; входящий+исходящий объём 194,835 KZT."
207,100000005079754100,peripheral,0.616443,"Отправителей: 1, получателей: 2; переводов вход/выход: 1/2; недостаточно признаков роли. Достижим от 4 seed; переводов 3; входящий+исходящий объём 192,000 KZT."
208,100000001527186100,terminal,0.615579,"Входящих переводов: 2, отправителей: 1, исходящих: 0; колено 1; гипотеза конечного получателя. Достижим от 4 seed; переводов 2; входящий+исходящий объём 678,000 KZT."
209,100000004746397100,peripheral,0.615282,"Отправителей: 1, получателей: 1; переводов вход/выход: 1/1; недостаточно признаков роли. Достижим от 3 seed; переводов 2; входящий+исходящий объём 227,020 KZT."
210,100000002957306100,terminal,0.614864,"Входящих переводов: 2, отправителей: 2, исходящих: 0; колено 1; гипотеза конечного получателя. Достижим от 8 seed; переводов 2; входящий+исходящий объём 398,490 KZT."
211,100000004209339100,peripheral,0.614776,"Отправителей: 1, получателей: 2; переводов вход/выход: 6/11; недостаточно признаков роли. Достижим от 4 seed; переводов 17; входящий+исходящий объём 377,000 KZT."
212,100000004480280100,peripheral,0.61407,"Отправителей: 1, получателей: 2; переводов вход/выход: 1/7; недостаточно признаков роли. Достижим от 4 seed; переводов 8; входящий+исходящий объём 442,544 KZT."
213,100000008254069100,peripheral,0.613871,"Отправителей: 1, получателей: 5; переводов вход/выход: 2/6; недостаточно признаков роли. Достижим от 4 seed; переводов 8; входящий+исходящий объём 117,700 KZT."
214,100000002645609100,consolidator,0.613076,"Отправителей: 4; наблюдаемая доля перевода дальше 0.0%; признаки консолидации. Достижим от 2 seed; переводов 5; входящий+исходящий объём 546,821 KZT."
215,100000002480800100,terminal,0.611429,"Входящих переводов: 2, отправителей: 2, исходящих: 0; колено 1; гипотеза конечного получателя. Достижим от 4 seed; переводов 2; входящий+исходящий объём 569,251 KZT."
216,100000001714173100,terminal,0.611303,"Входящих переводов: 6, отправителей: 1, исходящих: 0; колено 3; гипотеза конечного получателя. Достижим от 3 seed; переводов 6; входящий+исходящий объём 638,905 KZT."
217,100000002603769100,terminal,0.610967,"Входящих переводов: 3, отправителей: 3, исходящих: 0; колено 1; гипотеза конечного получателя. Достижим от 3 seed; переводов 3; входящий+исходящий объём 1,185,368 KZT."
218,100000004677680100,peripheral,0.609897,"Отправителей: 2, получателей: 1; переводов вход/выход: 2/3; недостаточно признаков роли. Достижим от 5 seed; переводов 5; входящий+исходящий объём 231,000 KZT."
219,100000006844768100,peripheral,0.608862,"Отправителей: 1, получателей: 2; переводов вход/выход: 5/5; недостаточно признаков роли. Достижим от 3 seed; переводов 10; входящий+исходящий объём 470,000 KZT."
220,100000002704875100,terminal,0.607561,"Входящих переводов: 4, отправителей: 3, исходящих: 0; колено 1; гипотеза конечного получателя. Достижим от 5 seed; переводов 4; входящий+исходящий объём 244,891 KZT."
221,100000003528285100,peripheral,0.606538,"Отправителей: 4, получателей: 4; переводов вход/выход: 5/6; недостаточно признаков роли. Достижим от 2 seed; переводов 11; входящий+исходящий объём 666,870 KZT."
222,100000003254723100,terminal,0.606247,"Входящих переводов: 6, отправителей: 1, исходящих: 0; колено 2; гипотеза конечного получателя. Достижим от 4 seed; переводов 6; входящий+исходящий объём 269,850 KZT."
223,100000003158727100,terminal,0.60591,"Входящих переводов: 3, отправителей: 3, исходящих: 0; колено 1; гипотеза конечного получателя. Достижим от 4 seed; переводов 3; входящий+исходящий объём 367,940 KZT."
224,100000003589877100,peripheral,0.605833,"Отправителей: 2, получателей: 6; переводов вход/выход: 2/6; недостаточно признаков роли. Достижим от 2 seed; переводов 8; входящий+исходящий объём 592,129 KZT."
225,100000008473207100,terminal,0.605397,"Входящих переводов: 4, отправителей: 1, исходящих: 0; колено 2; гипотеза конечного получателя. Достижим от 8 seed; переводов 4; входящий+исходящий объём 202,000 KZT."
226,100000002956769100,terminal,0.604574,"Входящих переводов: 3, отправителей: 3, исходящих: 0; колено 3; гипотеза конечного получателя. Достижим от 3 seed; переводов 3; входящий+исходящий объём 840,000 KZT."
227,100000002578405100,distributor,0.604317,"Получателей: 116, отправителей: 2; признаки веерного распределения. Достижим от 1 seed; переводов 127; входящий+исходящий объём 4,308,703 KZT."
228,100000005664632100,terminal,0.60277,"Входящих переводов: 18, отправителей: 1, исходящих: 0; колено 2; гипотеза конечного получателя. Достижим от 4 seed; переводов 18; входящий+исходящий объём 198,620 KZT."
229,100000001611488100,terminal,0.602443,"Входящих переводов: 3, отправителей: 2, исходящих: 0; колено 3; гипотеза конечного получателя. Достижим от 3 seed; переводов 3; входящий+исходящий объём 779,300 KZT."
230,100000005031696100,peripheral,0.601279,"Отправителей: 1, получателей: 2; переводов вход/выход: 1/3; недостаточно признаков роли. Достижим от 4 seed; переводов 4; входящий+исходящий объём 120,000 KZT."
231,100000002618492100,terminal,0.600253,"Входящих переводов: 2, отправителей: 2, исходящих: 0; колено 1; гипотеза конечного получателя. Достижим от 6 seed; переводов 2; входящий+исходящий объём 296,500 KZT."
232,100000000076451100,peripheral,0.599973,"Отправителей: 3, получателей: 4; переводов вход/выход: 4/4; недостаточно признаков роли. Достижим от 3 seed; переводов 8; входящий+исходящий объём 145,707 KZT."
233,100000002343825100,peripheral,0.599507,"Отправителей: 3, получателей: 2; переводов вход/выход: 4/2; недостаточно признаков роли. Достижим от 3 seed; переводов 6; входящий+исходящий объём 439,800 KZT."
234,100000001236706100,peripheral,0.59812,"Отправителей: 3, получателей: 2; переводов вход/выход: 3/2; недостаточно признаков роли. Достижим от 5 seed; переводов 5; входящий+исходящий объём 178,700 KZT."
235,100000002883402100,terminal,0.598059,"Входящих переводов: 3, отправителей: 3, исходящих: 0; колено 3; гипотеза конечного получателя. Достижим от 4 seed; переводов 3; входящий+исходящий объём 300,000 KZT."
236,100000004077081100,peripheral,0.597456,"Отправителей: 1, получателей: 4; переводов вход/выход: 1/6; недостаточно признаков роли. Достижим от 3 seed; переводов 7; входящий+исходящий объём 755,000 KZT."
237,100000001875167100,terminal,0.596017,"Входящих переводов: 2, отправителей: 1, исходящих: 0; колено 3; гипотеза конечного получателя. Достижим от 3 seed; переводов 2; входящий+исходящий объём 1,000,000 KZT."
238,100000007472293100,peripheral,0.595614,"Отправителей: 1, получателей: 3; переводов вход/выход: 1/3; недостаточно признаков роли. Достижим от 3 seed; переводов 4; входящий+исходящий объём 350,900 KZT."
239,100000003031003100,terminal,0.595255,"Входящих переводов: 3, отправителей: 3, исходящих: 0; колено 3; гипотеза конечного получателя. Достижим от 4 seed; переводов 3; входящий+исходящий объём 280,090 KZT."
240,100000001697501100,distributor,0.59521,"Получателей: 38, отправителей: 3; признаки веерного распределения. Достижим от 1 seed; переводов 58; входящий+исходящий объём 1,606,306 KZT."
241,100000008188026100,peripheral,0.594282,"Отправителей: 2, получателей: 4; переводов вход/выход: 5/4; недостаточно признаков роли. Достижим от 2 seed; переводов 9; входящий+исходящий объём 424,451 KZT."
242,100000003718221100,peripheral,0.594138,"Отправителей: 2, получателей: 4; переводов вход/выход: 6/8; недостаточно признаков роли. Достижим от 2 seed; переводов 14; входящий+исходящий объём 773,500 KZT."
243,100000008587459100,peripheral,0.593425,"Отправителей: 2, получателей: 2; переводов вход/выход: 2/4; недостаточно признаков роли. Достижим от 2 seed; переводов 6; входящий+исходящий объём 868,007 KZT."
244,100000005432267100,terminal,0.592138,"Входящих переводов: 2, отправителей: 2, исходящих: 0; колено 1; гипотеза конечного получателя. Достижим от 4 seed; переводов 2; входящий+исходящий объём 350,001 KZT."
245,100000008751380100,terminal,0.591353,"Входящих переводов: 2, отправителей: 2, исходящих: 0; колено 3; гипотеза конечного получателя. Достижим от 4 seed; переводов 2; входящий+исходящий объём 345,780 KZT."
246,100000001884825100,terminal,0.591228,"Входящих переводов: 3, отправителей: 3, исходящих: 0; колено 3; гипотеза конечного получателя. Достижим от 3 seed; переводов 3; входящий+исходящий объём 495,000 KZT."
247,100000008213966100,peripheral,0.590572,"Отправителей: 3, получателей: 1; переводов вход/выход: 7/8; недостаточно признаков роли. Достижим от 2 seed; переводов 15; входящий+исходящий объём 623,904 KZT."
248,100000004386258100,peripheral,0.589053,"Отправителей: 3, получателей: 3; переводов вход/выход: 3/3; недостаточно признаков роли. Достижим от 3 seed; переводов 6; входящий+исходящий объём 101,700 KZT."
249,100000004105288100,terminal,0.588843,"Входящих переводов: 2, отправителей: 2, исходящих: 0; колено 1; гипотеза конечного получателя. Достижим от 8 seed; переводов 2; входящий+исходящий объём 215,000 KZT."
250,100000002193259100,peripheral,0.588129,"Отправителей: 2, получателей: 3; переводов вход/выход: 2/3; недостаточно признаков роли. Достижим от 4 seed; переводов 5; входящий+исходящий объём 106,000 KZT."
251,100000001330685100,peripheral,0.586315,"Отправителей: 3, получателей: 1; переводов вход/выход: 7/1; недостаточно признаков роли. Достижим от 3 seed; переводов 8; входящий+исходящий объём 2,536,423 KZT."
252,100000008003034100,peripheral,0.5858,"Отправителей: 1, получателей: 4; переводов вход/выход: 1/4; недостаточно признаков роли. Достижим от 2 seed; переводов 5; входящий+исходящий объём 147,201 KZT."
253,100000008104567100,peripheral,0.584228,"Отправителей: 3, получателей: 3; переводов вход/выход: 3/4; недостаточно признаков роли. Достижим от 2 seed; переводов 7; входящий+исходящий объём 93,550 KZT."
254,100000002901457100,peripheral,0.583934,"Отправителей: 1, получателей: 3; переводов вход/выход: 1/3; недостаточно признаков роли. Достижим от 2 seed; переводов 4; входящий+исходящий объём 459,000 KZT."
255,100000004587414100,terminal,0.582502,"Входящих переводов: 2, отправителей: 2, исходящих: 0; колено 3; гипотеза конечного получателя. Достижим от 3 seed; переводов 2; входящий+исходящий объём 533,603 KZT."
256,100000008258458100,peripheral,0.582036,"Отправителей: 1, получателей: 2; переводов вход/выход: 1/4; недостаточно признаков роли. Достижим от 2 seed; переводов 5; входящий+исходящий объём 1,576,988 KZT."
257,100000002356167100,peripheral,0.581876,"Отправителей: 1, получателей: 2; переводов вход/выход: 1/3; недостаточно признаков роли. Достижим от 3 seed; переводов 4; входящий+исходящий объём 329,500 KZT."
258,100000002849158100,peripheral,0.580999,"Отправителей: 3, получателей: 1; переводов вход/выход: 3/3; недостаточно признаков роли. Достижим от 3 seed; переводов 6; входящий+исходящий объём 2,036,000 KZT."
259,100000002836736100,terminal,0.58082,"Входящих переводов: 2, отправителей: 2, исходящих: 0; колено 1; гипотеза конечного получателя. Достижим от 3 seed; переводов 2; входящий+исходящий объём 509,000 KZT."
260,100000003823811100,peripheral,0.580123,"Отправителей: 1, получателей: 3; переводов вход/выход: 1/3; недостаточно признаков роли. Достижим от 3 seed; переводов 4; входящий+исходящий объём 96,130 KZT."
261,100000008038077100,terminal,0.57981,"Входящих переводов: 2, отправителей: 1, исходящих: 0; колено 3; гипотеза конечного получателя. Достижим от 3 seed; переводов 2; входящий+исходящий объём 499,850 KZT."
262,100000003116106100,terminal,0.579137,"Входящих переводов: 2, отправителей: 1, исходящих: 0; колено 3; гипотеза конечного получателя. Достижим от 3 seed; переводов 2; входящий+исходящий объём 494,050 KZT."
263,100000008747113100,terminal,0.578782,"Входящих переводов: 2, отправителей: 2, исходящих: 0; колено 1; гипотеза конечного получателя. Достижим от 5 seed; переводов 2; входящий+исходящий объём 197,801 KZT."
264,100000003171006100,terminal,0.57824,"Входящих переводов: 2, отправителей: 2, исходящих: 0; колено 3; гипотеза конечного получателя. Достижим от 3 seed; переводов 2; входящий+исходящий объём 485,000 KZT."
265,100000008555918100,peripheral,0.577627,"Отправителей: 1, получателей: 2; переводов вход/выход: 1/2; недостаточно признаков роли. Достижим от 4 seed; переводов 3; входящий+исходящий объём 182,511 KZT."
266,100000005124479100,peripheral,0.577492,"Отправителей: 2, получателей: 2; переводов вход/выход: 2/2; недостаточно признаков роли. Достижим от 4 seed; переводов 4; входящий+исходящий объём 159,753 KZT."
267,100000008650785100,peripheral,0.577256,"Отправителей: 2, получателей: 2; переводов вход/выход: 2/2; недостаточно признаков роли; входящие seed неполны. Достижим от 4 seed; переводов 4; входящий+исходящий объём 212,120 KZT."
268,100000008708207100,terminal,0.577006,"Входящих переводов: 2, отправителей: 2, исходящих: 0; колено 3; гипотеза конечного получателя. Достижим от 3 seed; переводов 2; входящий+исходящий объём 465,000 KZT."
269,100000001141268100,peripheral,0.575677,"Отправителей: 2, получателей: 1; переводов вход/выход: 2/1; недостаточно признаков роли. Достижим от 3 seed; переводов 3; входящий+исходящий объём 490,000 KZT."
270,100000001689968100,terminal,0.575301,"Входящих переводов: 3, отправителей: 3, исходящих: 0; колено 3; гипотеза конечного получателя. Достижим от 3 seed; переводов 3; входящий+исходящий объём 344,334 KZT."
271,100000008556318100,terminal,0.575193,"Входящих переводов: 2, отправителей: 2, исходящих: 0; колено 1; гипотеза конечного получателя. Достижим от 5 seed; переводов 2; входящий+исходящий объём 180,132 KZT."
272,100000002670860100,terminal,0.575156,"Входящих переводов: 2, отправителей: 2, исходящих: 0; колено 1; гипотеза конечного получателя. Достижим от 3 seed; переводов 2; входящий+исходящий объём 450,000 KZT."
273,100000004877085100,peripheral,0.574691,"Отправителей: 1, получателей: 3; переводов вход/выход: 1/9; недостаточно признаков роли. Достижим от 3 seed; переводов 10; входящий+исходящий объём 120,600 KZT."
274,100000000596954100,peripheral,0.574599,"Отправителей: 1, получателей: 2; переводов вход/выход: 1/2; недостаточно признаков роли. Достижим от 4 seed; переводов 3; входящий+исходящий объём 168,100 KZT."
275,100000008566737100,terminal,0.574473,"Входящих переводов: 2, отправителей: 2, исходящих: 0; колено 1; гипотеза конечного получателя. Достижим от 4 seed; переводов 2; входящий+исходящий объём 230,000 KZT."
276,100000007864477100,peripheral,0.574132,"Отправителей: 2, получателей: 6; переводов вход/выход: 2/10; недостаточно признаков роли. Достижим от 2 seed; переводов 12; входящий+исходящий объём 279,500 KZT."
277,100000008748408100,distributor,0.574098,"Получателей: 21, отправителей: 1; признаки веерного распределения. Достижим от 1 seed; переводов 24; входящий+исходящий объём 1,859,960 KZT."
278,100000002593344100,terminal,0.573081,"Входящих переводов: 2, отправителей: 2, исходящих: 0; колено 3; гипотеза конечного получателя. Достижим от 3 seed; переводов 2; входящий+исходящий объём 431,000 KZT."
279,100000004889043100,terminal,0.572587,"Входящих переводов: 4, отправителей: 2, исходящих: 0; колено 3; гипотеза конечного получателя. Достижим от 3 seed; переводов 4; входящий+исходящий объём 272,000 KZT."
280,100000001222263100,peripheral,0.572475,"Отправителей: 1, получателей: 1; переводов вход/выход: 1/5; недостаточно признаков роли. Достижим от 3 seed; переводов 6; входящий+исходящий объём 1,165,570 KZT."
281,100000001924185100,terminal,0.572131,"Входящих переводов: 2, отправителей: 2, исходящих: 0; колено 1; гипотеза конечного получателя. Достижим от 8 seed; переводов 2; входящий+исходящий объём 151,000 KZT."
282,100000000910216100,peripheral,0.571991,"Отправителей: 1, получателей: 1; переводов вход/выход: 3/1; недостаточно признаков роли. Достижим от 2 seed; переводов 4; входящий+исходящий объём 123,010 KZT."
283,100000005610717100,peripheral,0.571556,"Отправителей: 4, получателей: 1; переводов вход/выход: 6/7; недостаточно признаков роли. Достижим от 3 seed; переводов 13; входящий+исходящий объём 749,700 KZT."
284,100000002565277100,terminal,0.571299,"Входящих переводов: 1, отправителей: 1, исходящих: 0; колено 1; гипотеза конечного получателя. Достижим от 4 seed; переводов 1; входящий+исходящий объём 483,319 KZT."
285,100000000607941100,peripheral,0.570733,"Отправителей: 2, получателей: 1; переводов вход/выход: 3/4; недостаточно признаков роли. Достижим от 3 seed; переводов 7; входящий+исходящий объём 120,000 KZT."
286,100000008561016100,transit,0.5705,"Отдал/получил в выборке: 1.03; временно сопоставлено за 48 ч: 44%; признаки транзита. Достижим от 1 seed; переводов 6; входящий+исходящий объём 365,000 KZT."
287,100000002983879100,terminal,0.56993,"Входящих переводов: 2, отправителей: 2, исходящих: 0; колено 2; гипотеза конечного получателя. Достижим от 4 seed; переводов 2; входящий+исходящий объём 200,050 KZT."
288,100000005660203100,peripheral,0.569806,"Отправителей: 1, получателей: 2; переводов вход/выход: 12/5; недостаточно признаков роли. Достижим от 3 seed; переводов 17; входящий+исходящий объём 613,899 KZT."
289,100000002773323100,peripheral,0.569536,"Отправителей: 2, получателей: 1; переводов вход/выход: 2/2; недостаточно признаков роли. Достижим от 3 seed; переводов 4; входящий+исходящий объём 1,456,644 KZT."
290,100000002156381100,peripheral,0.568823,"Отправителей: 2, получателей: 1; переводов вход/выход: 7/3; недостаточно признаков роли. Достижим от 4 seed; переводов 10; входящий+исходящий объём 82,800 KZT."
291,100000008137435100,peripheral,0.568443,"Отправителей: 2, получателей: 6; переводов вход/выход: 2/7; недостаточно признаков роли. Достижим от 1 seed; переводов 9; входящий+исходящий объём 1,513,606 KZT."
292,100000007617808100,terminal,0.568439,"Входящих переводов: 1, отправителей: 1, исходящих: 0; колено 2; гипотеза конечного получателя. Достижим от 4 seed; переводов 1; входящий+исходящий объём 450,000 KZT."
293,100000002548759100,terminal,0.567585,"Входящих переводов: 2, отправителей: 2, исходящих: 0; колено 3; гипотеза конечного получателя. Достижим от 3 seed; переводов 2; входящий+исходящий объём 375,000 KZT."
294,100000001411870100,terminal,0.567082,"Входящих переводов: 4, отправителей: 2, исходящих: 0; колено 1; гипотеза конечного получателя. Достижим от 2 seed; переводов 4; входящий+исходящий объём 900,000 KZT."
295,100000000810551100,peripheral,0.566696,"Отправителей: 1, получателей: 1; переводов вход/выход: 1/1; недостаточно признаков роли. Достижим от 4 seed; переводов 2; входящий+исходящий объём 107,100 KZT."
296,100000008244300100,consolidator,0.566685,"Отправителей: 5; наблюдаемая доля перевода дальше 0.0%; признаки консолидации. Достижим от 3 seed; переводов 6; входящий+исходящий объём 65,430 KZT."
297,100000004666651100,terminal,0.566027,"Входящих переводов: 1, отправителей: 1, исходящих: 0; колено 2; гипотеза конечного получателя. Достижим от 4 seed; переводов 1; входящий+исходящий объём 429,250 KZT."
298,100000002736316100,terminal,0.565992,"Входящих переводов: 3, отправителей: 3, исходящих: 0; колено 3; гипотеза конечного получателя. Достижим от 3 seed; переводов 3; входящий+исходящий объём 266,921 KZT."
299,100000001567366100,terminal,0.565344,"Входящих переводов: 4, отправителей: 1, исходящих: 0; колено 1; гипотеза конечного получателя. Достижим от 2 seed; переводов 4; входящий+исходящий объём 824,070 KZT."
300,100000003457710100,peripheral,0.565297,"Отправителей: 1, получателей: 1; переводов вход/выход: 1/2; недостаточно признаков роли. Достижим от 3 seed; переводов 3; входящий+исходящий объём 1,632,555 KZT."
301,100000001746925100,peripheral,0.564724,"Отправителей: 1, получателей: 1; переводов вход/выход: 1/1; недостаточно признаков роли. Достижим от 4 seed; переводов 2; входящий+исходящий объём 70,250 KZT."
302,100000001066017100,peripheral,0.564695,"Отправителей: 2, получателей: 4; переводов вход/выход: 3/4; недостаточно признаков роли. Достижим от 2 seed; переводов 7; входящий+исходящий объём 218,623 KZT."
303,100000005634552100,peripheral,0.564586,"Отправителей: 1, получателей: 3; переводов вход/выход: 1/4; недостаточно признаков роли. Достижим от 2 seed; переводов 5; входящий+исходящий объём 1,221,850 KZT."
304,100000004744306100,peripheral,0.564503,"Отправителей: 1, получателей: 2; переводов вход/выход: 1/3; недостаточно признаков роли. Достижим от 3 seed; переводов 4; входящий+исходящий объём 161,000 KZT."
305,100000002188829100,terminal,0.563784,"Входящих переводов: 1, отправителей: 1, исходящих: 0; колено 1; гипотеза конечного получателя. Достижим от 4 seed; переводов 1; входящий+исходящий объём 400,000 KZT."
306,100000004737477100,transit,0.563022,"Отдал/получил в выборке: 0.82; временно сопоставлено за 48 ч: 30%; признаки транзита. Достижим от 2 seed; переводов 6; входящий+исходящий объём 90,098 KZT."
307,100000007181706100,terminal,0.562865,"Входящих переводов: 2, отправителей: 2, исходящих: 0; колено 1; гипотеза конечного получателя. Достижим от 4 seed; переводов 2; входящий+исходящий объём 176,272 KZT."
308,100000008169544100,peripheral,0.562734,"Отправителей: 1, получателей: 4; переводов вход/выход: 2/7; недостаточно признаков роли. Достижим от 2 seed; переводов 9; входящий+исходящий объём 179,904 KZT."
309,100000007281639100,terminal,0.562717,"Входящих переводов: 4, отправителей: 2, исходящих: 0; колено 1; гипотеза конечного получателя. Достижим от 3 seed; переводов 4; входящий+исходящий объём 216,770 KZT."
310,100000005171642100,transit,0.561752,"Отдал/получил в выборке: 0.98; временно сопоставлено за 48 ч: 0%; признаки транзита. Достижим от 1 seed; переводов 9; входящий+исходящий объём 1,380,400 KZT."
311,100000003968044100,peripheral,0.560922,"Отправителей: 1, получателей: 3; переводов вход/выход: 1/4; недостаточно признаков роли. Достижим от 2 seed; переводов 5; входящий+исходящий объём 351,000 KZT."
312,100000000489417100,transit,0.560638,"Отдал/получил в выборке: 1.09; временно сопоставлено за 48 ч: 0%; признаки транзита. Достижим от 2 seed; переводов 4; входящий+исходящий объём 153,504 KZT."
313,100000008739887100,peripheral,0.560277,"Отправителей: 2, получателей: 2; переводов вход/выход: 3/2; недостаточно признаков роли. Достижим от 2 seed; переводов 5; входящий+исходящий объём 521,000 KZT."
314,100000003014659100,terminal,0.560242,"Входящих переводов: 1, отправителей: 1, исходящих: 0; колено 1; гипотеза конечного получателя. Достижим от 5 seed; переводов 1; входящий+исходящий объём 280,000 KZT."
315,100000005539910100,peripheral,0.559682,"Отправителей: 1, получателей: 2; переводов вход/выход: 1/2; недостаточно признаков роли. Достижим от 4 seed; переводов 3; входящий+исходящий объём 124,000 KZT."
316,100000008343874100,peripheral,0.559582,"Отправителей: 2, получателей: 2; переводов вход/выход: 2/5; недостаточно признаков роли. Достижим от 2 seed; переводов 7; входящий+исходящий объём 459,935 KZT."
317,100000003035737100,peripheral,0.55933,"Отправителей: 2, получателей: 1; переводов вход/выход: 3/1; недостаточно признаков роли. Достижим от 3 seed; переводов 4; входящий+исходящий объём 815,715 KZT."
318,100000002605548100,terminal,0.558755,"Входящих переводов: 2, отправителей: 2, исходящих: 0; колено 1; гипотеза конечного получателя. Достижим от 6 seed; переводов 2; входящий+исходящий объём 116,695 KZT."
319,100000002911170100,terminal,0.558612,"Входящих переводов: 2, отправителей: 1, исходящих: 0; колено 2; гипотеза конечного получателя. Достижим от 3 seed; переводов 2; входящий+исходящий объём 300,000 KZT."
320,100000003831324100,terminal,0.558612,"Входящих переводов: 2, отправителей: 2, исходящих: 0; колено 1; гипотеза конечного получателя. Достижим от 3 seed; переводов 2; входящий+исходящий объём 300,000 KZT."
321,100000003131693100,terminal,0.558513,"Входящих переводов: 1, отправителей: 1, исходящих: 0; колено 1; гипотеза конечного получателя. Достижим от 4 seed; переводов 1; входящий+исходящий объём 353,277 KZT."
322,100000002753146100,terminal,0.5583,"Входящих переводов: 3, отправителей: 1, исходящих: 0; колено 3; гипотеза конечного получателя. Достижим от 2 seed; переводов 3; входящий+исходящий объём 803,540 KZT."
323,100000002748761100,terminal,0.557964,"Входящих переводов: 3, отправителей: 1, исходящих: 0; колено 3; гипотеза конечного получателя. Достижим от 2 seed; переводов 3; входящий+исходящий объём 796,800 KZT."
324,100000003097324100,terminal,0.557603,"Входящих переводов: 2, отправителей: 2, исходящих: 0; колено 3; гипотеза конечного получателя. Достижим от 3 seed; переводов 2; входящий+исходящий объём 294,000 KZT."
325,100000002956898100,terminal,0.557266,"Входящих переводов: 2, отправителей: 2, исходящих: 0; колено 2; гипотеза конечного получателя. Достижим от 3 seed; переводов 2; входящий+исходящий объём 290,240 KZT."
326,100000004948177100,terminal,0.556102,"Входящих переводов: 8, отправителей: 3, исходящих: 0; колено 1; гипотеза конечного получателя. Достижим от 2 seed; переводов 8; входящий+исходящий объём 437,163 KZT."
327,100000001538095100,terminal,0.555528,"Входящих переводов: 2, отправителей: 2, исходящих: 0; колено 3; гипотеза конечного получателя. Достижим от 3 seed; переводов 2; входящий+исходящий объём 280,000 KZT."
328,100000001162560100,distributor,0.555162,"Получателей: 12, отправителей: 1; признаки веерного распределения. Достижим от 1 seed; переводов 16; входящий+исходящий объём 3,235,698 KZT."
329,100000001609499100,peripheral,0.554429,"Отправителей: 3, получателей: 2; переводов вход/выход: 3/2; недостаточно признаков роли. Достижим от 2 seed; переводов 5; входящий+исходящий объём 284,113 KZT."
330,100000002963189100,peripheral,0.554001,"Отправителей: 1, получателей: 7; переводов вход/выход: 3/15; недостаточно признаков роли. Достижим от 1 seed; переводов 18; входящий+исходящий объём 5,709,000 KZT."
331,100000002692750100,peripheral,0.553963,"Отправителей: 3, получателей: 1; переводов вход/выход: 3/8; недостаточно признаков роли. Достижим от 3 seed; переводов 11; входящий+исходящий объём 189,830 KZT."
332,100000007382543100,peripheral,0.553914,"Отправителей: 3, получателей: 5; переводов вход/выход: 3/8; недостаточно признаков роли. Достижим от 1 seed; переводов 11; входящий+исходящий объём 645,000 KZT."
333,100000002822472100,terminal,0.55379,"Входящих переводов: 2, отправителей: 2, исходящих: 0; колено 3; гипотеза конечного получателя. Достижим от 3 seed; переводов 2; входящий+исходящий объём 266,722 KZT."
334,100000005409156100,terminal,0.553117,"Входящих переводов: 2, отправителей: 2, исходящих: 0; колено 3; гипотеза конечного получателя. Достижим от 3 seed; переводов 2; входящий+исходящий объём 260,080 KZT."
335,100000002645993100,peripheral,0.553025,"Отправителей: 2, получателей: 5; переводов вход/выход: 4/9; недостаточно признаков роли. Достижим от 2 seed; переводов 13; входящий+исходящий объём 136,630 KZT."
336,100000004226848100,terminal,0.552905,"Входящих переводов: 1, отправителей: 1, исходящих: 0; колено 1; гипотеза конечного получателя. Достижим от 4 seed; переводов 1; входящий+исходящий объём 301,866 KZT."
337,100000007898453100,peripheral,0.552501,"Отправителей: 1, получателей: 2; переводов вход/выход: 1/2; недостаточно признаков роли. Достижим от 4 seed; переводов 3; входящий+исходящий объём 344,750 KZT."
338,100000002596035100,terminal,0.552223,"Входящих переводов: 1, отправителей: 1, исходящих: 0; колено 1; гипотеза конечного получателя. Достижим от 5 seed; переводов 1; входящий+исходящий объём 231,570 KZT."
339,100000002481974100,peripheral,0.552112,"Отправителей: 2, получателей: 2; переводов вход/выход: 2/4; недостаточно признаков роли. Достижим от 2 seed; переводов 6; входящий+исходящий объём 407,447 KZT."
340,100000003254277100,transit,0.55149,"Отдал/получил в выборке: 0.91; временно сопоставлено за 48 ч: 0%; признаки транзита. Достижим от 2 seed; переводов 2; входящий+исходящий объём 94,197 KZT."
341,100000002679516100,terminal,0.550168,"Входящих переводов: 3, отправителей: 3, исходящих: 0; колено 1; гипотеза конечного получателя. Достижим от 4 seed; переводов 3; входящий+исходящий объём 102,335 KZT."
342,100000000673868100,peripheral,0.549802,"Отправителей: 1, получателей: 5; переводов вход/выход: 5/19; недостаточно признаков роли. Достижим от 1 seed; переводов 24; входящий+исходящий объём 2,413,650 KZT."
343,100000005942793100,consolidator,0.549547,"Отправителей: 4; наблюдаемая доля перевода дальше 0.0%; признаки консолидации. Достижим от 3 seed; переводов 4; входящий+исходящий объём 55,000 KZT."
344,100000002459832100,terminal,0.548678,"Входящих переводов: 2, отправителей: 2, исходящих: 0; колено 3; гипотеза конечного получателя. Достижим от 2 seed; переводов 2; входящий+исходящий объём 880,606 KZT."
345,100000008730371100,terminal,0.548543,"Входящих переводов: 3, отправителей: 2, исходящих: 0; колено 3; гипотеза конечного получателя. Достижим от 2 seed; переводов 3; входящий+исходящий объём 520,000 KZT."
346,100000002632742100,terminal,0.548406,"Входящих переводов: 2, отправителей: 2, исходящих: 0; колено 3; гипотеза конечного получателя. Достижим от 3 seed; переводов 2; входящий+исходящий объём 235,500 KZT."
347,100000002826669100,terminal,0.548304,"Входящих переводов: 4, отправителей: 1, исходящих: 0; колено 2; гипотеза конечного получателя. Достижим от 3 seed; переводов 4; входящий+исходящий объём 159,900 KZT."
348,100000008603331100,peripheral,0.548159,"Отправителей: 2, получателей: 6; переводов вход/выход: 3/6; недостаточно признаков роли. Достижим от 1 seed; переводов 9; входящий+исходящий объём 781,274 KZT."
349,100000004160650100,distributor,0.547608,"Получателей: 10, отправителей: 2; признаки веерного распределения. Достижим от 1 seed; переводов 44; входящий+исходящий объём 1,564,927 KZT."
350,100000004004621100,terminal,0.547082,"Входящих переводов: 3, отправителей: 3, исходящих: 0; колено 1; гипотеза конечного получателя. Достижим от 7 seed; переводов 3; входящий+исходящий объём 75,389 KZT."
351,100000001287955100,peripheral,0.547037,"Отправителей: 1, получателей: 4; переводов вход/выход: 1/5; недостаточно признаков роли. Достижим от 1 seed; переводов 6; входящий+исходящий объём 327,520 KZT."
352,100000003221384100,terminal,0.546858,"Входящих переводов: 1, отправителей: 1, исходящих: 0; колено 2; гипотеза конечного получателя. Достижим от 3 seed; переводов 1; входящий+исходящий объём 511,200 KZT."
353,100000004420041100,peripheral,0.546303,"Отправителей: 1, получателей: 7; переводов вход/выход: 1/11; недостаточно признаков роли. Достижим от 1 seed; переводов 12; входящий+исходящий объём 721,468 KZT."
354,100000002722108100,terminal,0.54621,"Входящих переводов: 2, отправителей: 1, исходящих: 0; колено 3; гипотеза конечного получателя. Достижим от 2 seed; переводов 2; входящий+исходящий объём 800,000 KZT."
355,100000003105929100,peripheral,0.546118,"Отправителей: 1, получателей: 1; переводов вход/выход: 2/1; недостаточно признаков роли. Достижим от 3 seed; переводов 3; входящий+исходящий объём 585,921 KZT."
356,100000002936322100,terminal,0.545986,"Входящих переводов: 2, отправителей: 2, исходящих: 0; колено 3; гипотеза конечного получателя. Достижим от 2 seed; переводов 2; входящий+исходящий объём 787,133 KZT."
357,100000001904863100,terminal,0.545961,"Входящих переводов: 1, отправителей: 1, исходящих: 0; колено 2; гипотеза конечного получателя. Достижим от 3 seed; переводов 1; входящий+исходящий объём 500,000 KZT."
358,100000002941114100,peripheral,0.545763,"Отправителей: 2, получателей: 1; переводов вход/выход: 15/1; недостаточно признаков роли. Достижим от 5 seed; переводов 16; входящий+исходящий объём 143,510 KZT."
359,100000002720627100,terminal,0.545157,"Входящих переводов: 1, отправителей: 1, исходящих: 0; колено 1; гипотеза конечного получателя. Достижим от 5 seed; переводов 1; входящий+исходящий объём 199,300 KZT."
360,100000004674799100,terminal,0.544211,"Входящих переводов: 5, отправителей: 1, исходящих: 0; колено 2; гипотеза конечного получателя. Достижим от 3 seed; переводов 5; входящий+исходящий объём 140,000 KZT."
361,100000001140785100,terminal,0.544144,"Входящих переводов: 2, отправителей: 2, исходящих: 0; колено 3; гипотеза конечного получателя. Достижим от 3 seed; переводов 2; входящий+исходящий объём 215,000 KZT."
362,100000002712416100,terminal,0.54391,"Входящих переводов: 2, отправителей: 2, исходящих: 0; колено 3; гипотеза конечного получателя. Достижим от 4 seed; переводов 2; входящий+исходящий объём 116,800 KZT."
363,100000007511163100,peripheral,0.543426,"Отправителей: 2, получателей: 3; переводов вход/выход: 2/3; недостаточно признаков роли. Достижим от 2 seed; переводов 5; входящий+исходящий объём 145,718 KZT."
364,100000004336312100,transit,0.543072,"Отдал/получил в выборке: 0.80; временно сопоставлено за 48 ч: 23%; признаки транзита. Достижим от 1 seed; переводов 10; входящий+исходящий объём 163,065 KZT."
365,100000002973903100,terminal,0.542653,"Входящих переводов: 3, отправителей: 3, исходящих: 0; колено 1; гипотеза конечного получателя. Достижим от 4 seed; переводов 3; входящий+исходящий объём 92,880 KZT."
366,100000001184915100,terminal,0.542462,"Входящих переводов: 2, отправителей: 1, исходящих: 0; колено 2; гипотеза конечного получателя. Достижим от 3 seed; переводов 2; входящий+исходящий объём 201,000 KZT."
367,100000002760175100,terminal,0.542129,"Входящих переводов: 1, отправителей: 1, исходящих: 0; колено 1; гипотеза конечного получателя. Достижим от 5 seed; переводов 1; входящий+исходящий объём 187,410 KZT."
368,100000002921047100,peripheral,0.54208,"Отправителей: 2, получателей: 1; переводов вход/выход: 2/1; недостаточно признаков роли. Достижим от 3 seed; переводов 3; входящий+исходящий объём 501,000 KZT."
369,100000007131370100,transit,0.542008,"Отдал/получил в выборке: 1.00; временно сопоставлено за 48 ч: 0%; признаки транзита. Достижим от 3 seed; переводов 2; входящий+исходящий объём 60,000 KZT."
370,100000004717647100,peripheral,0.54164,"Отправителей: 1, получателей: 5; переводов вход/выход: 2/10; недостаточно признаков роли. Достижим от 1 seed; переводов 12; входящий+исходящий объём 2,540,000 KZT."
371,100000008532050100,terminal,0.541475,"Входящих переводов: 1, отправителей: 1, исходящих: 0; колено 3; гипотеза конечного получателя. Достижим от 3 seed; переводов 1; входящий+исходящий объём 455,156 KZT."
372,100000003360542100,peripheral,0.540305,"Отправителей: 2, получателей: 2; переводов вход/выход: 3/5; недостаточно признаков роли. Достижим от 9 seed; переводов 8; входящий+исходящий объём 368,800 KZT."
373,100000001427082100,peripheral,0.539235,"Отправителей: 1, получателей: 5; переводов вход/выход: 1/6; недостаточно признаков роли. Достижим от 2 seed; переводов 7; входящий+исходящий объём 129,900 KZT."
374,100000008175078100,peripheral,0.538985,"Граница 4-го колена: исходящие не наблюдаются; роль не определена. Достижим от 3 seed; переводов 15; входящий+исходящий объём 1,846,711 KZT."
375,100000003873332100,peripheral,0.537994,"Отправителей: 1, получателей: 4; переводов вход/выход: 1/8; недостаточно признаков роли. Достижим от 1 seed; переводов 9; входящий+исходящий объём 309,468 KZT."
376,100000005386383100,peripheral,0.537862,"Отправителей: 2, получателей: 1; переводов вход/выход: 2/1; недостаточно признаков роли; входящие seed неполны. Достижим от 4 seed; переводов 3; входящий+исходящий объём 66,500 KZT."
377,100000000640800100,peripheral,0.537457,"Отправителей: 1, получателей: 4; переводов вход/выход: 1/6; недостаточно признаков роли. Достижим от 1 seed; переводов 7; входящий+исходящий объём 598,135 KZT."
378,100000008389800100,peripheral,0.537356,"Отправителей: 3, получателей: 7; переводов вход/выход: 3/8; недостаточно признаков роли. Достижим от 1 seed; переводов 11; входящий+исходящий объём 590,620 KZT."
379,100000004544958100,peripheral,0.537337,"Отправителей: 1, получателей: 2; переводов вход/выход: 3/2; недостаточно признаков роли. Достижим от 4 seed; переводов 5; входящий+исходящий объём 191,200 KZT."
380,100000002527114100,distributor,0.536254,"Получателей: 111, отправителей: 3; признаки веерного распределения; входящие seed неполны. Достижим от 0 seed; переводов 117; входящий+исходящий объём 3,418,249 KZT."
381,100000000821507100,terminal,0.536203,"Входящих переводов: 1, отправителей: 1, исходящих: 0; колено 2; гипотеза конечного получателя. Достижим от 3 seed; переводов 1; входящий+исходящий объём 400,000 KZT."
382,100000003321423100,terminal,0.536115,"Входящих переводов: 2, отправителей: 1, исходящих: 0; колено 2; гипотеза конечного получателя. Достижим от 4 seed; переводов 2; входящий+исходящий объём 100,000 KZT."
383,100000007747786100,distributor,0.535963,"Получателей: 31, отправителей: 0; признаки веерного распределения; входящие seed неполны. Достижим от 0 seed; переводов 35; входящий+исходящий объём 4,238,009 KZT."
384,100000007629096100,peripheral,0.535238,"Отправителей: 4, получателей: 1; переводов вход/выход: 5/5; недостаточно признаков роли. Достижим от 3 seed; переводов 10; входящий+исходящий объём 1,840,375 KZT."
385,100000004559194100,terminal,0.535196,"Входящих переводов: 6, отправителей: 1, исходящих: 0; колено 1; гипотеза конечного получателя. Достижим от 2 seed; переводов 6; входящий+исходящий объём 282,145 KZT."
386,100000001009583100,terminal,0.535082,"Входящих переводов: 1, отправителей: 1, исходящих: 0; колено 3; гипотеза конечного получателя. Достижим от 3 seed; переводов 1; входящий+исходящий объём 393,740 KZT."
387,100000004664905100,terminal,0.535061,"Входящих переводов: 4, отправителей: 2, исходящих: 0; колено 1; гипотеза конечного получателя. Достижим от 2 seed; переводов 4; входящий+исходящий объём 329,020 KZT."
388,100000001680944100,terminal,0.534857,"Входящих переводов: 1, отправителей: 1, исходящих: 0; колено 3; гипотеза конечного получателя. Достижим от 3 seed; переводов 1; входящий+исходящий объём 393,000 KZT."
389,100000002469065100,terminal,0.534791,"Входящих переводов: 1, отправителей: 1, исходящих: 0; колено 2; гипотеза конечного получателя. Достижим от 4 seed; переводов 1; входящий+исходящий объём 200,000 KZT."
390,100000004905207100,terminal,0.534016,"Входящих переводов: 1, отправителей: 1, исходящих: 0; колено 2; гипотеза конечного получателя. Достижим от 3 seed; переводов 1; входящий+исходящий объём 380,000 KZT."
391,100000000706545100,peripheral,0.533986,"Отправителей: 3, получателей: 1; переводов вход/выход: 8/3; недостаточно признаков роли. Достижим от 2 seed; переводов 11; входящий+исходящий объём 1,146,100 KZT."
392,100000005264990100,peripheral,0.533957,"Отправителей: 1, получателей: 2; переводов вход/выход: 1/2; недостаточно признаков роли; входящие seed неполны. Достижим от 2 seed; переводов 3; входящий+исходящий объём 139,070 KZT."
393,100000001887715100,peripheral,0.533917,"Отправителей: 3, получателей: 1; переводов вход/выход: 4/1; недостаточно признаков роли. Достижим от 2 seed; переводов 5; входящий+исходящий объём 2,081,500 KZT."
394,100000001053894100,peripheral,0.533355,"Граница 4-го колена: исходящие не наблюдаются; роль не определена. Достижим от 3 seed; переводов 7; входящий+исходящий объём 2,000,000 KZT."
395,100000004114962100,terminal,0.532199,"Входящих переводов: 2, отправителей: 2, исходящих: 0; колено 3; гипотеза конечного получателя. Достижим от 3 seed; переводов 2; входящий+исходящий объём 165,000 KZT."
396,100000002575080100,transit,0.532111,"Отдал/получил в выборке: 0.96; временно сопоставлено за 48 ч: 0%; признаки транзита. Достижим от 3 seed; переводов 2; входящий+исходящий объём 25,500 KZT."
397,100000005523088100,peripheral,0.532008,"Отправителей: 1, получателей: 0; переводов вход/выход: 2/0; недостаточно признаков роли; входящие seed неполны. Достижим от 7 seed; переводов 2; входящий+исходящий объём 700,000 KZT."
398,100000005481280100,peripheral,0.531991,"Отправителей: 1, получателей: 3; переводов вход/выход: 1/3; недостаточно признаков роли. Достижим от 3 seed; переводов 4; входящий+исходящий объём 82,700 KZT."
399,100000007334196100,terminal,0.53181,"Входящих переводов: 1, отправителей: 1, исходящих: 0; колено 1; гипотеза конечного получателя. Достижим от 5 seed; переводов 1; входящий+исходящий объём 150,002 KZT."
400,100000008121806100,peripheral,0.531546,"Отправителей: 1, получателей: 4; переводов вход/выход: 1/6; недостаточно признаков роли. Достижим от 1 seed; переводов 7; входящий+исходящий объём 315,509 KZT."
401,100000005375968100,peripheral,0.531004,"Отправителей: 1, получателей: 2; переводов вход/выход: 1/4; недостаточно признаков роли. Достижим от 2 seed; переводов 5; входящий+исходящий объём 256,082 KZT."
402,100000008295429100,terminal,0.53082,"Входящих переводов: 1, отправителей: 1, исходящих: 0; колено 3; гипотеза конечного получателя. Достижим от 3 seed; переводов 1; входящий+исходящий объём 352,000 KZT."
403,100000002454724100,terminal,0.530718,"Входящих переводов: 3, отправителей: 1, исходящих: 0; колено 2; гипотеза конечного получателя. Достижим от 3 seed; переводов 3; входящий+исходящий объём 125,000 KZT."
404,100000007390016100,peripheral,0.530079,"Отправителей: 1, получателей: 1; переводов вход/выход: 13/14; недостаточно признаков роли. Достижим от 3 seed; переводов 27; входящий+исходящий объём 857,500 KZT."
405,100000003286537100,terminal,0.528274,"Входящих переводов: 2, отправителей: 2, исходящих: 0; колено 3; гипотеза конечного получателя. Достижим от 3 seed; переводов 2; входящий+исходящий объём 153,000 KZT."
406,100000004722765100,peripheral,0.528086,"Отправителей: 1, получателей: 3; переводов вход/выход: 1/9; недостаточно признаков роли. Достижим от 1 seed; переводов 10; входящий+исходящий объём 2,514,500 KZT."
407,100000002121357100,peripheral,0.528061,"Отправителей: 2, получателей: 1; переводов вход/выход: 2/1; недостаточно признаков роли. Достижим от 3 seed; переводов 3; входящий+исходящий объём 368,300 KZT."
408,100000000795129100,terminal,0.528016,"Входящих переводов: 1, отправителей: 1, исходящих: 0; колено 2; гипотеза конечного получателя. Достижим от 3 seed; переводов 1; входящий+исходящий объём 332,000 KZT."
409,100000004135268100,transit,0.527563,"Отдал/получил в выборке: 0.81; временно сопоставлено за 48 ч: 30%; признаки транзита. Достижим от 1 seed; переводов 7; входящий+исходящий объём 2,239,200 KZT."
410,100000002592567100,peripheral,0.526995,"Отправителей: 1, получателей: 2; переводов вход/выход: 1/2; недостаточно признаков роли. Достижим от 2 seed; переводов 3; входящий+исходящий объём 53,897 KZT."
411,100000003031633100,terminal,0.526919,"Входящих переводов: 2, отправителей: 1, исходящих: 0; колено 3; гипотеза конечного получателя. Достижим от 2 seed; переводов 2; входящий+исходящий объём 414,000 KZT."
412,100000004388353100,terminal,0.526565,"Входящих переводов: 2, отправителей: 2, исходящих: 0; колено 1; гипотеза конечного получателя. Достижим от 6 seed; переводов 2; входящий+исходящий объём 62,960 KZT."
413,100000001637376100,peripheral,0.526266,"Отправителей: 1, получателей: 1; переводов вход/выход: 1/2; недостаточно признаков роли. Достижим от 3 seed; переводов 3; входящий+исходящий объём 350,950 KZT."
414,100000002621949100,terminal,0.52509,"Входящих переводов: 1, отправителей: 1, исходящих: 0; колено 1; гипотеза конечного получателя. Достижим от 4 seed; переводов 1; входящий+исходящий объём 164,612 KZT."
415,100000008314203100,peripheral,0.524898,"Отправителей: 2, получателей: 2; переводов вход/выход: 10/13; недостаточно признаков роли; входящие seed неполны. Достижим от 3 seed; переводов 23; входящий+исходящий объём 709,076 KZT."
416,100000001929088100,terminal,0.524676,"Входящих переводов: 2, отправителей: 2, исходящих: 0; колено 1; гипотеза конечного получателя. Достижим от 2 seed; переводов 2; входящий+исходящий объём 396,010 KZT."
417,100000002556775100,terminal,0.524314,"Входящих переводов: 1, отправителей: 1, исходящих: 0; колено 3; гипотеза конечного получателя. Достижим от 3 seed; переводов 1; входящий+исходящий объём 300,000 KZT."
418,100000006530134100,terminal,0.52418,"Входящих переводов: 2, отправителей: 2, исходящих: 0; колено 3; гипотеза конечного получателя. Достижим от 3 seed; переводов 2; входящий+исходящий объём 144,663 KZT."
419,100000003068941100,peripheral,0.523949,"Отправителей: 3, получателей: 1; переводов вход/выход: 3/2; недостаточно признаков роли. Достижим от 3 seed; переводов 5; входящий+исходящий объём 119,000 KZT."
420,100000000041368100,terminal,0.523856,"Входящих переводов: 1, отправителей: 1, исходящих: 0; колено 1; гипотеза конечного получателя. Достижим от 4 seed; переводов 1; входящий+исходящий объём 160,000 KZT."
421,100000001102676100,transit,0.523606,"Отдал/получил в выборке: 1.00; временно сопоставлено за 48 ч: 0%; признаки транзита. Достижим от 2 seed; переводов 2; входящий+исходящий объём 100,000 KZT."
422,100000003042994100,terminal,0.523419,"Входящих переводов: 3, отправителей: 1, исходящих: 0; колено 1; гипотеза конечного получателя. Достижим от 2 seed; переводов 3; входящий+исходящий объём 286,086 KZT."
423,100000001279272100,peripheral,0.523338,"Отправителей: 1, получателей: 2; переводов вход/выход: 1/2; недостаточно признаков роли. Достижим от 1 seed; переводов 3; входящий+исходящий объём 386,758 KZT."
424,100000004790991100,terminal,0.522612,"Входящих переводов: 4, отправителей: 1, исходящих: 0; колено 1; гипотеза конечного получателя. Достижим от 2 seed; переводов 4; входящий+исходящий объём 239,413 KZT."
425,100000004756901100,terminal,0.521725,"Входящих переводов: 1, отправителей: 1, исходящих: 0; колено 2; гипотеза конечного получателя. Достижим от 4 seed; переводов 1; входящий+исходящий объём 153,248 KZT."
426,100000003154105100,peripheral,0.521485,"Отправителей: 1, получателей: 7; переводов вход/выход: 1/9; недостаточно признаков роли. Достижим от 1 seed; переводов 10; входящий+исходящий объём 398,000 KZT."
427,100000006446271100,terminal,0.521198,"Входящих переводов: 2, отправителей: 2, исходящих: 0; колено 1; гипотеза конечного получателя. Достижим от 4 seed; переводов 2; входящий+исходящий объём 80,000 KZT."
428,100000000201868100,transit,0.520973,"Отдал/получил в выборке: 1.00; временно сопоставлено за 48 ч: 100%; признаки транзита. Достижим от 1 seed; переводов 2; входящий+исходящий объём 380,000 KZT."
429,100000004076740100,peripheral,0.520565,"Отправителей: 3, получателей: 6; переводов вход/выход: 5/10; недостаточно признаков роли. Достижим от 1 seed; переводов 15; входящий+исходящий объём 218,250 KZT."
430,100000001052945100,peripheral,0.519809,"Отправителей: 1, получателей: 3; переводов вход/выход: 1/6; недостаточно признаков роли. Достижим от 1 seed; переводов 7; входящий+исходящий объём 1,652,220 KZT."
431,100000002748180100,distributor,0.519509,"Получателей: 8, отправителей: 1; признаки веерного распределения. Достижим от 1 seed; переводов 10; входящий+исходящий объём 689,643 KZT."
432,100000003001661100,peripheral,0.519427,"Отправителей: 1, получателей: 5; переводов вход/выход: 1/8; недостаточно признаков роли. Достижим от 1 seed; переводов 9; входящий+исходящий объём 549,500 KZT."
433,100000008671929100,terminal,0.518899,"Входящих переводов: 2, отправителей: 1, исходящих: 0; колено 1; гипотеза конечного получателя. Достижим от 4 seed; переводов 2; входящий+исходящий объём 75,000 KZT."
434,100000008680731100,distributor,0.518644,"Получателей: 27, отправителей: 0; признаки веерного распределения; входящие seed неполны. Достижим от 0 seed; переводов 28; входящий+исходящий объём 1,464,354 KZT."
435,100000002531406100,transit,0.518411,"Отдал/получил в выборке: 0.96; временно сопоставлено за 48 ч: 0%; признаки транзита. Достижим от 1 seed; переводов 2; входящий+исходящий объём 1,020,000 KZT."
436,100000004183610100,peripheral,0.517655,"Отправителей: 1, получателей: 1; переводов вход/выход: 1/3; недостаточно признаков роли. Достижим от 2 seed; переводов 4; входящий+исходящий объём 937,000 KZT."
437,100000004917367100,terminal,0.517619,"Входящих переводов: 2, отправителей: 2, исходящих: 0; колено 3; гипотеза конечного получателя. Достижим от 3 seed; переводов 2; входящий+исходящий объём 120,000 KZT."
438,100000001714413100,terminal,0.517585,"Входящих переводов: 1, отправителей: 1, исходящих: 0; колено 3; гипотеза конечного получателя. Достижим от 3 seed; переводов 1; входящий+исходящий объём 250,172 KZT."
439,100000008223756100,terminal,0.517273,"Входящих переводов: 2, отправителей: 2, исходящих: 0; колено 3; гипотеза конечного получателя. Достижим от 2 seed; переводов 2; входящий+исходящий объём 331,682 KZT."
440,100000001384826100,peripheral,0.51698,"Отправителей: 1, получателей: 1; переводов вход/выход: 1/1; недостаточно признаков роли. Достижим от 3 seed; переводов 2; входящий+исходящий объём 374,260 KZT."
441,100000008232832100,peripheral,0.516958,"Отправителей: 1, получателей: 1; переводов вход/выход: 2/1; недостаточно признаков роли. Достижим от 4 seed; переводов 3; входящий+исходящий объём 475,000 KZT."
442,100000003062895100,terminal,0.516937,"Входящих переводов: 2, отправителей: 2, исходящих: 0; колено 2; гипотеза конечного получателя. Достижим от 2 seed; переводов 2; входящий+исходящий объём 328,444 KZT."
443,100000008659950100,terminal,0.516688,"Входящих переводов: 1, отправителей: 1, исходящих: 0; колено 3; гипотеза конечного получателя. Достижим от 3 seed; переводов 1; входящий+исходящий объём 246,000 KZT."
444,100000000583220100,peripheral,0.516533,"Отправителей: 1, получателей: 1; переводов вход/выход: 1/4; недостаточно признаков роли. Достижим от 2 seed; переводов 5; входящий+исходящий объём 766,255 KZT."
445,100000003149149100,terminal,0.516351,"Входящих переводов: 1, отправителей: 1, исходящих: 0; колено 3; гипотеза конечного получателя. Достижим от 3 seed; переводов 1; входящий+исходящий объём 245,000 KZT."
446,100000008759857100,peripheral,0.515919,"Отправителей: 1, получателей: 2; переводов вход/выход: 1/3; недостаточно признаков роли. Достижим от 3 seed; переводов 4; входящий+исходящий объём 999,000 KZT."
447,100000004017410100,peripheral,0.515588,"Отправителей: 2, получателей: 5; переводов вход/выход: 6/11; недостаточно признаков роли. Достижим от 1 seed; переводов 17; входящий+исходящий объём 1,524,565 KZT."
448,100000005505655100,peripheral,0.515474,"Отправителей: 2, получателей: 1; переводов вход/выход: 2/1; недостаточно признаков роли. Достижим от 2 seed; переводов 3; входящий+исходящий объём 53,070 KZT."
449,100000003205210100,terminal,0.514995,"Входящих переводов: 1, отправителей: 1, исходящих: 0; колено 1; гипотеза конечного получателя. Достижим от 4 seed; переводов 1; входящий+исходящий объём 137,563 KZT."
450,100000004424023100,peripheral,0.51483,"Отправителей: 1, получателей: 1; переводов вход/выход: 1/1; недостаточно признаков роли. Достижим от 5 seed; переводов 2; входящий+исходящий объём 150,000 KZT."
451,100000002864256100,terminal,0.514659,"Входящих переводов: 1, отправителей: 1, исходящих: 0; колено 1; гипотеза конечного получателя. Достижим от 4 seed; переводов 1; входящий+исходящий объём 135,780 KZT."
452,100000000913911100,peripheral,0.513976,"Отправителей: 2, получателей: 1; переводов вход/выход: 2/1; недостаточно признаков роли. Достижим от 2 seed; переводов 3; входящий+исходящий объём 1,067,000 KZT."
453,100000008576243100,terminal,0.513928,"Входящих переводов: 4, отправителей: 2, исходящих: 0; колено 3; гипотеза конечного получателя. Достижим от 3 seed; переводов 4; входящий+исходящий объём 82,920 KZT."
454,100000004676985100,transit,0.513598,"Отдал/получил в выборке: 0.84; временно сопоставлено за 48 ч: 0%; признаки транзита. Достижим от 2 seed; переводов 2; входящий+исходящий объём 59,362 KZT."
455,100000006564102100,terminal,0.513547,"Входящих переводов: 1, отправителей: 1, исходящих: 0; колено 2; гипотеза конечного получателя. Достижим от 3 seed; переводов 1; входящий+исходящий объём 233,235 KZT."
456,100000000941942100,terminal,0.513369,"Входящих переводов: 1, отправителей: 1, исходящих: 0; колено 1; гипотеза конечного получателя. Достижим от 4 seed; переводов 1; входящий+исходящий объём 130,000 KZT."
457,100000002781227100,transit,0.512848,"Отдал/получил в выборке: 1.11; временно сопоставлено за 48 ч: 22%; признаки транзита. Достижим от 1 seed; переводов 18; входящий+исходящий объём 403,588 KZT."
458,100000005133757100,terminal,0.512842,"Входящих переводов: 2, отправителей: 2, исходящих: 0; колено 1; гипотеза конечного получателя. Достижим от 4 seed; переводов 2; входящий+исходящий объём 65,000 KZT."
459,100000003050771100,terminal,0.512313,"Входящих переводов: 1, отправителей: 1, исходящих: 0; колено 3; гипотеза конечного получателя. Достижим от 3 seed; переводов 1; входящий+исходящий объём 229,000 KZT."
460,100000003022835100,terminal,0.512135,"Входящих переводов: 1, отправителей: 1, исходящих: 0; колено 1; гипотеза конечного получателя. Достижим от 4 seed; переводов 1; входящий+исходящий объём 125,000 KZT."
461,100000008501413100,transit,0.511859,"Отдал/получил в выборке: 1.02; временно сопоставлено за 48 ч: 100%; признаки транзита. Достижим от 2 seed; переводов 2; входящий+исходящий объём 10,100 KZT."
462,100000005897462100,terminal,0.511622,"Входящих переводов: 1, отправителей: 1, исходящих: 0; колено 1; гипотеза конечного получателя. Достижим от 5 seed; переводов 1; входящий+исходящий объём 98,400 KZT."
463,100000000979923100,terminal,0.511397,"Входящих переводов: 1, отправителей: 1, исходящих: 0; колено 1; гипотеза конечного получателя. Достижим от 5 seed; переводов 1; входящий+исходящий объём 97,900 KZT."
464,100000004662806100,peripheral,0.511376,"Отправителей: 2, получателей: 2; переводов вход/выход: 2/3; недостаточно признаков роли. Достижим от 2 seed; переводов 5; входящий+исходящий объём 166,485 KZT."
465,100000008472324100,terminal,0.508837,"Входящих переводов: 1, отправителей: 1, исходящих: 0; колено 3; гипотеза конечного получателя. Достижим от 3 seed; переводов 1; входящий+исходящий объём 205,200 KZT."
466,100000002755292100,terminal,0.5085,"Входящих переводов: 1, отправителей: 1, исходящих: 0; колено 3; гипотеза конечного получателя. Достижим от 3 seed; переводов 1; входящий+исходящий объём 203,400 KZT."
467,100000006445501100,terminal,0.50736,"Входящих переводов: 1, отправителей: 1, исходящих: 0; колено 1; гипотеза конечного получателя. Достижим от 5 seed; переводов 1; входящий+исходящий объём 91,000 KZT."
468,100000001987030100,peripheral,0.507352,"Отправителей: 2, получателей: 1; переводов вход/выход: 2/1; недостаточно признаков роли. Достижим от 3 seed; переводов 3; входящий+исходящий объём 49,864 KZT."
469,100000002224132100,peripheral,0.507269,"Отправителей: 5, получателей: 4; переводов вход/выход: 10/25; недостаточно признаков роли. Достижим от 2 seed; переводов 35; входящий+исходящий объём 16,066,020 KZT."
470,100000006567935100,terminal,0.50721,"Входящих переводов: 1, отправителей: 1, исходящих: 0; колено 2; гипотеза конечного получателя. Достижим от 3 seed; переводов 1; входящий+исходящий объём 200,000 KZT."
471,100000005572303100,peripheral,0.506944,"Отправителей: 1, получателей: 1; переводов вход/выход: 1/1; недостаточно признаков роли. Достижим от 3 seed; переводов 2; входящий+исходящий объём 95,000 KZT."
472,100000004816564100,peripheral,0.506886,"Отправителей: 1, получателей: 1; переводов вход/выход: 1/1; недостаточно признаков роли. Достижим от 3 seed; переводов 2; входящий+исходящий объём 290,480 KZT."
473,100000008536546100,terminal,0.506618,"Входящих переводов: 2, отправителей: 2, исходящих: 0; колено 3; гипотеза конечного получателя. Достижим от 2 seed; переводов 2; входящий+исходящий объём 250,000 KZT."
474,100000002870463100,peripheral,0.506612,"Отправителей: 3, получателей: 1; переводов вход/выход: 4/1; недостаточно признаков роли. Достижим от 2 seed; переводов 5; входящий+исходящий объём 217,000 KZT."
475,100000005198906100,peripheral,0.506549,"Отправителей: 1, получателей: 1; переводов вход/выход: 1/1; недостаточно признаков роли. Достижим от 3 seed; переводов 2; входящий+исходящий объём 287,970 KZT."
476,100000008568512100,terminal,0.506369,"Входящих переводов: 1, отправителей: 1, исходящих: 0; колено 3; гипотеза конечного получателя. Достижим от 3 seed; переводов 1; входящий+исходящий объём 199,640 KZT."
477,100000008624978100,terminal,0.506191,"Входящих переводов: 1, отправителей: 1, исходящих: 0; колено 2; гипотеза конечного получателя. Достижим от 4 seed; переводов 1; входящий+исходящий объём 109,000 KZT."
478,100000003985389100,peripheral,0.506145,"Граница 4-го колена: исходящие не наблюдаются; роль не определена. Достижим от 3 seed; переводов 16; входящий+исходящий объём 422,698 KZT."
479,100000007129492100,peripheral,0.505801,"Отправителей: 2, получателей: 1; переводов вход/выход: 2/1; недостаточно признаков роли. Достижим от 8 seed; переводов 3; входящий+исходящий объём 87,990 KZT."
480,100000005857058100,terminal,0.505763,"Входящих переводов: 3, отправителей: 3, исходящих: 0; колено 3; гипотеза конечного получателя. Достижим от 3 seed; переводов 3; входящий+исходящий объём 80,222 KZT."
481,100000005844459100,terminal,0.505385,"Входящих переводов: 2, отправителей: 2, исходящих: 0; колено 1; гипотеза конечного получателя. Достижим от 2 seed; переводов 2; входящий+исходящий объём 243,400 KZT."
482,100000004330371100,peripheral,0.505004,"Отправителей: 2, получателей: 2; переводов вход/выход: 12/6; недостаточно признаков роли. Достижим от 2 seed; переводов 18; входящий+исходящий объём 354,852 KZT."
483,100000008238112100,terminal,0.503958,"Входящих переводов: 1, отправителей: 1, исходящих: 0; колено 3; гипотеза конечного получателя. Достижим от 3 seed; переводов 1; входящий+исходящий объём 190,000 KZT."
484,100000004386331100,transit,0.503956,"Отдал/получил в выборке: 0.88; временно сопоставлено за 48 ч: 0%; признаки транзита. Достижим от 2 seed; переводов 3; входящий+исходящий объём 37,500 KZT."
485,100000001674850100,terminal,0.503927,"Входящих переводов: 2, отправителей: 2, исходящих: 0; колено 3; гипотеза конечного получателя. Достижим от 2 seed; переводов 2; входящий+исходящий объём 237,000 KZT."
486,100000000724540100,peripheral,0.503399,"Отправителей: 1, получателей: 1; переводов вход/выход: 1/1; недостаточно признаков роли. Достижим от 4 seed; переводов 2; входящий+исходящий объём 150,000 KZT."
487,100000001317336100,peripheral,0.502645,"Отправителей: 1, получателей: 2; переводов вход/выход: 1/3; недостаточно признаков роли. Достижим от 1 seed; переводов 4; входящий+исходящий объём 1,883,196 KZT."
488,100000003509750100,transit,0.50251,"Отдал/получил в выборке: 0.95; временно сопоставлено за 48 ч: 47%; признаки транзита. Достижим от 1 seed; переводов 9; входящий+исходящий объём 160,690 KZT."
489,100000000998559100,terminal,0.501817,"Входящих переводов: 1, отправителей: 1, исходящих: 0; колено 1; гипотеза конечного получателя. Достижим от 4 seed; переводов 1; входящий+исходящий объём 100,000 KZT."
490,100000003112436100,terminal,0.501817,"Входящих переводов: 1, отправителей: 1, исходящих: 0; колено 2; гипотеза конечного получателя. Достижим от 4 seed; переводов 1; входящий+исходящий объём 100,000 KZT."
491,100000008332511100,terminal,0.501817,"Входящих переводов: 1, отправителей: 1, исходящих: 0; колено 3; гипотеза конечного получателя. Достижим от 4 seed; переводов 1; входящий+исходящий объём 100,000 KZT."
492,100000003190207100,peripheral,0.501796,"Отправителей: 1, получателей: 1; переводов вход/выход: 1/8; недостаточно признаков роли. Достижим от 2 seed; переводов 9; входящий+исходящий объём 382,000 KZT."
493,100000003843844100,peripheral,0.501726,"Отправителей: 1, получателей: 1; переводов вход/выход: 1/1; недостаточно признаков роли. Достижим от 3 seed; переводов 2; входящий+исходящий объём 254,680 KZT."
494,100000005873152100,transit,0.50151,"Отдал/получил в выборке: 1.00; временно сопоставлено за 48 ч: 0%; признаки транзита. Достижим от 4 seed; переводов 2; входящий+исходящий объём 20,000 KZT."
495,100000004715209100,peripheral,0.501375,"Отправителей: 1, получателей: 5; переводов вход/выход: 1/17; недостаточно признаков роли. Достижим от 1 seed; переводов 18; входящий+исходящий объём 355,450 KZT."
496,100000001063678100,peripheral,0.501372,"Отправителей: 1, получателей: 2; переводов вход/выход: 1/2; недостаточно признаков роли. Достижим от 2 seed; переводов 3; входящий+исходящий объём 125,000 KZT."
497,100000002284426100,terminal,0.501356,"Входящих переводов: 2, отправителей: 1, исходящих: 0; колено 3; гипотеза конечного получателя. Достижим от 3 seed; переводов 2; входящий+исходящий объём 90,000 KZT."
498,100000002109656100,terminal,0.501033,"Входящих переводов: 1, отправителей: 1, исходящих: 0; колено 3; гипотеза конечного получателя. Достижим от 2 seed; переводов 1; входящий+исходящий объём 500,000 KZT."
499,100000002644285100,terminal,0.501033,"Входящих переводов: 1, отправителей: 1, исходящих: 0; колено 3; гипотеза конечного получателя. Достижим от 2 seed; переводов 1; входящий+исходящий объём 500,000 KZT."
500,100000003163886100,terminal,0.501033,"Входящих переводов: 1, отправителей: 1, исходящих: 0; колено 3; гипотеза конечного получателя. Достижим от 2 seed; переводов 1; входящий+исходящий объём 500,000 KZT."
501,100000008388049100,terminal,0.500248,"Входящих переводов: 1, отправителей: 1, исходящих: 0; колено 3; гипотеза конечного получателя. Достижим от 2 seed; переводов 1; входящий+исходящий объём 496,400 KZT."
502,100000006745291100,terminal,0.500181,"Входящих переводов: 1, отправителей: 1, исходящих: 0; колено 1; гипотеза конечного получателя. Достижим от 5 seed; переводов 1; входящий+исходящий объём 82,534 KZT."
503,100000002943472100,terminal,0.49992,"Входящих переводов: 1, отправителей: 1, исходящих: 0; колено 3; гипотеза конечного получателя. Достижим от 3 seed; переводов 1; входящий+исходящий объём 170,000 KZT."
504,100000003220685100,peripheral,0.499886,"Граница 4-го колена: исходящие не наблюдаются; роль не определена. Достижим от 3 seed; переводов 2; входящий+исходящий объём 1,306,000 KZT."
505,100000008205937100,terminal,0.499856,"Входящих переводов: 3, отправителей: 1, исходящих: 0; колено 2; гипотеза конечного получателя. Достижим от 5 seed; переводов 3; входящий+исходящий объём 35,000 KZT."
506,100000003406094100,peripheral,0.499578,"Отправителей: 1, получателей: 3; переводов вход/выход: 4/3; недостаточно признаков роли. Достижим от 2 seed; переводов 7; входящий+исходящий объём 117,000 KZT."
507,100000007242833100,peripheral,0.499213,"Отправителей: 1, получателей: 1; переводов вход/выход: 3/2; недостаточно признаков роли. Достижим от 3 seed; переводов 5; входящий+исходящий объём 152,500 KZT."
508,100000004993576100,terminal,0.498742,"Входящих переводов: 1, отправителей: 1, исходящих: 0; колено 2; гипотеза конечного получателя. Достижим от 3 seed; переводов 1; входящий+исходящий объём 167,000 KZT."
509,100000003221510100,peripheral,0.498702,"Отправителей: 1, получателей: 2; переводов вход/выход: 1/3; недостаточно признаков роли. Достижим от 2 seed; переводов 4; входящий+исходящий объём 144,000 KZT."
510,100000002670960100,terminal,0.498565,"Входящих переводов: 1, отправителей: 1, исходящих: 0; колено 3; гипотеза конечного получателя. Достижим от 2 seed; переводов 1; входящий+исходящий объём 480,310 KZT."
511,100000002815005100,terminal,0.498453,"Входящих переводов: 1, отправителей: 1, исходящих: 0; колено 3; гипотеза конечного получателя. Достижим от 2 seed; переводов 1; входящий+исходящий объём 476,500 KZT."
512,100000002958139100,terminal,0.498431,"Входящих переводов: 2, отправителей: 1, исходящих: 0; колено 3; гипотеза конечного получателя. Достижим от 2 seed; переводов 2; входящий+исходящий объём 209,500 KZT."
513,100000002581346100,terminal,0.498406,"Входящих переводов: 1, отправителей: 1, исходящих: 0; колено 3; гипотеза конечного получателя. Достижим от 3 seed; переводов 1; входящий+исходящий объём 166,400 KZT."
514,100000005357705100,peripheral,0.498346,"Отправителей: 1, получателей: 4; переводов вход/выход: 1/5; недостаточно признаков роли. Достижим от 1 seed; переводов 6; входящий+исходящий объём 439,675 KZT."
515,100000008200810100,terminal,0.498285,"Входящих переводов: 1, отправителей: 1, исходящих: 0; колено 3; гипотеза конечного получателя. Достижим от 2 seed; переводов 1; входящий+исходящий объём 475,000 KZT."
516,100000008438656100,peripheral,0.498264,"Отправителей: 2, получателей: 1; переводов вход/выход: 2/1; недостаточно признаков роли. Достижим от 5 seed; переводов 3; входящий+исходящий объём 85,000 KZT."
517,100000003724440100,terminal,0.497925,"Входящих переводов: 2, отправителей: 2, исходящих: 0; колено 2; гипотеза конечного получателя. Достижим от 4 seed; переводов 2; входящий+исходящий объём 50,000 KZT."
518,100000004180097100,peripheral,0.49763,"Отправителей: 3, получателей: 3; переводов вход/выход: 5/7; недостаточно признаков роли. Достижим от 1 seed; переводов 12; входящий+исходящий объём 152,654 KZT."
519,100000001227106100,terminal,0.497621,"Входящих переводов: 1, отправителей: 1, исходящих: 0; колено 3; гипотеза конечного получателя. Достижим от 3 seed; переводов 1; входящий+исходящий объём 164,765 KZT."
520,100000005498992100,distributor,0.497088,"Получателей: 16, отправителей: 0; признаки веерного распределения; входящие seed неполны. Достижим от 0 seed; переводов 19; входящий+исходящий объём 2,262,868 KZT."
521,100000000594783100,peripheral,0.496771,"Отправителей: 1, получателей: 2; переводов вход/выход: 10/2; недостаточно признаков роли. Достижим от 2 seed; переводов 12; входящий+исходящий объём 2,787,500 KZT."
522,100000004318918100,terminal,0.496592,"Входящих переводов: 1, отправителей: 1, исходящих: 0; колено 1; гипотеза конечного получателя. Достижим от 5 seed; переводов 1; входящий+исходящий объём 75,600 KZT."
523,100000002878467100,terminal,0.49658,"Входящих переводов: 2, отправителей: 2, исходящих: 0; колено 3; гипотеза конечного получателя. Достижим от 2 seed; переводов 2; входящий+исходящий объём 200,000 KZT."
524,100000002842321100,terminal,0.496275,"Входящих переводов: 1, отправителей: 1, исходящих: 0; колено 3; гипотеза конечного получателя. Достижим от 3 seed; переводов 1; входящий+исходящий объём 160,000 KZT."
525,100000000031787100,transit,0.496158,"Отдал/получил в выборке: 1.00; временно сопоставлено за 48 ч: 44%; признаки транзита. Достижим от 1 seed; переводов 6; входящий+исходящий объём 180,000 KZT."
526,100000005958064100,peripheral,0.495666,"Отправителей: 1, получателей: 2; переводов вход/выход: 1/3; недостаточно признаков роли. Достижим от 2 seed; переводов 4; входящий+исходящий объём 169,733 KZT."
527,100000004603109100,peripheral,0.495469,"Отправителей: 3, получателей: 2; переводов вход/выход: 8/2; недостаточно признаков роли. Достижим от 2 seed; переводов 10; входящий+исходящий объём 3,130,000 KZT."
528,100000004892144100,peripheral,0.495469,"Отправителей: 2, получателей: 1; переводов вход/выход: 7/1; недостаточно признаков роли. Достижим от 2 seed; переводов 8; входящий+исходящий объём 4,680,300 KZT."
529,100000006169033100,peripheral,0.494514,"Отправителей: 1, получателей: 3; переводов вход/выход: 1/10; недостаточно признаков роли. Достижим от 1 seed; переводов 11; входящий+исходящий объём 1,189,271 KZT."
530,100000004417753100,terminal,0.494169,"Входящих переводов: 2, отправителей: 2, исходящих: 0; колено 3; гипотеза конечного получателя. Достижим от 2 seed; переводов 2; входящий+исходящий объём 192,099 KZT."
531,100000001222245100,peripheral,0.49384,"Граница 4-го колена: исходящие не наблюдаются; роль не определена. Достижим от 3 seed; переводов 5; входящий+исходящий объём 420,000 KZT."
532,100000002697752100,terminal,0.493496,"Входящих переводов: 2, отправителей: 2, исходящих: 0; колено 3; гипотеза конечного получателя. Достижим от 2 seed; переводов 2; входящий+исходящий объём 190,785 KZT."
533,100000004134060100,terminal,0.493349,"Входящих переводов: 1, отправителей: 1, исходящих: 0; колено 2; гипотеза конечного получателя. Достижим от 4 seed; переводов 1; входящий+исходящий объём 88,179 KZT."
534,100000008335401100,terminal,0.493249,"Входящих переводов: 3, отправителей: 1, исходящих: 0; колено 2; гипотеза конечного получателя. Достижим от 2 seed; переводов 3; входящий+исходящий объём 150,000 KZT."
535,100000003025903100,peripheral,0.493022,"Граница 4-го колена: исходящие не наблюдаются; роль не определена. Достижим от 3 seed; переводов 6; входящий+исходящий объём 386,300 KZT."
536,100000003366471100,peripheral,0.493002,"Отправителей: 2, получателей: 1; переводов вход/выход: 5/1; недостаточно признаков роли. Достижим от 2 seed; переводов 6; входящий+исходящий объём 349,789 KZT."
537,100000001927599100,terminal,0.492823,"Входящих переводов: 2, отправителей: 2, исходящих: 0; колено 3; гипотеза конечного получателя. Достижим от 2 seed; переводов 2; входящий+исходящий объём 188,000 KZT."
538,100000005830339100,peripheral,0.49227,"Отправителей: 5, получателей: 1; переводов вход/выход: 12/1; недостаточно признаков роли. Достижим от 2 seed; переводов 13; входящий+исходящий объём 815,592 KZT."
539,100000005667841100,terminal,0.492262,"Входящих переводов: 2, отправителей: 2, исходящих: 0; колено 3; гипотеза конечного получателя. Достижим от 2 seed; переводов 2; входящий+исходящий объём 186,000 KZT."
540,100000001046626100,terminal,0.492013,"Входящих переводов: 1, отправителей: 1, исходящих: 0; колено 3; гипотеза конечного получателя. Достижим от 3 seed; переводов 1; входящий+исходящий объём 150,000 KZT."
541,100000001961048100,terminal,0.492013,"Входящих переводов: 1, отправителей: 1, исходящих: 0; колено 2; гипотеза конечного получателя. Достижим от 3 seed; переводов 1; входящий+исходящий объём 150,000 KZT."
542,100000002459240100,terminal,0.492013,"Входящих переводов: 1, отправителей: 1, исходящих: 0; колено 3; гипотеза конечного получателя. Достижим от 3 seed; переводов 1; входящий+исходящий объём 150,000 KZT."
543,100000003089553100,terminal,0.492013,"Входящих переводов: 1, отправителей: 1, исходящих: 0; колено 3; гипотеза конечного получателя. Достижим от 3 seed; переводов 1; входящий+исходящий объём 150,000 KZT."
544,100000003486970100,terminal,0.492013,"Входящих переводов: 1, отправителей: 1, исходящих: 0; колено 3; гипотеза конечного получателя. Достижим от 3 seed; переводов 1; входящий+исходящий объём 150,000 KZT."
545,100000002970466100,peripheral,0.490964,"Отправителей: 1, получателей: 2; переводов вход/выход: 1/3; недостаточно признаков роли. Достижим от 2 seed; переводов 4; входящий+исходящий объём 116,317 KZT."
546,100000000791285100,peripheral,0.490744,"Отправителей: 1, получателей: 3; переводов вход/выход: 2/3; недостаточно признаков роли. Достижим от 1 seed; переводов 5; входящий+исходящий объём 1,770,000 KZT."
547,100000001641951100,terminal,0.490715,"Входящих переводов: 4, отправителей: 1, исходящих: 0; колено 2; гипотеза конечного получателя. Достижим от 8 seed; переводов 4; входящий+исходящий объём 25,000 KZT."
548,100000004588479100,terminal,0.49058,"Входящих переводов: 2, отправителей: 1, исходящих: 0; колено 1; гипотеза конечного получателя. Достижим от 2 seed; переводов 2; входящий+исходящий объём 177,633 KZT."
549,100000004019124100,peripheral,0.490199,"Отправителей: 3, получателей: 0; переводов вход/выход: 3/0; недостаточно признаков роли; входящие seed неполны. Достижим от 5 seed; переводов 3; входящий+исходящий объём 193,000 KZT."
550,100000008579978100,peripheral,0.489883,"Отправителей: 1, получателей: 1; переводов вход/выход: 1/6; недостаточно признаков роли. Достижим от 3 seed; переводов 7; входящий+исходящий объём 111,000 KZT."
551,100000002513028100,peripheral,0.489594,"Отправителей: 1, получателей: 3; переводов вход/выход: 1/24; недостаточно признаков роли. Достижим от 1 seed; переводов 25; входящий+исходящий объём 342,209 KZT."
552,100000005799271100,terminal,0.489569,"Входящих переводов: 2, отправителей: 1, исходящих: 0; колено 2; гипотеза конечного получателя. Достижим от 4 seed; переводов 2; входящий+исходящий объём 45,000 KZT."
553,100000008468762100,terminal,0.48929,"Входящих переводов: 2, отправителей: 2, исходящих: 0; колено 3; гипотеза конечного получателя. Достижим от 2 seed; переводов 2; входящий+исходящий объём 170,000 KZT."
554,100000002872399100,terminal,0.489262,"Входящих переводов: 9, отправителей: 1, исходящих: 0; колено 3; гипотеза конечного получателя. Достижим от 1 seed; переводов 9; входящий+исходящий объём 1,090,000 KZT."
555,100000004657034100,terminal,0.488985,"Входящих переводов: 1, отправителей: 1, исходящих: 0; колено 3; гипотеза конечного получателя. Достижим от 3 seed; переводов 1; входящий+исходящий объём 141,250 KZT."
556,100000005053653100,peripheral,0.488908,"Отправителей: 2, получателей: 1; переводов вход/выход: 2/1; недостаточно признаков роли. Достижим от 4 seed; переводов 3; входящий+исходящий объём 88,073 KZT."
557,100000004580202100,peripheral,0.488376,"Отправителей: 1, получателей: 3; переводов вход/выход: 1/4; недостаточно признаков роли. Достижим от 2 seed; переводов 5; входящий+исходящий объём 54,000 KZT."
558,100000004097972100,peripheral,0.488294,"Отправителей: 1, получателей: 2; переводов вход/выход: 1/2; недостаточно признаков роли. Достижим от 2 seed; переводов 3; входящий+исходящий объём 128,878 KZT."
559,100000002570206100,terminal,0.488,"Входящих переводов: 2, отправителей: 2, исходящих: 0; колено 2; гипотеза конечного получателя. Достижим от 2 seed; переводов 2; входящий+исходящий объём 166,960 KZT."
560,100000001534244100,peripheral,0.487787,"Отправителей: 2, получателей: 1; переводов вход/выход: 2/1; недостаточно признаков роли. Достижим от 2 seed; переводов 3; входящий+исходящий объём 411,000 KZT."
561,100000004315838100,peripheral,0.487777,"Отправителей: 2, получателей: 1; переводов вход/выход: 2/1; недостаточно признаков роли. Достижим от 5 seed; переводов 3; входящий+исходящий объём 68,000 KZT."
562,100000002435265100,terminal,0.487641,"Входящих переводов: 3, отправителей: 1, исходящих: 0; колено 3; гипотеза конечного получателя. Достижим от 2 seed; переводов 3; входящий+исходящий объём 132,628 KZT."
563,100000001362940100,terminal,0.487461,"Входящих переводов: 1, отправителей: 1, исходящих: 0; колено 1; гипотеза конечного получателя. Достижим от 4 seed; переводов 1; входящий+исходящий объём 81,000 KZT."
564,100000008376089100,terminal,0.48691,"Входящих переводов: 1, отправителей: 1, исходящих: 0; колено 2; гипотеза конечного получателя. Достижим от 3 seed; переводов 1; входящий+исходящий объём 135,000 KZT."
565,100000006111439100,transit,0.486414,"Отдал/получил в выборке: 1.17; временно сопоставлено за 48 ч: 0%; признаки транзита. Достижим от 2 seed; переводов 7; входящий+исходящий объём 44,570 KZT."
566,100000007311010100,peripheral,0.486104,"Отправителей: 2, получателей: 1; переводов вход/выход: 2/1; недостаточно признаков роли. Достижим от 4 seed; переводов 3; входящий+исходящий объём 84,480 KZT."
567,100000008571443100,terminal,0.485261,"Входящих переводов: 2, отправителей: 2, исходящих: 0; колено 2; гипотеза конечного получателя. Достижим от 3 seed; переводов 2; входящий+исходящий объём 65,000 KZT."
568,100000000440392100,terminal,0.484927,"Входящих переводов: 4, отправителей: 1, исходящих: 0; колено 1; гипотеза конечного получателя. Достижим от 2 seed; переводов 4; входящий+исходящий объём 105,705 KZT."
569,100000002521039100,terminal,0.484882,"Входящих переводов: 1, отправителей: 1, исходящих: 0; колено 3; гипотеза конечного получателя. Достижим от 2 seed; переводов 1; входящий+исходящий объём 349,370 KZT."
570,100000008531186100,terminal,0.484554,"Входящих переводов: 1, отправителей: 1, исходящих: 0; колено 2; гипотеза конечного получателя. Достижим от 3 seed; переводов 1; входящий+исходящий объём 125,000 KZT."
571,100000000733451100,peripheral,0.483469,"Отправителей: 1, получателей: 1; переводов вход/выход: 2/1; недостаточно признаков роли. Достижим от 2 seed; переводов 3; входящий+исходящий объём 370,000 KZT."
572,100000002666248100,terminal,0.48247,"Входящих переводов: 1, отправителей: 1, исходящих: 0; колено 1; гипотеза конечного получателя. Достижим от 4 seed; переводов 1; входящий+исходящий объём 70,032 KZT."
573,100000000552584100,peripheral,0.482392,"Отправителей: 1, получателей: 1; переводов вход/выход: 3/1; недостаточно признаков роли. Достижим от 2 seed; переводов 4; входящий+исходящий объём 2,557,500 KZT."
574,100000000817146100,terminal,0.482357,"Входящих переводов: 1, отправителей: 1, исходящих: 0; колено 1; гипотеза конечного получателя. Достижим от 4 seed; переводов 1; входящий+исходящий объём 70,020 KZT."
575,100000003246024100,peripheral,0.482115,"Отправителей: 1, получателей: 1; переводов вход/выход: 1/1; недостаточно признаков роли. Достижим от 2 seed; переводов 2; входящий+исходящий объём 30,000 KZT."
576,100000000555721100,terminal,0.482033,"Входящих переводов: 3, отправителей: 2, исходящих: 0; колено 1; гипотеза конечного получателя. Достижим от 2 seed; переводов 3; входящий+исходящий объём 113,000 KZT."
577,100000003044431100,terminal,0.482008,"Входящих переводов: 2, отправителей: 2, исходящих: 0; колено 2; гипотеза конечного получателя. Достижим от 3 seed; переводов 2; входящий+исходящий объём 60,000 KZT."
578,100000004408683100,terminal,0.481809,"Входящих переводов: 3, отправителей: 2, исходящих: 0; колено 1; гипотеза конечного получателя. Достижим от 2 seed; переводов 3; входящий+исходящий объём 112,920 KZT."
579,100000003134474100,terminal,0.481638,"Входящих переводов: 1, отправителей: 1, исходящих: 0; колено 3; гипотеза конечного получателя. Достижим от 3 seed; переводов 1; входящий+исходящий объём 116,000 KZT."
580,100000005882013100,peripheral,0.481372,"Отправителей: 2, получателей: 1; переводов вход/выход: 3/1; недостаточно признаков роли. Достижим от 5 seed; переводов 4; входящий+исходящий объём 145,000 KZT."
581,100000002738256100,transit,0.48128,"Отдал/получил в выборке: 1.17; временно сопоставлено за 48 ч: 100%; признаки транзита. Достижим от 1 seed; переводов 2; входящий+исходящий объём 325,200 KZT."
582,100000003284932100,terminal,0.481124,"Входящих переводов: 1, отправителей: 1, исходящих: 0; колено 1; гипотеза конечного получателя. Достижим от 4 seed; переводов 1; входящий+исходящий объём 69,925 KZT."
583,100000008675322100,peripheral,0.481055,"Граница 4-го колена: исходящие не наблюдаются; роль не определена. Достижим от 3 seed; переводов 4; входящий+исходящий объём 340,000 KZT."
584,100000002958345100,terminal,0.480957,"Входящих переводов: 1, отправителей: 1, исходящих: 0; колено 3; гипотеза конечного получателя. Достижим от 2 seed; переводов 1; входящий+исходящий объём 307,000 KZT."
585,100000002293421100,transit,0.480914,"Отдал/получил в выборке: 1.15; временно сопоставлено за 48 ч: 24%; признаки транзита. Достижим от 1 seed; переводов 11; входящий+исходящий объём 88,000 KZT."
586,100000002509598100,terminal,0.480844,"Входящих переводов: 1, отправителей: 1, исходящих: 0; колено 3; гипотеза конечного получателя. Достижим от 2 seed; переводов 1; входящий+исходящий объём 305,550 KZT."
587,100000002529880100,terminal,0.480093,"Входящих переводов: 2, отправителей: 2, исходящих: 0; колено 3; гипотеза конечного получателя. Достижим от 2 seed; переводов 2; входящий+исходящий объём 147,000 KZT."
588,100000001851289100,terminal,0.480014,"Входящих переводов: 3, отправителей: 1, исходящих: 0; колено 1; гипотеза конечного получателя. Достижим от 2 seed; переводов 3; входящий+исходящий объём 109,510 KZT."
589,100000008469048100,peripheral,0.479855,"Граница 4-го колена: исходящие не наблюдаются; роль не определена. Достижим от 3 seed; переводов 7; входящий+исходящий объём 265,200 KZT."
590,100000003242795100,terminal,0.479788,"Входящих переводов: 1, отправителей: 1, исходящих: 0; колено 3; гипотеза конечного получателя. Достижим от 3 seed; переводов 1; входящий+исходящий объём 111,000 KZT."
591,100000002609774100,peripheral,0.479644,"Отправителей: 1, получателей: 1; переводов вход/выход: 1/1; недостаточно признаков роли. Достижим от 2 seed; переводов 2; входящий+исходящий объём 35,200 KZT."
592,100000005183943100,terminal,0.479504,"Входящих переводов: 9, отправителей: 1, исходящих: 0; колено 1; гипотеза конечного получателя. Достижим от 1 seed; переводов 9; входящий+исходящий объём 680,900 KZT."
593,100000001733687100,terminal,0.479386,"Входящих переводов: 1, отправителей: 1, исходящих: 0; колено 3; гипотеза конечного получателя. Достижим от 2 seed; переводов 1; входящий+исходящий объём 300,000 KZT."
594,100000008427027100,terminal,0.479386,"Входящих переводов: 1, отправителей: 1, исходящих: 0; колено 3; гипотеза конечного получателя. Достижим от 2 seed; переводов 1; входящий+исходящий объём 300,000 KZT."
595,100000000976943100,transit,0.479012,"Отдал/получил в выборке: 1.20; временно сопоставлено за 48 ч: 0%; признаки транзита. Достижим от 1 seed; переводов 4; входящий+исходящий объём 154,000 KZT."
596,100000001484381100,terminal,0.478758,"Входящих переводов: 4, отправителей: 2, исходящих: 0; колено 3; гипотеза конечного получателя. Достижим от 2 seed; переводов 4; входящий+исходящий объём 95,585 KZT."
597,100000005186131100,transit,0.478508,"Отдал/получил в выборке: 1.00; временно сопоставлено за 48 ч: 0%; признаки транзита. Достижим от 2 seed; переводов 2; входящий+исходящий объём 20,000 KZT."
598,100000003163256100,transit,0.478255,"Отдал/получил в выборке: 1.11; временно сопоставлено за 48 ч: 0%; признаки транзита. Достижим от 2 seed; переводов 2; входящий+исходящий объём 28,485 KZT."
599,100000005182219100,terminal,0.478195,"Входящих переводов: 2, отправителей: 2, исходящих: 0; колено 3; гипотеза конечного получателя. Достижим от 3 seed; переводов 2; входящий+исходящий объём 55,000 KZT."
600,100000001788284100,peripheral,0.478176,"Отправителей: 1, получателей: 5; переводов вход/выход: 1/8; недостаточно признаков роли. Достижим от 1 seed; переводов 9; входящий+исходящий объём 304,700 KZT."
601,100000002989353100,peripheral,0.478137,"Отправителей: 1, получателей: 2; переводов вход/выход: 2/2; недостаточно признаков роли. Достижим от 2 seed; переводов 4; входящий+исходящий объём 821,160 KZT."
602,100000005168487100,peripheral,0.477961,"Отправителей: 1, получателей: 1; переводов вход/выход: 1/14; недостаточно признаков роли. Достижим от 4 seed; переводов 15; входящий+исходящий объём 118,510 KZT."
603,100000006532229100,terminal,0.477208,"Входящих переводов: 1, отправителей: 1, исходящих: 0; колено 3; гипотеза конечного получателя. Достижим от 3 seed; переводов 1; входящий+исходящий объём 105,000 KZT."
604,100000002774456100,terminal,0.477077,"Входящих переводов: 1, отправителей: 1, исходящих: 0; колено 1; гипотеза конечного получателя. Достижим от 5 seed; переводов 1; входящий+исходящий объём 50,363 KZT."
605,100000003760160100,terminal,0.476984,"Входящих переводов: 1, отправителей: 1, исходящих: 0; колено 3; гипотеза конечного получателя. Достижим от 3 seed; переводов 1; входящий+исходящий объём 104,470 KZT."
606,100000003923946100,peripheral,0.47665,"Отправителей: 1, получателей: 4; переводов вход/выход: 3/4; недостаточно признаков роли. Достижим от 2 seed; переводов 7; входящий+исходящий объём 957,000 KZT."
607,100000005893892100,terminal,0.476535,"Входящих переводов: 1, отправителей: 1, исходящих: 0; колено 3; гипотеза конечного получателя. Достижим от 3 seed; переводов 1; входящий+исходящий объём 102,780 KZT."
608,100000002087788100,terminal,0.47575,"Входящих переводов: 1, отправителей: 1, исходящих: 0; колено 2; гипотеза конечного получателя. Достижим от 3 seed; переводов 1; входящий+исходящий объём 100,500 KZT."
609,100000002821425100,terminal,0.475517,"Входящих переводов: 1, отправителей: 1, исходящих: 0; колено 3; гипотеза конечного получателя. Достижим от 2 seed; переводов 1; входящий+исходящий объём 275,000 KZT."
610,100000005519347100,peripheral,0.475465,"Отправителей: 2, получателей: 1; переводов вход/выход: 2/1; недостаточно признаков роли; входящие seed неполны. Достижим от 4 seed; переводов 3; входящий+исходящий объём 172,100 KZT."
611,100000003899899100,peripheral,0.475281,"Отправителей: 2, получателей: 1; переводов вход/выход: 5/1; недостаточно признаков роли. Достижим от 2 seed; переводов 6; входящий+исходящий объём 228,500 KZT."
612,100000001252290100,peripheral,0.474248,"Отправителей: 1, получателей: 1; переводов вход/выход: 1/1; недостаточно признаков роли. Достижим от 3 seed; переводов 2; входящий+исходящий объём 146,005 KZT."
613,100000002877262100,terminal,0.474236,"Входящих переводов: 1, отправителей: 1, исходящих: 0; колено 3; гипотеза конечного получателя. Достижим от 3 seed; переводов 1; входящий+исходящий объём 100,000 KZT."
614,100000003647799100,terminal,0.474236,"Входящих переводов: 1, отправителей: 1, исходящих: 0; колено 3; гипотеза конечного получателя. Достижим от 3 seed; переводов 1; входящий+исходящий объём 100,000 KZT."
615,100000001633685100,terminal,0.473854,"Входящих переводов: 3, отправителей: 3, исходящих: 0; колено 2; гипотеза конечного получателя. Достижим от 3 seed; переводов 3; входящий+исходящий объём 45,000 KZT."
616,100000008722541100,peripheral,0.47354,"Граница 4-го колена: исходящие не наблюдаются; роль не определена. Достижим от 3 seed; переводов 4; входящий+исходящий объём 280,000 KZT."
617,100000004144536100,consolidator,0.473411,"Отправителей: 4; наблюдаемая доля перевода дальше 0.0%; признаки консолидации. Достижим от 1 seed; переводов 6; входящий+исходящий объём 168,000 KZT."
618,100000002696152100,peripheral,0.473257,"Отправителей: 1, получателей: 2; переводов вход/выход: 3/8; недостаточно признаков роли. Достижим от 2 seed; переводов 11; входящий+исходящий объём 90,800 KZT."
619,100000003739818100,terminal,0.473048,"Входящих переводов: 1, отправителей: 1, исходящих: 0; колено 1; гипотеза конечного получателя. Достижим от 4 seed; переводов 1; входящий+исходящий объём 57,293 KZT."
620,100000002306369100,peripheral,0.473002,"Отправителей: 1, получателей: 6; переводов вход/выход: 1/9; недостаточно признаков роли. Достижим от 1 seed; переводов 10; входящий+исходящий объём 334,066 KZT."
621,100000004904960100,terminal,0.472577,"Входящих переводов: 2, отправителей: 2, исходящих: 0; колено 2; гипотеза конечного получателя. Достижим от 4 seed; переводов 2; входящий+исходящий объём 32,000 KZT."
622,100000001056414100,terminal,0.47232,"Входящих переводов: 1, отправителей: 1, исходящих: 0; колено 3; гипотеза конечного получателя. Достижим от 2 seed; переводов 1; входящий+исходящий объём 250,000 KZT."
623,100000003834495100,peripheral,0.472296,"Отправителей: 3, получателей: 1; переводов вход/выход: 5/1; недостаточно признаков роли. Достижим от 2 seed; переводов 6; входящий+исходящий объём 622,441 KZT."
624,100000004750321100,terminal,0.472139,"Входящих переводов: 2, отправителей: 2, исходящих: 0; колено 3; гипотеза конечного получателя. Достижим от 3 seed; переводов 2; входящий+исходящий объём 50,185 KZT."
625,100000008760098100,peripheral,0.471998,"Отправителей: 1, получателей: 1; переводов вход/выход: 1/1; недостаточно признаков роли. Достижим от 3 seed; переводов 2; входящий+исходящий объём 397,000 KZT."
626,100000007982728100,distributor,0.471657,"Получателей: 8, отправителей: 0; признаки веерного распределения; входящие seed неполны. Достижим от 0 seed; переводов 12; входящий+исходящий объём 1,804,384 KZT."
627,100000004358004100,distributor,0.471613,"Получателей: 11, отправителей: 0; признаки веерного распределения; входящие seed неполны. Достижим от 0 seed; переводов 17; входящий+исходящий объём 980,850 KZT."
628,100000008293431100,peripheral,0.471613,"Отправителей: 1, получателей: 5; переводов вход/выход: 1/7; недостаточно признаков роли. Достижим от 1 seed; переводов 8; входящий+исходящий объём 312,000 KZT."
629,100000005974542100,terminal,0.47121,"Входящих переводов: 3, отправителей: 1, исходящих: 0; колено 3; гипотеза конечного получателя. Достижим от 2 seed; переводов 3; входящий+исходящий объём 94,500 KZT."
630,100000006562026100,terminal,0.470593,"Входящих переводов: 6, отправителей: 2, исходящих: 0; колено 1; гипотеза конечного получателя. Достижим от 2 seed; переводов 6; входящий+исходящий объём 75,000 KZT."
631,100000002015633100,terminal,0.470479,"Входящих переводов: 1, отправителей: 1, исходящих: 0; колено 3; гипотеза конечного получателя. Достижим от 3 seed; переводов 1; входящий+исходящий объём 94,970 KZT."
632,100000001554432100,terminal,0.47002,"Входящих переводов: 1, отправителей: 1, исходящих: 0; колено 1; гипотеза конечного получателя. Достижим от 4 seed; переводов 1; входящий+исходящий объём 53,920 KZT."
633,100000003057225100,terminal,0.469404,"Входящих переводов: 1, отправителей: 1, исходящих: 0; колено 1; гипотеза конечного получателя. Достижим от 2 seed; переводов 1; входящий+исходящий объём 236,000 KZT."
634,100000003037660100,terminal,0.46873,"Входящих переводов: 1, отправителей: 1, исходящих: 0; колено 1; гипотеза конечного получателя. Достижим от 4 seed; переводов 1; входящий+исходящий объём 53,000 KZT."
635,100000003131016100,peripheral,0.468328,"Отправителей: 1, получателей: 1; переводов вход/выход: 7/4; недостаточно признаков роли. Достижим от 2 seed; переводов 11; входящий+исходящий объём 531,700 KZT."
636,100000003178549100,peripheral,0.46729,"Отправителей: 2, получателей: 4; переводов вход/выход: 2/4; недостаточно признаков роли. Достижим от 1 seed; переводов 6; входящий+исходящий объём 339,080 KZT."
637,100000000534581100,peripheral,0.467159,"Отправителей: 2, получателей: 1; переводов вход/выход: 2/1; недостаточно признаков роли. Достижим от 3 seed; переводов 3; входящий+исходящий объём 95,960 KZT."
638,100000008634520100,terminal,0.467058,"Входящих переводов: 1, отправителей: 1, исходящих: 0; колено 3; гипотеза конечного получателя. Достижим от 3 seed; переводов 1; входящий+исходящий объём 90,000 KZT."
639,100000002126791100,peripheral,0.466937,"Граница 4-го колена: исходящие не наблюдаются; роль не определена. Достижим от 2 seed; переводов 3; входящий+исходящий объём 1,313,000 KZT."
640,100000002710570100,terminal,0.466713,"Входящих переводов: 1, отправителей: 1, исходящих: 0; колено 2; гипотеза конечного получателя. Достижим от 2 seed; переводов 1; входящий+исходящий объём 225,015 KZT."
641,100000008728457100,terminal,0.466702,"Входящих переводов: 1, отправителей: 1, исходящих: 0; колено 1; гипотеза конечного получателя. Достижим от 5 seed; переводов 1; входящий+исходящий объём 45,000 KZT."
642,100000000838385100,peripheral,0.466667,"Отправителей: 1, получателей: 2; переводов вход/выход: 8/6; недостаточно признаков роли. Достижим от 1 seed; переводов 14; входящий+исходящий объём 614,400 KZT."
643,100000003321895100,peripheral,0.46663,"Отправителей: 1, получателей: 2; переводов вход/выход: 1/3; недостаточно признаков роли. Достижим от 1 seed; переводов 4; входящий+исходящий объём 577,830 KZT."
644,100000005602999100,peripheral,0.465671,"Отправителей: 1, получателей: 2; переводов вход/выход: 1/3; недостаточно признаков роли. Достижим от 4 seed; переводов 4; входящий+исходящий объём 21,000 KZT."
645,100000008352542100,terminal,0.465534,"Входящих переводов: 1, отправителей: 1, исходящих: 0; колено 2; гипотеза конечного получателя. Достижим от 4 seed; переводов 1; входящий+исходящий объём 50,220 KZT."
646,100000003557488100,peripheral,0.465209,"Отправителей: 1, получателей: 2; переводов вход/выход: 3/4; недостаточно признаков роли. Достижим от 1 seed; переводов 7; входящий+исходящий объём 802,992 KZT."
647,100000005756189100,peripheral,0.464939,"Отправителей: 1, получателей: 1; переводов вход/выход: 1/1; недостаточно признаков роли. Достижим от 3 seed; переводов 2; входящий+исходящий объём 114,050 KZT."
648,100000005367284100,peripheral,0.464573,"Отправителей: 1, получателей: 2; переводов вход/выход: 1/5; недостаточно признаков роли. Достижим от 2 seed; переводов 6; входящий+исходящий объём 62,000 KZT."
649,100000002537811100,peripheral,0.464031,"Отправителей: 1, получателей: 1; переводов вход/выход: 1/1; недостаточно признаков роли. Достижим от 4 seed; переводов 2; входящий+исходящий объём 67,000 KZT."
650,100000002653948100,terminal,0.463973,"Входящих переводов: 1, отправителей: 1, исходящих: 0; колено 3; гипотеза конечного получателя. Достижим от 3 seed; переводов 1; входящий+исходящий объём 85,200 KZT."
651,100000001194266100,terminal,0.463627,"Входящих переводов: 1, отправителей: 1, исходящих: 0; колено 1; гипотеза конечного получателя. Достижим от 4 seed; переводов 1; входящий+исходящий объём 50,000 KZT."
652,100000003476560100,terminal,0.463627,"Входящих переводов: 1, отправителей: 1, исходящих: 0; колено 1; гипотеза конечного получателя. Достижим от 4 seed; переводов 1; входящий+исходящий объём 50,000 KZT."
653,100000006248077100,terminal,0.463627,"Входящих переводов: 1, отправителей: 1, исходящих: 0; колено 2; гипотеза конечного получателя. Достижим от 4 seed; переводов 1; входящий+исходящий объём 50,000 KZT."
654,100000002947299100,terminal,0.463581,"Входящих переводов: 1, отправителей: 1, исходящих: 0; колено 2; гипотеза конечного получателя. Достижим от 3 seed; переводов 1; входящий+исходящий объём 85,000 KZT."
655,100000008737514100,terminal,0.463581,"Входящих переводов: 1, отправителей: 1, исходящих: 0; колено 2; гипотеза конечного получателя. Достижим от 3 seed; переводов 1; входящий+исходящий объём 85,000 KZT."
656,100000004670388100,peripheral,0.462875,"Отправителей: 1, получателей: 2; переводов вход/выход: 1/4; недостаточно признаков роли. Достижим от 1 seed; переводов 5; входящий+исходящий объём 880,354 KZT."
657,100000000629812100,terminal,0.462467,"Входящих переводов: 2, отправителей: 2, исходящих: 0; колено 2; гипотеза конечного получателя. Достижим от 6 seed; переводов 2; входящий+исходящий объём 22,000 KZT."
658,100000001960517100,terminal,0.462282,"Входящих переводов: 1, отправителей: 1, исходящих: 0; колено 1; гипотеза конечного получателя. Достижим от 2 seed; переводов 1; входящий+исходящий объём 200,000 KZT."
659,100000002964966100,terminal,0.462282,"Входящих переводов: 1, отправителей: 1, исходящих: 0; колено 2; гипотеза конечного получателя. Достижим от 2 seed; переводов 1; входящий+исходящий объём 200,000 KZT."
660,100000006852430100,terminal,0.462015,"Входящих переводов: 1, отправителей: 1, исходящих: 0; колено 2; гипотеза конечного получателя. Достижим от 8 seed; переводов 1; входящий+исходящий объём 37,000 KZT."
661,100000000267734100,peripheral,0.461974,"Отправителей: 2, получателей: 7; переводов вход/выход: 4/8; недостаточно признаков роли. Достижим от 1 seed; переводов 12; входящий+исходящий объём 462,000 KZT."
662,100000003888197100,terminal,0.461955,"Входящих переводов: 1, отправителей: 1, исходящих: 0; колено 3; гипотеза конечного получателя. Достижим от 3 seed; переводов 1; входящий+исходящий объём 83,167 KZT."
663,100000006492770100,peripheral,0.461733,"Отправителей: 1, получателей: 1; переводов вход/выход: 1/1; недостаточно признаков роли. Достижим от 2 seed; переводов 2; входящий+исходящий объём 289,000 KZT."
664,100000002594214100,peripheral,0.461719,"Граница 4-го колена: исходящие не наблюдаются; роль не определена. Достижим от 3 seed; переводов 1; входящий+исходящий объём 1,000,000 KZT."
665,100000001541418100,terminal,0.461194,"Входящих переводов: 2, отправителей: 2, исходящих: 0; колено 2; гипотеза конечного получателя. Достижим от 2 seed; переводов 2; входящий+исходящий объём 96,900 KZT."
666,100000008174521100,terminal,0.460945,"Входящих переводов: 1, отправителей: 1, исходящих: 0; колено 2; гипотеза конечного получателя. Достижим от 3 seed; переводов 1; входящий+исходящий объём 82,110 KZT."
667,100000003292979100,terminal,0.460711,"Входящих переводов: 1, отправителей: 1, исходящих: 0; колено 2; гипотеза конечного получателя. Достижим от 4 seed; переводов 1; входящий+исходящий объём 48,950 KZT."
668,100000003971049100,terminal,0.460342,"Входящих переводов: 7, отправителей: 1, исходящих: 0; колено 2; гипотеза конечного получателя. Достижим от 2 seed; переводов 7; входящий+исходящий объём 55,900 KZT."
669,100000002432143100,terminal,0.460272,"Входящих переводов: 1, отправителей: 1, исходящих: 0; колено 2; гипотеза конечного получателя. Достижим от 3 seed; переводов 1; входящий+исходящий объём 81,310 KZT."
670,100000005668605100,peripheral,0.4597,"Отправителей: 3, получателей: 0; переводов вход/выход: 3/0; недостаточно признаков роли; входящие seed неполны. Достижим от 7 seed; переводов 3; входящий+исходящий объём 94,500 KZT."
671,100000003164661100,terminal,0.459607,"Входящих переводов: 3, отправителей: 1, исходящих: 0; колено 3; гипотеза конечного получателя. Достижим от 1 seed; переводов 3; входящий+исходящий объём 596,200 KZT."
672,100000004186824100,peripheral,0.458906,"Отправителей: 2, получателей: 1; переводов вход/выход: 7/1; недостаточно признаков роли. Достижим от 2 seed; переводов 8; входящий+исходящий объём 458,700 KZT."
673,100000008730021100,terminal,0.458704,"Входящих переводов: 3, отправителей: 1, исходящих: 0; колено 1; гипотеза конечного получателя. Достижим от 2 seed; переводов 3; входящий+исходящий объём 75,555 KZT."
674,100000003964910100,terminal,0.458676,"Входящих переводов: 2, отправителей: 2, исходящих: 0; колено 3; гипотеза конечного получателя. Достижим от 1 seed; переводов 2; входящий+исходящий объём 1,000,000 KZT."
675,100000008223661100,peripheral,0.458256,"Отправителей: 2, получателей: 5; переводов вход/выход: 2/5; недостаточно признаков роли. Достижим от 2 seed; переводов 7; входящий+исходящий объём 464,580 KZT."
676,100000001835625100,terminal,0.457244,"Входящих переводов: 1, отправителей: 1, исходящих: 0; колено 3; гипотеза конечного получателя. Достижим от 3 seed; переводов 1; входящий+исходящий объём 75,130 KZT."
677,100000006789108100,terminal,0.457225,"Входящих переводов: 1, отправителей: 1, исходящих: 0; колено 1; гипотеза конечного получателя. Достижим от 5 seed; переводов 1; входящий+исходящий объём 37,500 KZT."
678,100000005539201100,peripheral,0.457021,"Отправителей: 1, получателей: 1; переводов вход/выход: 1/1; недостаточно признаков роли. Достижим от 2 seed; переводов 2; входящий+исходящий объём 70,504 KZT."
679,100000002847207100,terminal,0.456785,"Входящих переводов: 1, отправителей: 1, исходящих: 0; колено 1; гипотеза конечного получателя. Достижим от 4 seed; переводов 1; входящий+исходящий объём 46,243 KZT."
680,100000003988112100,peripheral,0.455966,"Отправителей: 1, получателей: 1; переводов вход/выход: 2/5; недостаточно признаков роли. Достижим от 3 seed; переводов 7; входящий+исходящий объём 156,000 KZT."
681,100000003917461100,peripheral,0.455093,"Отправителей: 1, получателей: 2; переводов вход/выход: 1/5; недостаточно признаков роли. Достижим от 2 seed; переводов 6; входящий+исходящий объём 150,000 KZT."
682,100000000557536100,peripheral,0.454564,"Граница 4-го колена: исходящие не наблюдаются; роль не определена. Достижим от 3 seed; переводов 7; входящий+исходящий объём 153,000 KZT."
683,100000003610172100,terminal,0.45416,"Входящих переводов: 1, отправителей: 1, исходящих: 0; колено 3; гипотеза конечного получателя. Достижим от 3 seed; переводов 1; входящий+исходящий объём 70,000 KZT."
684,100000004399686100,terminal,0.454134,"Входящих переводов: 2, отправителей: 1, исходящих: 0; колено 3; гипотеза конечного получателя. Достижим от 1 seed; переводов 2; входящий+исходящий объём 806,000 KZT."
685,100000001382002100,transit,0.453222,"Отдал/получил в выборке: 1.03; временно сопоставлено за 48 ч: 0%; признаки транзита. Достижим от 1 seed; переводов 5; входящий+исходящий объём 111,500 KZT."
686,100000000297649100,peripheral,0.453196,"Отправителей: 1, получателей: 1; переводов вход/выход: 1/2; недостаточно признаков роли. Достижим от 4 seed; переводов 3; входящий+исходящий объём 110,600 KZT."
687,100000002991079100,peripheral,0.452883,"Отправителей: 2, получателей: 1; переводов вход/выход: 3/1; недостаточно признаков роли. Достижим от 2 seed; переводов 4; входящий+исходящий объём 159,900 KZT."
688,100000004221668100,peripheral,0.452856,"Отправителей: 4, получателей: 3; переводов вход/выход: 8/10; недостаточно признаков роли. Достижим от 1 seed; переводов 18; входящий+исходящий объём 1,859,740 KZT."
689,100000005584222100,peripheral,0.452566,"Отправителей: 2, получателей: 2; переводов вход/выход: 6/3; недостаточно признаков роли. Достижим от 1 seed; переводов 9; входящий+исходящий объём 301,304 KZT."
690,100000004368189100,peripheral,0.451579,"Отправителей: 1, получателей: 2; переводов вход/выход: 1/2; недостаточно признаков роли. Достижим от 2 seed; переводов 3; входящий+исходящий объём 412,800 KZT."
691,100000001346560100,peripheral,0.451517,"Отправителей: 2, получателей: 1; переводов вход/выход: 2/1; недостаточно признаков роли. Достижим от 8 seed; переводов 3; входящий+исходящий объём 32,200 KZT."
692,100000002559089100,terminal,0.451442,"Входящих переводов: 2, отправителей: 2, исходящих: 0; колено 3; гипотеза конечного получателя. Достижим от 1 seed; переводов 2; входящий+исходящий объём 715,000 KZT."
693,100000003037476100,peripheral,0.450281,"Граница 4-го колена: исходящие не наблюдаются; роль не определена. Достижим от 2 seed; переводов 3; входящий+исходящий объём 555,000 KZT."
694,100000008088082100,peripheral,0.450022,"Отправителей: 1, получателей: 1; переводов вход/выход: 1/1; недостаточно признаков роли. Достижим от 3 seed; переводов 2; входящий+исходящий объём 89,138 KZT."
695,100000008237827100,terminal,0.449719,"Входящих переводов: 1, отправителей: 1, исходящих: 0; колено 1; гипотеза конечного получателя. Достижим от 4 seed; переводов 1; входящий+исходящий объём 40,001 KZT."
696,100000001386612100,terminal,0.449617,"Входящих переводов: 1, отправителей: 1, исходящих: 0; колено 2; гипотеза конечного получателя. Достижим от 3 seed; переводов 1; входящий+исходящий объём 62,264 KZT."
697,100000005034574100,terminal,0.449288,"Входящих переводов: 16, отправителей: 1, исходящих: 0; колено 1; гипотеза конечного получателя. Достижим от 1 seed; переводов 16; входящий+исходящий объём 258,816 KZT."
698,100000003003821100,terminal,0.449047,"Входящих переводов: 1, отправителей: 1, исходящих: 0; колено 2; гипотеза конечного получателя. Достижим от 4 seed; переводов 1; входящий+исходящий объём 40,000 KZT."
699,100000003877908100,terminal,0.449047,"Входящих переводов: 1, отправителей: 1, исходящих: 0; колено 1; гипотеза конечного получателя. Достижим от 4 seed; переводов 1; входящий+исходящий объём 40,000 KZT."
700,100000004509286100,terminal,0.449047,"Входящих переводов: 1, отправителей: 1, исходящих: 0; колено 1; гипотеза конечного получателя. Достижим от 4 seed; переводов 1; входящий+исходящий объём 40,000 KZT."
701,100000006994985100,peripheral,0.448126,"Отправителей: 1, получателей: 1; переводов вход/выход: 2/2; недостаточно признаков роли. Достижим от 3 seed; переводов 4; входящий+исходящий объём 58,700 KZT."
702,100000001329153100,terminal,0.447982,"Входящих переводов: 1, отправителей: 1, исходящих: 0; колено 3; гипотеза конечного получателя. Достижим от 2 seed; переводов 1; входящий+исходящий объём 150,687 KZT."
703,100000005616568100,peripheral,0.44798,"Граница 4-го колена: исходящие не наблюдаются; роль не определена. Достижим от 3 seed; переводов 1; входящий+исходящий объём 530,000 KZT."
704,100000008376785100,peripheral,0.447957,"Граница 4-го колена: исходящие не наблюдаются; роль не определена. Достижим от 3 seed; переводов 2; входящий+исходящий объём 234,250 KZT."
705,100000000646541100,terminal,0.447867,"Входящих переводов: 4, отправителей: 3, исходящих: 0; колено 2; гипотеза конечного получателя. Достижим от 3 seed; переводов 4; входящий+исходящий объём 25,300 KZT."
706,100000003001564100,peripheral,0.447489,"Отправителей: 1, получателей: 1; переводов вход/выход: 1/1; недостаточно признаков роли. Достижим от 2 seed; переводов 2; входящий+исходящий объём 203,520 KZT."
707,100000008516839100,peripheral,0.447239,"Отправителей: 3, получателей: 0; переводов вход/выход: 4/0; недостаточно признаков роли; входящие seed неполны. Достижим от 3 seed; переводов 4; входящий+исходящий объём 155,000 KZT."
708,100000003270419100,terminal,0.447085,"Входящих переводов: 1, отправителей: 1, исходящих: 0; колено 3; гипотеза конечного получателя. Достижим от 2 seed; переводов 1; входящий+исходящий объём 150,000 KZT."
709,100000008775471100,terminal,0.446956,"Входящих переводов: 2, отправителей: 1, исходящих: 0; колено 3; гипотеза конечного получателя. Достижим от 1 seed; переводов 2; входящий+исходящий объём 580,000 KZT."
710,100000006756956100,peripheral,0.446858,"Граница 4-го колена: исходящие не наблюдаются; роль не определена. Достижим от 3 seed; переводов 9; входящий+исходящий объём 121,200 KZT."
711,100000007274584100,terminal,0.446579,"Входящих переводов: 1, отправителей: 1, исходящих: 0; колено 1; гипотеза конечного получателя. Достижим от 4 seed; переводов 1; входящий+исходящий объём 38,000 KZT."
712,100000000254336100,peripheral,0.446457,"Отправителей: 2, получателей: 1; переводов вход/выход: 2/1; недостаточно признаков роли. Достижим от 2 seed; переводов 3; входящий+исходящий объём 157,177 KZT."
713,100000008647905100,peripheral,0.445792,"Отправителей: 1, получателей: 2; переводов вход/выход: 1/2; недостаточно признаков роли. Достижим от 1 seed; переводов 3; входящий+исходящий объём 394,222 KZT."
714,100000008221543100,terminal,0.445497,"Входящих переводов: 2, отправителей: 2, исходящих: 0; колено 1; гипотеза конечного получателя. Достижим от 1 seed; переводов 2; входящий+исходящий объём 542,000 KZT."
715,100000005475379100,peripheral,0.445358,"Отправителей: 1, получателей: 3; переводов вход/выход: 1/3; недостаточно признаков роли. Достижим от 1 seed; переводов 4; входящий+исходящий объём 189,370 KZT."
716,100000002824176100,terminal,0.444617,"Входящих переводов: 1, отправителей: 1, исходящих: 0; колено 1; гипотеза конечного получателя. Достижим от 2 seed; переводов 1; входящий+исходящий объём 144,000 KZT."
717,100000006126743100,terminal,0.443897,"Входящих переводов: 1, отправителей: 1, исходящих: 0; колено 3; гипотеза конечного получателя. Достижим от 3 seed; переводов 1; входящий+исходящий объём 55,000 KZT."
718,100000008721637100,peripheral,0.443405,"Отправителей: 1, получателей: 2; переводов вход/выход: 1/2; недостаточно признаков роли. Достижим от 1 seed; переводов 3; входящий+исходящий объём 151,041 KZT."
719,100000002807334100,terminal,0.443336,"Входящих переводов: 1, отправителей: 1, исходящих: 0; колено 3; гипотеза конечного получателя. Достижим от 3 seed; переводов 1; входящий+исходящий объём 54,715 KZT."
720,100000001686328100,terminal,0.443272,"Входящих переводов: 1, отправителей: 1, исходящих: 0; колено 3; гипотеза конечного получателя. Достижим от 2 seed; переводов 1; входящий+исходящий объём 140,000 KZT."
721,100000007793871100,terminal,0.442618,"Входящих переводов: 3, отправителей: 1, исходящих: 0; колено 3; гипотеза конечного получателя. Достижим от 3 seed; переводов 3; входящий+исходящий объём 26,000 KZT."
722,100000002492277100,terminal,0.442599,"Входящих переводов: 1, отправителей: 1, исходящих: 0; колено 2; гипотеза конечного получателя. Достижим от 2 seed; переводов 1; входящий+исходящий объём 138,500 KZT."
723,100000003832231100,terminal,0.442261,"Входящих переводов: 1, отправителей: 1, исходящих: 0; колено 1; гипотеза конечного получателя. Достижим от 4 seed; переводов 1; входящий+исходящий объём 35,000 KZT."
724,100000004659919100,peripheral,0.441971,"Отправителей: 1, получателей: 1; переводов вход/выход: 2/1; недостаточно признаков роли. Достижим от 2 seed; переводов 3; входящий+исходящий объём 149,000 KZT."
725,100000006664478100,transit,0.44196,"Отдал/получил в выборке: 1.09; временно сопоставлено за 48 ч: 0%; признаки транзита. Достижим от 1 seed; переводов 5; входящий+исходящий объём 115,000 KZT."
726,100000004217419100,peripheral,0.441836,"Отправителей: 2, получателей: 1; переводов вход/выход: 3/1; недостаточно признаков роли. Достижим от 2 seed; переводов 4; входящий+исходящий объём 125,900 KZT."
727,100000002255058100,terminal,0.441684,"Входящих переводов: 2, отправителей: 1, исходящих: 0; колено 3; гипотеза конечного получателя. Достижим от 1 seed; переводов 2; входящий+исходящий объём 491,500 KZT."
728,100000005815602100,peripheral,0.441489,"Отправителей: 1, получателей: 1; переводов вход/выход: 1/1; недостаточно признаков роли. Достижим от 2 seed; переводов 2; входящий+исходящий объём 185,000 KZT."
729,100000003034546100,terminal,0.441011,"Входящих переводов: 2, отправителей: 1, исходящих: 0; колено 2; гипотеза конечного получателя. Достижим от 1 seed; переводов 2; входящий+исходящий объём 486,715 KZT."
730,100000007841978100,peripheral,0.440353,"Граница 4-го колена: исходящие не наблюдаются; роль не определена. Достижим от 3 seed; переводов 1; входящий+исходящий объём 449,000 KZT."
731,100000003235780100,terminal,0.440333,"Входящих переводов: 2, отправителей: 2, исходящих: 0; колено 1; гипотеза конечного получателя. Достижим от 2 seed; переводов 2; входящий+исходящий объём 65,000 KZT."
732,100000000288317100,peripheral,0.43975,"Отправителей: 2, получателей: 3; переводов вход/выход: 2/3; недостаточно признаков роли. Достижим от 1 seed; переводов 5; входящий+исходящий объём 153,500 KZT."
733,100000005849100100,terminal,0.439681,"Входящих переводов: 1, отправителей: 1, исходящих: 0; колено 2; гипотеза конечного получателя. Достижим от 4 seed; переводов 1; входящий+исходящий объём 33,300 KZT."
734,100000000723383100,peripheral,0.439676,"Отправителей: 1, получателей: 2; переводов вход/выход: 1/2; недостаточно признаков роли. Достижим от 1 seed; переводов 3; входящий+исходящий объём 81,800 KZT."
735,100000008306857100,terminal,0.439626,"Входящих переводов: 1, отправителей: 1, исходящих: 0; колено 3; гипотеза конечного получателя. Достижим от 2 seed; переводов 1; входящий+исходящий объём 125,000 KZT."
736,100000007865484100,peripheral,0.439593,"Граница 4-го колена: исходящие не наблюдаются; роль не определена. Достижим от 2 seed; переводов 2; входящий+исходящий объём 584,600 KZT."
737,100000002757240100,terminal,0.439186,"Входящих переводов: 1, отправителей: 1, исходящих: 0; колено 2; гипотеза конечного получателя. Достижим от 3 seed; переводов 1; входящий+исходящий объём 51,183 KZT."
738,100000002990675100,terminal,0.439074,"Входящих переводов: 1, отправителей: 1, исходящих: 0; колено 3; гипотеза конечного получателя. Достижим от 3 seed; переводов 1; входящий+исходящий объём 51,143 KZT."
739,100000003798151100,terminal,0.438913,"Входящих переводов: 3, отправителей: 1, исходящих: 0; колено 2; гипотеза конечного получателя. Достижим от 1 seed; переводов 3; входящий+исходящий объём 350,000 KZT."
740,100000004539443100,terminal,0.438426,"Входящих переводов: 2, отправителей: 2, исходящих: 0; колено 3; гипотеза конечного получателя. Достижим от 2 seed; переводов 2; входящий+исходящий объём 61,990 KZT."
741,100000002567887100,terminal,0.438401,"Входящих переводов: 1, отправителей: 1, исходящих: 0; колено 3; гипотеза конечного получателя. Достижим от 3 seed; переводов 1; входящий+исходящий объём 50,915 KZT."
742,100000005493505100,peripheral,0.438095,"Отправителей: 3, получателей: 0; переводов вход/выход: 3/0; недостаточно признаков роли; входящие seed неполны. Достижим от 6 seed; переводов 3; входящий+исходящий объём 62,020 KZT."
743,100000005661829100,transit,0.437998,"Отдал/получил в выборке: 1.07; временно сопоставлено за 48 ч: 46%; признаки транзита. Достижим от 1 seed; переводов 5; входящий+исходящий объём 78,152 KZT."
744,100000001934935100,terminal,0.437888,"Входящих переводов: 1, отправителей: 1, исходящих: 0; колено 3; гипотеза конечного получателя. Достижим от 2 seed; переводов 1; входящий+исходящий объём 118,935 KZT."
745,100000002890167100,terminal,0.437664,"Входящих переводов: 1, отправителей: 1, исходящих: 0; колено 1; гипотеза конечного получателя. Достижим от 2 seed; переводов 1; входящий+исходящий объём 118,150 KZT."
746,100000008168850100,peripheral,0.437639,"Граница 4-го колена: исходящие не наблюдаются; роль не определена. Достижим от 3 seed; переводов 2; входящий+исходящий объём 187,910 KZT."
747,100000004451012100,peripheral,0.437395,"Отправителей: 1, получателей: 3; переводов вход/выход: 1/3; недостаточно признаков роли. Достижим от 1 seed; переводов 4; входящий+исходящий объём 156,985 KZT."
748,100000003031890100,terminal,0.436659,"Входящих переводов: 10, отправителей: 1, исходящих: 0; колено 2; гипотеза конечного получателя. Достижим от 1 seed; переводов 10; входящий+исходящий объём 215,000 KZT."
749,100000008669310100,terminal,0.436183,"Входящих переводов: 2, отправителей: 1, исходящих: 0; колено 3; гипотеза конечного получателя. Достижим от 2 seed; переводов 2; входящий+исходящий объём 59,567 KZT."
750,100000003293377100,terminal,0.436046,"Входящих переводов: 1, отправителей: 1, исходящих: 0; колено 3; гипотеза конечного получателя. Достижим от 3 seed; переводов 1; входящий+исходящий объём 50,000 KZT."
751,100000002633108100,terminal,0.435829,"Входящих переводов: 3, отправителей: 1, исходящих: 0; колено 3; гипотеза конечного получателя. Достижим от 1 seed; переводов 3; входящий+исходящий объём 320,000 KZT."
752,100000000764836100,peripheral,0.43581,"Отправителей: 1, получателей: 2; переводов вход/выход: 1/2; недостаточно признаков роли. Достижим от 1 seed; переводов 3; входящий+исходящий объём 301,716 KZT."
753,100000000942301100,terminal,0.435174,"Входящих переводов: 2, отправителей: 1, исходящих: 0; колено 3; гипотеза конечного получателя. Достижим от 2 seed; переводов 2; входящий+исходящий объём 57,580 KZT."
754,100000005317181100,peripheral,0.434142,"Отправителей: 1, получателей: 1; переводов вход/выход: 1/1; недостаточно признаков роли. Достижим от 2 seed; переводов 2; входящий+исходящий объём 155,750 KZT."
755,100000001578517100,terminal,0.433344,"Входящих переводов: 1, отправителей: 1, исходящих: 0; колено 2; гипотеза конечного получателя. Достижим от 4 seed; переводов 1; входящий+исходящий объём 30,000 KZT."
756,100000002173070100,terminal,0.433344,"Входящих переводов: 1, отправителей: 1, исходящих: 0; колено 2; гипотеза конечного получателя. Достижим от 4 seed; переводов 1; входящий+исходящий объём 30,000 KZT."
757,100000001073568100,peripheral,0.433295,"Отправителей: 1, получателей: 2; переводов вход/выход: 4/3; недостаточно признаков роли. Достижим от 1 seed; переводов 7; входящий+исходящий объём 926,968 KZT."
758,100000003795588100,terminal,0.43316,"Входящих переводов: 2, отправителей: 1, исходящих: 0; колено 3; гипотеза конечного получателя. Достижим от 1 seed; переводов 2; входящий+исходящий объём 400,000 KZT."
759,100000004652395100,peripheral,0.43221,"Граница 4-го колена: исходящие не наблюдаются; роль не определена. Достижим от 3 seed; переводов 5; входящий+исходящий объём 101,528 KZT."
760,100000000291908100,peripheral,0.432167,"Отправителей: 1, получателей: 1; переводов вход/выход: 5/1; недостаточно признаков роли. Достижим от 1 seed; переводов 6; входящий+исходящий объём 308,800 KZT."
761,100000003112578100,terminal,0.431158,"Входящих переводов: 1, отправителей: 1, исходящих: 0; колено 3; гипотеза конечного получателя. Достижим от 2 seed; переводов 1; входящий+исходящий объём 101,080 KZT."
762,100000003072205100,peripheral,0.431134,"Граница 4-го колена: исходящие не наблюдаются; роль не определена. Достижим от 3 seed; переводов 2; входящий+исходящий объём 163,000 KZT."
763,100000000878006100,terminal,0.430775,"Входящих переводов: 1, отправителей: 1, исходящих: 0; колено 3; гипотеза конечного получателя. Достижим от 3 seed; переводов 1; входящий+исходящий объём 47,003 KZT."
764,100000003215448100,peripheral,0.430627,"Отправителей: 1, получателей: 2; переводов вход/выход: 1/4; недостаточно признаков роли. Достижим от 1 seed; переводов 5; входящий+исходящий объём 215,309 KZT."
765,100000007629121100,terminal,0.43054,"Входящих переводов: 1, отправителей: 1, исходящих: 0; колено 2; гипотеза конечного получателя. Достижим от 4 seed; переводов 1; входящий+исходящий объём 29,000 KZT."
766,100000004340038100,peripheral,0.430282,"Отправителей: 1, получателей: 1; переводов вход/выход: 1/1; недостаточно признаков роли. Достижим от 3 seed; переводов 2; входящий+исходящий объём 58,978 KZT."
767,100000002600345100,terminal,0.429902,"Входящих переводов: 2, отправителей: 2, исходящих: 0; колено 1; гипотеза конечного получателя. Достижим от 2 seed; переводов 2; входящий+исходящий объём 52,400 KZT."
768,100000001601320100,transit,0.429662,"Отдал/получил в выборке: 1.06; временно сопоставлено за 48 ч: 0%; признаки транзита. Достижим от 1 seed; переводов 3; входящий+исходящий объём 89,700 KZT."
769,100000002593038100,terminal,0.429643,"Входящих переводов: 1, отправителей: 1, исходящих: 0; колено 2; гипотеза конечного получателя. Достижим от 4 seed; переводов 1; входящий+исходящий объём 28,500 KZT."
770,100000003886323100,peripheral,0.429477,"Отправителей: 2, получателей: 1; переводов вход/выход: 6/1; недостаточно признаков роли. Достижим от 2 seed; переводов 7; входящий+исходящий объём 85,818 KZT."
771,100000000790311100,terminal,0.429317,"Входящих переводов: 1, отправителей: 1, исходящих: 0; колено 2; гипотеза конечного получателя. Достижим от 3 seed; переводов 1; входящий+исходящий объём 46,300 KZT."
772,100000008070101100,terminal,0.429308,"Входящих переводов: 1, отправителей: 1, исходящих: 0; колено 3; гипотеза конечного получателя. Достижим от 2 seed; переводов 1; входящий+исходящий объём 100,000 KZT."
773,100000008417029100,terminal,0.429308,"Входящих переводов: 1, отправителей: 1, исходящих: 0; колено 3; гипотеза конечного получателя. Достижим от 2 seed; переводов 1; входящий+исходящий объём 100,000 KZT."
774,100000002713074100,peripheral,0.428494,"Отправителей: 2, получателей: 1; переводов вход/выход: 2/2; недостаточно признаков роли. Достижим от 1 seed; переводов 4; входящий+исходящий объём 1,130,000 KZT."
775,100000001130176100,terminal,0.428004,"Входящих переводов: 2, отправителей: 1, исходящих: 0; колено 3; гипотеза конечного получателя. Достижим от 3 seed; переводов 2; входящий+исходящий объём 25,000 KZT."
776,100000007283257100,terminal,0.427878,"Входящих переводов: 7, отправителей: 1, исходящих: 0; колено 1; гипотеза конечного получателя. Достижим от 1 seed; переводов 7; входящий+исходящий объём 192,000 KZT."
777,100000008493007100,transit,0.427377,"Отдал/получил в выборке: 1.00; временно сопоставлено за 48 ч: 100%; признаки транзита. Достижим от 1 seed; переводов 2; входящий+исходящий объём 52,300 KZT."
778,100000008060273100,terminal,0.426887,"Входящих переводов: 2, отправителей: 1, исходящих: 0; колено 2; гипотеза конечного получателя. Достижим от 8 seed; переводов 2; входящий+исходящий объём 10,000 KZT."
779,100000008551752100,peripheral,0.426022,"Граница 4-го колена: исходящие не наблюдаются; роль не определена. Достижим от 2 seed; переводов 2; входящий+исходящий объём 406,000 KZT."
780,100000001703168100,peripheral,0.425787,"Отправителей: 1, получателей: 1; переводов вход/выход: 1/1; недостаточно признаков роли. Достижим от 2 seed; переводов 2; входящий+исходящий объём 135,000 KZT."
781,100000005175148100,peripheral,0.425536,"Отправителей: 2, получателей: 1; переводов вход/выход: 4/1; недостаточно признаков роли. Достижим от 3 seed; переводов 5; входящий+исходящий объём 94,000 KZT."
782,100000005142589100,terminal,0.425416,"Входящих переводов: 2, отправителей: 1, исходящих: 0; колено 2; гипотеза конечного получателя. Достижим от 2 seed; переводов 2; входящий+исходящий объём 50,000 KZT."
783,100000004360785100,terminal,0.425326,"Входящих переводов: 1, отправителей: 1, исходящих: 0; колено 1; гипотеза конечного получателя. Достижим от 2 seed; переводов 1; входящий+исходящий объём 94,705 KZT."
784,100000002032323100,peripheral,0.424591,"Отправителей: 1, получателей: 1; переводов вход/выход: 1/2; недостаточно признаков роли. Достижим от 1 seed; переводов 3; входящий+исходящий объём 1,350,000 KZT."
785,100000008599354100,peripheral,0.424324,"Отправителей: 1, получателей: 1; переводов вход/выход: 1/2; недостаточно признаков роли. Достижим от 2 seed; переводов 3; входящий+исходящий объём 215,200 KZT."
786,100000006638021100,peripheral,0.424115,"Граница 4-го колена: исходящие не наблюдаются; роль не определена. Достижим от 2 seed; переводов 2; входящий+исходящий объём 388,500 KZT."
787,100000005022552100,peripheral,0.42407,"Отправителей: 1, получателей: 1; переводов вход/выход: 3/1; недостаточно признаков роли. Достижим от 2 seed; переводов 4; входящий+исходящий объём 246,000 KZT."
788,100000003831201100,terminal,0.423879,"Входящих переводов: 3, отправителей: 1, исходящих: 0; колено 2; гипотеза конечного получателя. Достижим от 2 seed; переводов 3; входящий+исходящий объём 40,500 KZT."
789,100000001083990100,terminal,0.423846,"Входящих переводов: 2, отправителей: 1, исходящих: 0; колено 2; гипотеза конечного получателя. Достижим от 2 seed; переводов 2; входящий+исходящий объём 49,900 KZT."
790,100000007797290100,peripheral,0.422198,"Отправителей: 1, получателей: 1; переводов вход/выход: 1/1; недостаточно признаков роли. Достижим от 2 seed; переводов 2; входящий+исходящий объём 120,000 KZT."
791,100000000933075100,peripheral,0.421614,"Отправителей: 1, получателей: 2; переводов вход/выход: 1/2; недостаточно признаков роли. Достижим от 2 seed; переводов 3; входящий+исходящий объём 95,000 KZT."
792,100000008664469100,terminal,0.421287,"Входящих переводов: 1, отправителей: 1, исходящих: 0; колено 1; гипотеза конечного получателя. Достижим от 4 seed; переводов 1; входящий+исходящий объём 25,000 KZT."
793,100000001232297100,peripheral,0.421222,"Отправителей: 1, получателей: 2; переводов вход/выход: 1/2; недостаточно признаков роли. Достижим от 5 seed; переводов 3; входящий+исходящий объём 50,000 KZT."
794,100000008422226100,terminal,0.420279,"Входящих переводов: 1, отправителей: 1, исходящих: 0; колено 3; гипотеза конечного получателя. Достижим от 2 seed; переводов 1; входящий+исходящий объём 87,450 KZT."
795,100000005939154100,terminal,0.419929,"Входящих переводов: 2, отправителей: 1, исходящих: 0; колено 2; гипотеза конечного получателя. Достижим от 3 seed; переводов 2; входящий+исходящий объём 22,000 KZT."
796,100000006165886100,peripheral,0.41983,"Отправителей: 2, получателей: 1; переводов вход/выход: 2/1; недостаточно признаков роли. Достижим от 2 seed; переводов 3; входящий+исходящий объём 259,481 KZT."
797,100000005314565100,terminal,0.419678,"Входящих переводов: 3, отправителей: 1, исходящих: 0; колено 3; гипотеза конечного получателя. Достижим от 1 seed; переводов 3; входящий+исходящий объём 218,500 KZT."
798,100000005268319100,peripheral,0.419481,"Отправителей: 1, получателей: 5; переводов вход/выход: 2/10; недостаточно признаков роли. Достижим от 1 seed; переводов 12; входящий+исходящий объём 110,713 KZT."
799,100000003199390100,peripheral,0.418706,"Граница 4-го колена: исходящие не наблюдаются; роль не определена. Достижим от 3 seed; переводов 1; входящий+исходящий объём 260,000 KZT."
800,100000006122699100,terminal,0.418126,"Входящих переводов: 2, отправителей: 2, исходящих: 0; колено 2; гипотеза конечного получателя. Достижим от 2 seed; переводов 2; входящий+исходящий объём 45,865 KZT."
801,100000004591973100,peripheral,0.417992,"Отправителей: 1, получателей: 1; переводов вход/выход: 1/1; недостаточно признаков роли. Достижим от 2 seed; переводов 2; входящий+исходящий объём 110,000 KZT."
802,100000004475818100,peripheral,0.417686,"Отправителей: 1, получателей: 3; переводов вход/выход: 1/3; недостаточно признаков роли. Достижим от 1 seed; переводов 4; входящий+исходящий объём 66,989 KZT."
803,100000001690558100,terminal,0.417592,"Входящих переводов: 1, отправителей: 1, исходящих: 0; колено 3; гипотеза конечного получателя. Достижим от 1 seed; переводов 1; входящий+исходящий объём 740,000 KZT."
804,100000005852946100,terminal,0.41753,"Входящих переводов: 1, отправителей: 1, исходящих: 0; колено 1; гипотеза конечного получателя. Достижим от 4 seed; переводов 1; входящий+исходящий объём 23,746 KZT."
805,100000003781406100,terminal,0.41706,"Входящих переводов: 2, отправителей: 1, исходящих: 0; колено 3; гипотеза конечного получателя. Достижим от 2 seed; переводов 2; входящий+исходящий объём 45,000 KZT."
806,100000002119762100,peripheral,0.416923,"Граница 4-го колена: исходящие не наблюдаются; роль не определена. Достижим от 3 seed; переводов 6; входящий+исходящий объём 77,000 KZT."
807,100000000922570100,transit,0.416818,"Отдал/получил в выборке: 1.06; временно сопоставлено за 48 ч: 0%; признаки транзита. Достижим от 1 seed; переводов 2; входящий+исходящий объём 97,101 KZT."
808,100000008432942100,terminal,0.415883,"Входящих переводов: 2, отправителей: 1, исходящих: 0; колено 3; гипотеза конечного получателя. Достижим от 2 seed; переводов 2; входящий+исходящий объём 44,542 KZT."
809,100000008665380100,peripheral,0.415838,"Отправителей: 2, получателей: 1; переводов вход/выход: 2/1; недостаточно признаков роли. Достижим от 2 seed; переводов 3; входящий+исходящий объём 87,300 KZT."
810,100000000806727100,peripheral,0.415043,"Отправителей: 1, получателей: 1; переводов вход/выход: 1/1; недостаточно признаков роли. Достижим от 8 seed; переводов 2; входящий+исходящий объём 50,000 KZT."
811,100000004331458100,terminal,0.414205,"Входящих переводов: 2, отправителей: 2, исходящих: 0; колено 2; гипотеза конечного получателя. Достижим от 1 seed; переводов 2; входящий+исходящий объём 250,000 KZT."
812,100000002028158100,terminal,0.414063,"Входящих переводов: 1, отправителей: 1, исходящих: 0; колено 2; гипотеза конечного получателя. Достижим от 3 seed; переводов 1; входящий+исходящий объём 34,800 KZT."
813,100000002799941100,terminal,0.413835,"Входящих переводов: 1, отправителей: 1, исходящих: 0; колено 3; гипотеза конечного получателя. Достижим от 1 seed; переводов 1; входящий+исходящий объём 600,000 KZT."
814,100000004737764100,terminal,0.413835,"Входящих переводов: 1, отправителей: 1, исходящих: 0; колено 3; гипотеза конечного получателя. Достижим от 1 seed; переводов 1; входящий+исходящий объём 600,000 KZT."
815,100000008497298100,terminal,0.413835,"Входящих переводов: 1, отправителей: 1, исходящих: 0; колено 2; гипотеза конечного получателя. Достижим от 1 seed; переводов 1; входящий+исходящий объём 600,000 KZT."
816,100000004959752100,terminal,0.413661,"Входящих переводов: 1, отправителей: 1, исходящих: 0; колено 3; гипотеза конечного получателя. Достижим от 4 seed; переводов 1; входящий+исходящий объём 22,200 KZT."
817,100000004806903100,terminal,0.413315,"Входящих переводов: 1, отправителей: 1, исходящих: 0; колено 2; гипотеза конечного получателя. Достижим от 5 seed; переводов 1; входящий+исходящий объём 18,000 KZT."
818,100000001285440100,terminal,0.41286,"Входящих переводов: 2, отправителей: 2, исходящих: 0; колено 3; гипотеза конечного получателя. Достижим от 1 seed; переводов 2; входящий+исходящий объём 243,000 KZT."
819,100000001641789100,terminal,0.412362,"Входящих переводов: 1, отправителей: 1, исходящих: 0; колено 1; гипотеза конечного получателя. Достижим от 5 seed; переводов 1; входящий+исходящий объём 17,826 KZT."
820,100000002472632100,peripheral,0.412119,"Отправителей: 2, получателей: 1; переводов вход/выход: 3/1; недостаточно признаков роли. Достижим от 1 seed; переводов 4; входящий+исходящий объём 522,400 KZT."
821,100000005783452100,peripheral,0.411666,"Граница 4-го колена: исходящие не наблюдаются; роль не определена. Достижим от 2 seed; переводов 2; входящий+исходящий объём 286,500 KZT."
822,100000002886166100,terminal,0.411435,"Входящих переводов: 3, отправителей: 1, исходящих: 0; колено 3; гипотеза конечного получателя. Достижим от 1 seed; переводов 3; входящий+исходящий объём 185,000 KZT."
823,100000008279405100,terminal,0.410841,"Входящих переводов: 2, отправителей: 1, исходящих: 0; колено 3; гипотеза конечного получателя. Достижим от 1 seed; переводов 2; входящий+исходящий объём 234,738 KZT."
824,100000002958343100,peripheral,0.410773,"Отправителей: 1, получателей: 2; переводов вход/выход: 4/17; недостаточно признаков роли. Достижим от 1 seed; переводов 21; входящий+исходящий объём 4,290,000 KZT."
825,100000004094958100,transit,0.410763,"Отдал/получил в выборке: 1.03; временно сопоставлено за 48 ч: 0%; признаки транзита. Достижим от 1 seed; переводов 2; входящий+исходящий объём 79,000 KZT."
826,100000008430691100,peripheral,0.410684,"Отправителей: 1, получателей: 2; переводов вход/выход: 1/2; недостаточно признаков роли. Достижим от 1 seed; переводов 3; входящий+исходящий объём 624,900 KZT."
827,100000006952718100,terminal,0.410521,"Входящих переводов: 1, отправителей: 1, исходящих: 0; колено 1; гипотеза конечного получателя. Достижим от 2 seed; переводов 1; входящий+исходящий объём 71,489 KZT."
828,100000003016438100,peripheral,0.410437,"Отправителей: 1, получателей: 1; переводов вход/выход: 1/3; недостаточно признаков роли. Достижим от 1 seed; переводов 4; входящий+исходящий объём 500,000 KZT."
829,100000005326681100,terminal,0.409352,"Входящих переводов: 1, отправителей: 1, исходящих: 0; колено 2; гипотеза конечного получателя. Достижим от 3 seed; переводов 1; входящий+исходящий объём 31,228 KZT."
830,100000000274067100,peripheral,0.408732,"Отправителей: 2, получателей: 3; переводов вход/выход: 9/9; недостаточно признаков роли. Достижим от 1 seed; переводов 18; входящий+исходящий объём 3,486,704 KZT."
831,100000003835149100,peripheral,0.408687,"Отправителей: 1, получателей: 2; переводов вход/выход: 1/13; недостаточно признаков роли. Достижим от 1 seed; переводов 14; входящий+исходящий объём 4,848,940 KZT."
832,100000001965374100,peripheral,0.408037,"Отправителей: 2, получателей: 3; переводов вход/выход: 8/5; недостаточно признаков роли. Достижим от 1 seed; переводов 13; входящий+исходящий объём 4,841,820 KZT."
833,100000002836052100,terminal,0.407674,"Входящих переводов: 1, отправителей: 1, исходящих: 0; колено 2; гипотеза конечного получателя. Достижим от 8 seed; переводов 1; входящий+исходящий объём 15,000 KZT."
834,100000002457464100,terminal,0.407269,"Входящих переводов: 1, отправителей: 1, исходящих: 0; колено 2; гипотеза конечного получателя. Достижим от 2 seed; переводов 1; входящий+исходящий объём 66,647 KZT."
835,100000004441291100,terminal,0.407212,"Входящих переводов: 1, отправителей: 1, исходящих: 0; колено 2; гипотеза конечного получателя. Достижим от 4 seed; переводов 1; входящий+исходящий объём 20,000 KZT."
836,100000005022964100,terminal,0.407212,"Входящих переводов: 1, отправителей: 1, исходящих: 0; колено 2; гипотеза конечного получателя. Достижим от 4 seed; переводов 1; входящий+исходящий объём 20,000 KZT."
837,100000002778085100,terminal,0.407044,"Входящих переводов: 1, отправителей: 1, исходящих: 0; колено 1; гипотеза конечного получателя. Достижим от 2 seed; переводов 1; входящий+исходящий объём 66,208 KZT."
838,100000005049404100,peripheral,0.406795,"Граница 4-го колена: исходящие не наблюдаются; роль не определена. Достижим от 3 seed; переводов 2; входящий+исходящий объём 98,000 KZT."
839,100000003603979100,terminal,0.406724,"Входящих переводов: 3, отправителей: 1, исходящих: 0; колено 2; гипотеза конечного получателя. Достижим от 1 seed; переводов 3; входящий+исходящий объём 165,000 KZT."
840,100000005409680100,peripheral,0.406225,"Отправителей: 2, получателей: 0; переводов вход/выход: 2/0; недостаточно признаков роли; входящие seed неполны. Достижим от 4 seed; переводов 2; входящий+исходящий объём 55,060 KZT."
841,100000001339466100,terminal,0.405763,"Входящих переводов: 1, отправителей: 1, исходящих: 0; колено 2; гипотеза конечного получателя. Достижим от 3 seed; переводов 1; входящий+исходящий объём 30,000 KZT."
842,100000003814002100,terminal,0.405763,"Входящих переводов: 1, отправителей: 1, исходящих: 0; колено 3; гипотеза конечного получателя. Достижим от 3 seed; переводов 1; входящий+исходящий объём 30,000 KZT."
843,100000005105153100,terminal,0.405763,"Входящих переводов: 1, отправителей: 1, исходящих: 0; колено 2; гипотеза конечного получателя. Достижим от 3 seed; переводов 1; входящий+исходящий объём 30,000 KZT."
844,100000005507142100,peripheral,0.405533,"Отправителей: 3, получателей: 3; переводов вход/выход: 3/4; недостаточно признаков роли. Достижим от 1 seed; переводов 7; входящий+исходящий объём 151,000 KZT."
845,100000008050986100,peripheral,0.405169,"Граница 4-го колена: исходящие не наблюдаются; роль не определена. Достижим от 3 seed; переводов 2; входящий+исходящий объём 95,000 KZT."
846,100000003031761100,terminal,0.404919,"Входящих переводов: 1, отправителей: 1, исходящих: 0; колено 3; гипотеза конечного получателя. Достижим от 1 seed; переводов 1; входящий+исходящий объём 460,408 KZT."
847,100000008418835100,peripheral,0.404806,"Отправителей: 1, получателей: 4; переводов вход/выход: 67/6; недостаточно признаков роли; входящие seed неполны. Достижим от 1 seed; переводов 73; входящий+исходящий объём 1,558,179 KZT."
848,100000003942602100,transit,0.404667,"Отдал/получил в выборке: 1.00; временно сопоставлено за 48 ч: 0%; признаки транзита. Достижим от 1 seed; переводов 2; входящий+исходящий объём 60,000 KZT."
849,100000000943371100,terminal,0.404174,"Входящих переводов: 1, отправителей: 1, исходящих: 0; колено 2; гипотеза конечного получателя. Достижим от 5 seed; переводов 1; входящий+исходящий объём 15,500 KZT."
850,100000008238989100,terminal,0.404167,"Входящих переводов: 2, отправителей: 1, исходящих: 0; колено 2; гипотеза конечного получателя. Достижим от 1 seed; переводов 2; входящий+исходящий объём 200,000 KZT."
851,100000005614315100,terminal,0.404021,"Входящих переводов: 1, отправителей: 1, исходящих: 0; колено 2; гипотеза конечного получателя. Достижим от 1 seed; переводов 1; входящий+исходящий объём 455,000 KZT."
852,100000001737722100,terminal,0.403792,"Входящих переводов: 1, отправителей: 1, исходящих: 0; колено 2; гипотеза конечного получателя. Достижим от 2 seed; переводов 1; входящий+исходящий объём 60,460 KZT."
853,100000004508696100,peripheral,0.402868,"Отправителей: 1, получателей: 3; переводов вход/выход: 1/4; недостаточно признаков роли. Достижим от 1 seed; переводов 5; входящий+исходящий объём 118,000 KZT."
854,100000003122817100,terminal,0.402451,"Входящих переводов: 1, отправителей: 1, исходящих: 0; колено 3; гипотеза конечного получателя. Достижим от 1 seed; переводов 1; входящий+исходящий объём 444,680 KZT."
855,100000004278574100,peripheral,0.402018,"Отправителей: 1, получателей: 1; переводов вход/выход: 1/1; недостаточно признаков роли. Достижим от 3 seed; переводов 2; входящий+исходящий объём 37,500 KZT."
856,100000008555233100,terminal,0.402003,"Входящих переводов: 1, отправителей: 1, исходящих: 0; колено 3; гипотеза конечного получателя. Достижим от 1 seed; переводов 1; входящий+исходящий объём 440,600 KZT."
857,100000004398811100,peripheral,0.401716,"Отправителей: 1, получателей: 3; переводов вход/выход: 1/4; недостаточно признаков роли. Достижим от 1 seed; переводов 5; входящий+исходящий объём 1,466,672 KZT."
858,100000001805543100,terminal,0.401661,"Входящих переводов: 1, отправителей: 1, исходящих: 0; колено 1; гипотеза конечного получателя. Достижим от 2 seed; переводов 1; входящий+исходящий объём 59,000 KZT."
859,100000004235471100,peripheral,0.401658,"Граница 4-го колена: исходящие не наблюдаются; роль не определена. Достижим от 3 seed; переводов 1; входящий+исходящий объём 180,000 KZT."
860,100000002762076100,peripheral,0.401436,"Отправителей: 2, получателей: 1; переводов вход/выход: 2/1; недостаточно признаков роли. Достижим от 2 seed; переводов 3; входящий+исходящий объём 170,350 KZT."
861,100000002731501100,peripheral,0.401374,"Отправителей: 3, получателей: 7; переводов вход/выход: 7/20; недостаточно признаков роли. Достижим от 1 seed; переводов 27; входящий+исходящий объём 1,404,330 KZT."
862,100000000507799100,peripheral,0.401371,"Отправителей: 1, получателей: 1; переводов вход/выход: 1/1; недостаточно признаков роли. Достижим от 2 seed; переводов 2; входящий+исходящий объём 13,132 KZT."
863,100000002487222100,peripheral,0.401356,"Граница 4-го колена: исходящие не наблюдаются; роль не определена. Достижим от 3 seed; переводов 2; входящий+исходящий объём 90,000 KZT."
864,100000008576528100,terminal,0.401109,"Входящих переводов: 1, отправителей: 1, исходящих: 0; колено 3; гипотеза конечного получателя. Достижим от 3 seed; переводов 1; входящий+исходящий объём 28,000 KZT."
865,100000008701256100,terminal,0.4011,"Входящих переводов: 1, отправителей: 1, исходящих: 0; колено 2; гипотеза конечного получателя. Достижим от 2 seed; переводов 1; входящий+исходящий объём 58,250 KZT."
866,100000001985793100,terminal,0.400488,"Входящих переводов: 1, отправителей: 1, исходящих: 0; колено 2; гипотеза конечного получателя. Достижим от 1 seed; переводов 1; входящий+исходящий объём 420,000 KZT."
867,100000001110358100,terminal,0.400068,"Входящих переводов: 2, отправителей: 2, исходящих: 0; колено 3; гипотеза конечного получателя. Достижим от 2 seed; переводов 2; входящий+исходящий объём 32,000 KZT."
868,100000001872484100,peripheral,0.400006,"Отправителей: 1, получателей: 3; переводов вход/выход: 13/9; недостаточно признаков роли. Достижим от 1 seed; переводов 22; входящий+исходящий объём 1,385,980 KZT."
869,100000002956779100,terminal,0.399703,"Входящих переводов: 1, отправителей: 1, исходящих: 0; колено 3; гипотеза конечного получателя. Достижим от 1 seed; переводов 1; входящий+исходящий объём 411,000 KZT."
870,100000002185328100,peripheral,0.399654,"Отправителей: 1, получателей: 4; переводов вход/выход: 1/4; недостаточно признаков роли. Достижим от 1 seed; переводов 5; входящий+исходящий объём 70,000 KZT."
871,100000008531133100,peripheral,0.399351,"Отправителей: 1, получателей: 3; переводов вход/выход: 1/3; недостаточно признаков роли. Достижим от 1 seed; переводов 4; входящий+исходящий объём 183,272 KZT."
872,100000003582677100,peripheral,0.398293,"Отправителей: 2, получателей: 4; переводов вход/выход: 2/5; недостаточно признаков роли. Достижим от 1 seed; переводов 7; входящий+исходящий объём 85,757 KZT."
873,100000002445750100,peripheral,0.398196,"Отправителей: 1, получателей: 1; переводов вход/выход: 1/1; недостаточно признаков роли. Достижим от 2 seed; переводов 2; входящий+исходящий объём 80,000 KZT."
874,100000008629581100,terminal,0.398184,"Входящих переводов: 1, отправителей: 1, исходящих: 0; колено 2; гипотеза конечного получателя. Достижим от 2 seed; переводов 1; входящий+исходящий объём 54,184 KZT."
875,100000004410489100,terminal,0.397848,"Входящих переводов: 1, отправителей: 1, исходящих: 0; колено 2; гипотеза конечного получателя. Достижим от 2 seed; переводов 1; входящий+исходящий объём 54,000 KZT."
876,100000008655779100,peripheral,0.397718,"Отправителей: 1, получателей: 2; переводов вход/выход: 1/2; недостаточно признаков роли. Достижим от 1 seed; переводов 3; входящий+исходящий объём 71,704 KZT."
877,100000001530709100,terminal,0.397623,"Входящих переводов: 1, отправителей: 1, исходящих: 0; колено 3; гипотеза конечного получателя. Достижим от 2 seed; переводов 1; входящий+исходящий объём 53,961 KZT."
878,100000008459449100,terminal,0.397287,"Входящих переводов: 1, отправителей: 1, исходящих: 0; колено 3; гипотеза конечного получателя. Достижим от 2 seed; переводов 1; входящий+исходящий объём 53,700 KZT."
879,100000007647294100,terminal,0.397068,"Входящих переводов: 1, отправителей: 1, исходящих: 0; колено 3; гипотеза конечного получателя. Достижим от 1 seed; переводов 1; входящий+исходящий объём 385,000 KZT."
880,100000005075949100,peripheral,0.396911,"Граница 4-го колена: исходящие не наблюдаются; роль не определена. Достижим от 1 seed; переводов 7; входящий+исходящий объём 2,226,000 KZT."
881,100000008356606100,terminal,0.39626,"Входящих переводов: 2, отправителей: 2, исходящих: 0; колено 2; гипотеза конечного получателя. Достижим от 1 seed; переводов 2; входящий+исходящий объём 168,500 KZT."
882,100000000190228100,peripheral,0.396186,"Отправителей: 1, получателей: 1; переводов вход/выход: 1/1; недостаточно признаков роли. Достижим от 3 seed; переводов 2; входящий+исходящий объём 33,560 KZT."
883,100000004500444100,peripheral,0.395879,"Отправителей: 2, получателей: 1; переводов вход/выход: 7/5; недостаточно признаков роли. Достижим от 1 seed; переводов 12; входящий+исходящий объём 254,000 KZT."
884,100000008106997100,peripheral,0.395762,"Отправителей: 2, получателей: 1; переводов вход/выход: 2/1; недостаточно признаков роли. Достижим от 2 seed; переводов 3; входящий+исходящий объём 56,200 KZT."
885,100000008443341100,peripheral,0.395761,"Отправителей: 2, получателей: 3; переводов вход/выход: 2/4; недостаточно признаков роли. Достижим от 1 seed; переводов 6; входящий+исходящий объём 84,500 KZT."
886,100000008221765100,peripheral,0.39549,"Граница 4-го колена: исходящие не наблюдаются; роль не определена. Достижим от 3 seed; переводов 1; входящий+исходящий объём 156,354 KZT."
887,100000007507343100,terminal,0.395385,"Входящих переводов: 1, отправителей: 1, исходящих: 0; колено 1; гипотеза конечного получателя. Достижим от 1 seed; переводов 1; входящий+исходящий объём 370,000 KZT."
888,100000002681544100,terminal,0.395139,"Входящих переводов: 2, отправителей: 2, исходящих: 0; колено 3; гипотеза конечного получателя. Достижим от 1 seed; переводов 2; входящий+исходящий объём 166,072 KZT."
889,100000002613776100,terminal,0.395133,"Входящих переводов: 2, отправителей: 1, исходящих: 0; колено 2; гипотеза конечного получателя. Достижим от 2 seed; переводов 2; входящий+исходящий объём 30,000 KZT."
890,100000007034089100,peripheral,0.395066,"Граница 4-го колена: исходящие не наблюдаются; роль не определена. Достижим от 2 seed; переводов 2; входящий+исходящий объём 198,000 KZT."
891,100000008701944100,terminal,0.395044,"Входящих переводов: 1, отправителей: 1, исходящих: 0; колено 1; гипотеза конечного получателя. Достижим от 2 seed; переводов 1; входящий+исходящий объём 52,124 KZT."
892,100000008418934100,terminal,0.394432,"Входящих переводов: 1, отправителей: 1, исходящих: 0; колено 2; гипотеза конечного получателя. Достижим от 1 seed; переводов 1; входящий+исходящий объём 360,000 KZT."
893,100000005222360100,peripheral,0.394243,"Отправителей: 1, получателей: 1; переводов вход/выход: 1/1; недостаточно признаков роли. Достижим от 1 seed; переводов 2; входящий+исходящий объём 32,000 KZT."
894,100000003289405100,terminal,0.393927,"Входящих переводов: 1, отправителей: 1, исходящих: 0; колено 2; гипотеза конечного получателя. Достижим от 1 seed; переводов 1; входящий+исходящий объём 355,000 KZT."
895,100000005809252100,terminal,0.393706,"Входящих переводов: 1, отправителей: 1, исходящих: 0; колено 2; гипотеза конечного получателя. Достижим от 3 seed; переводов 1; входящий+исходящий объём 25,000 KZT."
896,100000006679055100,terminal,0.393706,"Входящих переводов: 1, отправителей: 1, исходящих: 0; колено 2; гипотеза конечного получателя. Достижим от 3 seed; переводов 1; входящий+исходящий объём 25,000 KZT."
897,100000007863304100,terminal,0.393706,"Входящих переводов: 1, отправителей: 1, исходящих: 0; колено 3; гипотеза конечного получателя. Достижим от 3 seed; переводов 1; входящий+исходящий объём 25,000 KZT."
898,100000001445848100,peripheral,0.393635,"Отправителей: 1, получателей: 1; переводов вход/выход: 13/14; недостаточно признаков роли. Достижим от 1 seed; переводов 27; входящий+исходящий объём 897,850 KZT."
899,100000004200745100,peripheral,0.39317,"Граница 4-го колена: исходящие не наблюдаются; роль не определена. Достижим от 2 seed; переводов 4; входящий+исходящий объём 130,000 KZT."
900,100000001164648100,terminal,0.392731,"Входящих переводов: 2, отправителей: 2, исходящих: 0; колено 1; гипотеза конечного получателя. Достижим от 3 seed; переводов 2; входящий+исходящий объём 13,660 KZT."
901,100000004931931100,peripheral,0.392195,"Отправителей: 1, получателей: 1; переводов вход/выход: 1/1; недостаточно признаков роли. Достижим от 2 seed; переводов 2; входящий+исходящий объём 68,938 KZT."
902,100000005895525100,terminal,0.392144,"Входящих переводов: 3, отправителей: 1, исходящих: 0; колено 1; гипотеза конечного получателя. Достижим от 1 seed; переводов 3; входящий+исходящий объём 120,000 KZT."
903,100000005093521100,terminal,0.392126,"Входящих переводов: 1, отправителей: 1, исходящих: 0; колено 1; гипотеза конечного получателя. Достижим от 4 seed; переводов 1; входящий+исходящий объём 15,200 KZT."
904,100000005140601100,peripheral,0.392111,"Отправителей: 3, получателей: 2; переводов вход/выход: 4/5; недостаточно признаков роли. Достижим от 1 seed; переводов 9; входящий+исходящий объём 247,985 KZT."
905,100000001074553100,terminal,0.391993,"Входящих переводов: 2, отправителей: 2, исходящих: 0; колено 1; гипотеза конечного получателя. Достижим от 2 seed; переводов 2; входящий+исходящий объём 28,971 KZT."
906,100000005709551100,terminal,0.391856,"Входящих переводов: 1, отправителей: 1, исходящих: 0; колено 3; гипотеза конечного получателя. Достижим от 3 seed; переводов 1; входящий+исходящий объём 24,560 KZT."
907,100000004726132100,peripheral,0.391281,"Отправителей: 1, получателей: 1; переводов вход/выход: 1/2; недостаточно признаков роли. Достижим от 1 seed; переводов 3; входящий+исходящий объём 373,000 KZT."
908,100000003920950100,terminal,0.389889,"Входящих переводов: 1, отправителей: 1, исходящих: 0; колено 3; гипотеза конечного получателя. Достижим от 1 seed; переводов 1; входящий+исходящий объём 323,290 KZT."
909,100000000569479100,terminal,0.389665,"Входящих переводов: 1, отправителей: 1, исходящих: 0; колено 3; гипотеза конечного получателя. Достижим от 1 seed; переводов 1; входящий+исходящий объём 320,000 KZT."
910,100000003180305100,peripheral,0.389545,"Граница 4-го колена: исходящие не наблюдаются; роль не определена. Достижим от 3 seed; переводов 1; входящий+исходящий объём 144,000 KZT."
911,100000005911352100,peripheral,0.389538,"Отправителей: 2, получателей: 3; переводов вход/выход: 2/3; недостаточно признаков роли. Достижим от 1 seed; переводов 5; входящий+исходящий объём 39,000 KZT."
912,100000002152857100,peripheral,0.389396,"Отправителей: 1, получателей: 5; переводов вход/выход: 1/6; недостаточно признаков роли. Достижим от 1 seed; переводов 7; входящий+исходящий объём 1,335,000 KZT."
913,100000003060517100,terminal,0.389217,"Входящих переводов: 1, отправителей: 1, исходящих: 0; колено 3; гипотеза конечного получателя. Достижим от 1 seed; переводов 1; входящий+исходящий объём 315,955 KZT."
914,100000004689658100,peripheral,0.388948,"Отправителей: 1, получателей: 1; переводов вход/выход: 1/1; недостаточно признаков роли. Достижим от 1 seed; переводов 2; входящий+исходящий объём 463,192 KZT."
915,100000004779204100,peripheral,0.38892,"Отправителей: 1, получателей: 1; переводов вход/выход: 1/2; недостаточно признаков роли. Достижим от 2 seed; переводов 3; входящий+исходящий объём 50,450 KZT."
916,100000007484343100,terminal,0.388628,"Входящих переводов: 2, отправителей: 2, исходящих: 0; колено 3; гипотеза конечного получателя. Достижим от 2 seed; переводов 2; входящий+исходящий объём 26,757 KZT."
917,100000006641671100,transit,0.38859,"Отдал/получил в выборке: 1.14; временно сопоставлено за 48 ч: 0%; признаки транзита. Достижим от 1 seed; переводов 5; входящий+исходящий объём 47,000 KZT."
918,100000008349740100,peripheral,0.388458,"Граница 4-го колена: исходящие не наблюдаются; роль не определена. Достижим от 3 seed; переводов 2; входящий+исходящий объём 70,000 KZT."
919,100000002952631100,terminal,0.387529,"Входящих переводов: 1, отправителей: 1, исходящих: 0; колено 1; гипотеза конечного получателя. Достижим от 2 seed; переводов 1; входящий+исходящий объём 48,050 KZT."
920,100000003104347100,peripheral,0.387322,"Отправителей: 1, получателей: 1; переводов вход/выход: 1/1; недостаточно признаков роли. Достижим от 1 seed; переводов 2; входящий+исходящий объём 450,000 KZT."
921,100000003039473100,terminal,0.387201,"Входящих переводов: 1, отправителей: 1, исходящих: 0; колено 2; гипотеза конечного получателя. Достижим от 3 seed; переводов 1; входящий+исходящий объём 23,000 KZT."
922,100000001363952100,peripheral,0.387108,"Отправителей: 2, получателей: 1; переводов вход/выход: 2/2; недостаточно признаков роли. Достижим от 1 seed; переводов 4; входящий+исходящий объём 287,655 KZT."
923,100000002462183100,terminal,0.386928,"Входящих переводов: 3, отправителей: 1, исходящих: 0; колено 1; гипотеза конечного получателя. Достижим от 1 seed; переводов 3; входящий+исходящий объём 107,500 KZT."
924,100000006684930100,terminal,0.386902,"Входящих переводов: 1, отправителей: 1, исходящих: 0; колено 2; гипотеза конечного получателя. Достижим от 5 seed; переводов 1; входящий+исходящий объём 10,000 KZT."
925,100000007357489100,peripheral,0.386766,"Граница 4-го колена: исходящие не наблюдаются; роль не определена. Достижим от 2 seed; переводов 2; входящий+исходящий объём 164,500 KZT."
926,100000004356593100,peripheral,0.386587,"Отправителей: 1, получателей: 1; переводов вход/выход: 1/1; недостаточно признаков роли. Достижим от 2 seed; переводов 2; входящий+исходящий объём 60,000 KZT."
927,100000004291560100,terminal,0.386464,"Входящих переводов: 1, отправителей: 1, исходящих: 0; колено 3; гипотеза конечного получателя. Достижим от 2 seed; переводов 1; входящий+исходящий объём 47,190 KZT."
928,100000008517061100,peripheral,0.386165,"Граница 4-го колена: исходящие не наблюдаются; роль не определена. Достижим от 1 seed; переводов 4; входящий+исходящий объём 1,844,000 KZT."
929,100000008748795100,terminal,0.386071,"Входящих переводов: 1, отправителей: 1, исходящих: 0; колено 3; гипотеза конечного получателя. Достижим от 2 seed; переводов 1; входящий+исходящий объём 47,057 KZT."
930,100000000967918100,terminal,0.38597,"Входящих переводов: 3, отправителей: 1, исходящих: 0; колено 2; гипотеза конечного получателя. Достижим от 2 seed; переводов 3; входящий+исходящий объём 21,200 KZT."
931,100000008193577100,peripheral,0.385762,"Отправителей: 2, получателей: 5; переводов вход/выход: 6/16; недостаточно признаков роли. Достижим от 1 seed; переводов 22; входящий+исходящий объём 634,480 KZT."
932,100000002335358100,terminal,0.385157,"Входящих переводов: 2, отправителей: 1, исходящих: 0; колено 2; гипотеза конечного получателя. Достижим от 1 seed; переводов 2; входящий+исходящий объём 140,000 KZT."
933,100000004193835100,peripheral,0.385146,"Отправителей: 1, получателей: 1; переводов вход/выход: 1/1; недостаточно признаков роли; входящие seed неполны. Достижим от 3 seed; переводов 2; входящий+исходящий объём 52,000 KZT."
934,100000000896111100,terminal,0.385067,"Входящих переводов: 1, отправителей: 1, исходящих: 0; колено 3; гипотеза конечного получателя. Достижим от 1 seed; переводов 1; входящий+исходящий объём 287,100 KZT."
935,100000007953156100,peripheral,0.384914,"Отправителей: 1, получателей: 1; переводов вход/выход: 1/1; недостаточно признаков роли. Достижим от 3 seed; переводов 2; входящий+исходящий объём 28,000 KZT."
936,100000008486520100,peripheral,0.384882,"Отправителей: 1, получателей: 1; переводов вход/выход: 2/1; недостаточно признаков роли. Достижим от 2 seed; переводов 3; входящий+исходящий объём 49,720 KZT."
937,100000008736940100,peripheral,0.384864,"Отправителей: 3, получателей: 3; переводов вход/выход: 13/6; недостаточно признаков роли. Достижим от 1 seed; переводов 19; входящий+исходящий объём 633,190 KZT."
938,100000002691583100,terminal,0.38473,"Входящих переводов: 1, отправителей: 1, исходящих: 0; колено 3; гипотеза конечного получателя. Достижим от 1 seed; переводов 1; входящий+исходящий объём 285,200 KZT."
939,100000002703376100,terminal,0.384725,"Входящих переводов: 1, отправителей: 1, исходящих: 0; колено 2; гипотеза конечного получателя. Достижим от 2 seed; переводов 1; входящий+исходящий объём 46,501 KZT."
940,100000005041905100,peripheral,0.384617,"Отправителей: 1, получателей: 1; переводов вход/выход: 1/5; недостаточно признаков роли. Достижим от 1 seed; переводов 6; входящий+исходящий объём 1,085,351 KZT."
941,100000002448088100,peripheral,0.384579,"Отправителей: 3, получателей: 1; переводов вход/выход: 3/1; недостаточно признаков роли. Достижим от 2 seed; переводов 4; входящий+исходящий объём 45,000 KZT."
942,100000005037490100,peripheral,0.384579,"Отправителей: 1, получателей: 2; переводов вход/выход: 1/3; недостаточно признаков роли. Достижим от 2 seed; переводов 4; входящий+исходящий объём 45,000 KZT."
943,100000003977183100,peripheral,0.384102,"Отправителей: 2, получателей: 4; переводов вход/выход: 2/6; недостаточно признаков роли; входящие seed неполны. Достижим от 1 seed; переводов 8; входящий+исходящий объём 889,800 KZT."
944,100000005619339100,transit,0.383485,"Отдал/получил в выборке: 1.09; временно сопоставлено за 48 ч: 0%; признаки транзита. Достижим от 2 seed; переводов 2; входящий+исходящий объём 10,443 KZT."
945,100000001166289100,peripheral,0.382869,"Отправителей: 2, получателей: 1; переводов вход/выход: 10/1; недостаточно признаков роли. Достижим от 1 seed; переводов 11; входящий+исходящий объём 746,039 KZT."
946,100000002663511100,terminal,0.382711,"Входящих переводов: 1, отправителей: 1, исходящих: 0; колено 3; гипотеза конечного получателя. Достижим от 1 seed; переводов 1; входящий+исходящий объём 268,940 KZT."
947,100000002633701100,terminal,0.382375,"Входящих переводов: 1, отправителей: 1, исходящих: 0; колено 2; гипотеза конечного получателя. Достижим от 1 seed; переводов 1; входящий+исходящий объём 266,850 KZT."
948,100000002733905100,peripheral,0.382307,"Отправителей: 3, получателей: 2; переводов вход/выход: 5/3; недостаточно признаков роли. Достижим от 1 seed; переводов 8; входящий+исходящий объём 817,839 KZT."
949,100000002132479100,peripheral,0.38221,"Отправителей: 1, получателей: 1; переводов вход/выход: 2/1; недостаточно признаков роли. Достижим от 3 seed; переводов 3; входящий+исходящий объём 50,000 KZT."
950,100000004456564100,terminal,0.382188,"Входящих переводов: 2, отправителей: 1, исходящих: 0; колено 2; гипотеза конечного получателя. Достижим от 3 seed; переводов 2; входящий+исходящий объём 10,000 KZT."
951,100000006240939100,peripheral,0.382038,"Отправителей: 1, получателей: 5; переводов вход/выход: 1/5; недостаточно признаков роли. Достижим от 1 seed; переводов 6; входящий+исходящий объём 938,015 KZT."
952,100000005820746100,peripheral,0.381926,"Отправителей: 1, получателей: 1; переводов вход/выход: 2/1; недостаточно признаков роли. Достижим от 1 seed; переводов 3; входящий+исходящий объём 2,049,000 KZT."
953,100000002958286100,terminal,0.380917,"Входящих переводов: 1, отправителей: 1, исходящих: 0; колено 1; гипотеза конечного получателя. Достижим от 1 seed; переводов 1; входящий+исходящий объём 257,000 KZT."
954,100000000769919100,terminal,0.379907,"Входящих переводов: 1, отправителей: 1, исходящих: 0; колено 2; гипотеза конечного получателя. Достижим от 1 seed; переводов 1; входящий+исходящий объём 250,000 KZT."
955,100000003581109100,terminal,0.379622,"Входящих переводов: 1, отправителей: 1, исходящих: 0; колено 3; гипотеза конечного получателя. Достижим от 2 seed; переводов 1; входящий+исходящий объём 42,750 KZT."
956,100000008740295100,peripheral,0.379386,"Граница 4-го колена: исходящие не наблюдаются; роль не определена. Достижим от 2 seed; переводов 1; входящий+исходящий объём 300,000 KZT."
957,100000008297199100,terminal,0.379341,"Входящих переводов: 1, отправителей: 1, исходящих: 0; колено 3; гипотеза конечного получателя. Достижим от 2 seed; переводов 1; входящий+исходящий объём 42,268 KZT."
958,100000002242455100,peripheral,0.379115,"Граница 4-го колена: исходящие не наблюдаются; роль не определена. Достижим от 3 seed; переводов 1; входящий+исходящий объём 110,000 KZT."
959,100000007939160100,peripheral,0.378964,"Отправителей: 1, получателей: 2; переводов вход/выход: 2/2; недостаточно признаков роли. Достижим от 1 seed; переводов 4; входящий+исходящий объём 809,300 KZT."
960,100000006048193100,terminal,0.378669,"Входящих переводов: 1, отправителей: 1, исходящих: 0; колено 3; гипотеза конечного получателя. Достижим от 2 seed; переводов 1; входящий+исходящий объём 41,559 KZT."
961,100000001131403100,peripheral,0.377888,"Граница 4-го колена: исходящие не наблюдаются; роль не определена. Достижим от 1 seed; переводов 3; входящий+исходящий объём 1,570,000 KZT."
962,100000002591469100,terminal,0.376879,"Входящих переводов: 1, отправителей: 1, исходящих: 0; колено 1; гипотеза конечного получателя. Достижим от 1 seed; переводов 1; входящий+исходящий объём 235,670 KZT."
963,100000007591246100,peripheral,0.376846,"Отправителей: 1, получателей: 1; переводов вход/выход: 1/1; недостаточно признаков роли. Достижим от 2 seed; переводов 2; входящий+исходящий объём 132,190 KZT."
964,100000005363908100,transit,0.37674,"Отдал/получил в выборке: 1.00; временно сопоставлено за 48 ч: 0%; признаки транзита. Достижим от 1 seed; переводов 2; входящий+исходящий объём 39,000 KZT."
965,100000003943247100,terminal,0.376538,"Входящих переводов: 1, отправителей: 1, исходящих: 0; колено 3; гипотеза конечного получателя. Достижим от 2 seed; переводов 1; входящий+исходящий объём 40,000 KZT."
966,100000002475601100,terminal,0.376094,"Входящих переводов: 1, отправителей: 1, исходящих: 0; колено 3; гипотеза конечного получателя. Достижим от 1 seed; переводов 1; входящий+исходящий объём 232,301 KZT."
967,100000004071444100,peripheral,0.37605,"Отправителей: 1, получателей: 1; переводов вход/выход: 1/1; недостаточно признаков роли. Достижим от 1 seed; переводов 2; входящий+исходящий объём 347,350 KZT."
968,100000000785800100,transit,0.375955,"Отдал/получил в выборке: 1.00; временно сопоставлено за 48 ч: 0%; признаки транзита. Достижим от 1 seed; переводов 2; входящий+исходящий объём 38,000 KZT."
969,100000008676812100,terminal,0.375645,"Входящих переводов: 1, отправителей: 1, исходящих: 0; колено 3; гипотеза конечного получателя. Достижим от 1 seed; переводов 1; входящий+исходящий объём 230,800 KZT."
970,100000008343415100,peripheral,0.375472,"Граница 4-го колена: исходящие не наблюдаются; роль не определена. Достижим от 2 seed; переводов 3; входящий+исходящий объём 100,000 KZT."
971,100000004400361100,terminal,0.375471,"Входящих переводов: 1, отправителей: 1, исходящих: 0; колено 2; гипотеза конечного получателя. Достижим от 4 seed; переводов 1; входящий+исходящий объём 10,000 KZT."
972,100000006557763100,terminal,0.375471,"Входящих переводов: 1, отправителей: 1, исходящих: 0; колено 2; гипотеза конечного получателя. Достижим от 4 seed; переводов 1; входящий+исходящий объём 10,000 KZT."
973,100000002580377100,peripheral,0.375293,"Отправителей: 1, получателей: 1; переводов вход/выход: 2/1; недостаточно признаков роли. Достижим от 2 seed; переводов 3; входящий+исходящий объём 42,750 KZT."
974,100000003089018100,terminal,0.375253,"Входящих переводов: 1, отправителей: 1, исходящих: 0; колено 2; гипотеза конечного получателя. Достижим от 1 seed; переводов 1; входящий+исходящий объём 230,000 KZT."
975,100000006209210100,terminal,0.375085,"Входящих переводов: 1, отправителей: 1, исходящих: 0; колено 3; гипотеза конечного получателя. Достижим от 1 seed; переводов 1; входящий+исходящий объём 229,111 KZT."
976,100000004732589100,terminal,0.374636,"Входящих переводов: 1, отправителей: 1, исходящих: 0; колено 2; гипотеза конечного получателя. Достижим от 1 seed; переводов 1; входящий+исходящий объём 227,520 KZT."
977,100000001169666100,peripheral,0.374457,"Отправителей: 1, получателей: 1; переводов вход/выход: 2/1; недостаточно признаков роли. Достижим от 1 seed; переводов 3; входящий+исходящий объём 244,000 KZT."
978,100000003631015100,peripheral,0.374451,"Граница 4-го колена: исходящие не наблюдаются; роль не определена. Достижим от 2 seed; переводов 1; входящий+исходящий объём 266,000 KZT."
979,100000001251686100,terminal,0.374303,"Входящих переводов: 1, отправителей: 1, исходящих: 0; колено 2; гипотеза конечного получателя. Достижим от 3 seed; переводов 1; входящий+исходящий объём 18,000 KZT."
980,100000008560263100,peripheral,0.374236,"Граница 4-го колена: исходящие не наблюдаются; роль не определена. Достижим от 3 seed; переводов 1; входящий+исходящий объём 100,000 KZT."
981,100000002615479100,terminal,0.373795,"Входящих переводов: 1, отправителей: 1, исходящих: 0; колено 1; гипотеза конечного получателя. Достижим от 1 seed; переводов 1; входящий+исходящий объём 220,000 KZT."
982,100000003204491100,peripheral,0.373784,"Отправителей: 1, получателей: 1; переводов вход/выход: 1/2; недостаточно признаков роли. Достижим от 1 seed; переводов 3; входящий+исходящий объём 240,000 KZT."
983,100000001677929100,peripheral,0.373702,"Отправителей: 3, получателей: 2; переводов вход/выход: 3/4; недостаточно признаков роли. Достижим от 1 seed; переводов 7; входящий+исходящий объём 412,875 KZT."
984,100000004713684100,terminal,0.373285,"Входящих переводов: 1, отправителей: 1, исходящих: 0; колено 3; гипотеза конечного получателя. Достижим от 2 seed; переводов 1; входящий+исходящий объём 37,500 KZT."
985,100000001632325100,terminal,0.372909,"Входящих переводов: 3, отправителей: 1, исходящих: 0; колено 3; гипотеза конечного получателя. Достижим от 1 seed; переводов 3; входящий+исходящий объём 85,600 KZT."
986,100000000926078100,peripheral,0.37232,"Граница 4-го колена: исходящие не наблюдаются; роль не определена. Достижим от 2 seed; переводов 1; входящий+исходящий объём 250,000 KZT."
987,100000008077552100,terminal,0.372281,"Входящих переводов: 1, отправителей: 1, исходящих: 0; колено 3; гипотеза конечного получателя. Достижим от 1 seed; переводов 1; входящий+исходящий объём 214,000 KZT."
988,100000000850297100,transit,0.372254,"Отдал/получил в выборке: 1.00; временно сопоставлено за 48 ч: 0%; признаки транзита. Достижим от 1 seed; переводов 2; входящий+исходящий объём 35,040 KZT."
989,100000006595426100,terminal,0.371899,"Входящих переводов: 3, отправителей: 1, исходящих: 0; колено 2; гипотеза конечного получателя. Достижим от 1 seed; переводов 3; входящий+исходящий объём 84,800 KZT."
990,100000004976946100,peripheral,0.37176,"Граница 4-го колена: исходящие не наблюдаются; роль не определена. Достижим от 2 seed; переводов 1; входящий+исходящий объём 246,000 KZT."
991,100000005456919100,peripheral,0.371653,"Отправителей: 2, получателей: 1; переводов вход/выход: 10/1; недостаточно признаков роли. Достижим от 1 seed; переводов 11; входящий+исходящий объём 484,950 KZT."
992,100000008491390100,terminal,0.371434,"Входящих переводов: 1, отправителей: 1, исходящих: 0; колено 3; гипотеза конечного получателя. Достижим от 2 seed; переводов 1; входящий+исходящий объём 36,000 KZT."
993,100000004184158100,terminal,0.371383,"Входящих переводов: 1, отправителей: 1, исходящих: 0; колено 3; гипотеза конечного получателя. Достижим от 1 seed; переводов 1; входящий+исходящий объём 203,805 KZT."
994,100000003574895100,peripheral,0.37111,"Отправителей: 1, получателей: 1; переводов вход/выход: 1/1; недостаточно признаков роли. Достижим от 2 seed; переводов 2; входящий+исходящий объём 47,968 KZT."
995,100000006523053100,terminal,0.371088,"Входящих переводов: 1, отправителей: 1, исходящих: 0; колено 2; гипотеза конечного получателя. Достижим от 5 seed; переводов 1; входящий+исходящий объём 5,000 KZT."
996,100000001822623100,terminal,0.370935,"Входящих переводов: 1, отправителей: 1, исходящих: 0; колено 2; гипотеза конечного получателя. Достижим от 1 seed; переводов 1; входящий+исходящий объём 201,300 KZT."
997,100000004586598100,peripheral,0.3708,"Граница 4-го колена: исходящие не наблюдаются; роль не определена. Достижим от 1 seed; переводов 4; входящий+исходящий объём 761,255 KZT."
998,100000000561160100,peripheral,0.370526,"Граница 4-го колена: исходящие не наблюдаются; роль не определена. Достижим от 2 seed; переводов 1; входящий+исходящий объём 240,000 KZT."
999,100000005664922100,peripheral,0.370486,"Отправителей: 2, получателей: 3; переводов вход/выход: 2/4; недостаточно признаков роли. Достижим от 1 seed; переводов 6; входящий+исходящий объём 559,000 KZT."
1000,100000008762728100,terminal,0.370322,"Входящих переводов: 1, отправителей: 1, исходящих: 0; колено 2; гипотеза конечного получателя. Достижим от 3 seed; переводов 1; входящий+исходящий объём 17,026 KZT."
1001,100000001270349100,terminal,0.369869,"Входящих переводов: 1, отправителей: 1, исходящих: 0; колено 3; гипотеза конечного получателя. Достижим от 1 seed; переводов 1; входящий+исходящий объём 200,000 KZT."
1002,100000002784085100,terminal,0.369869,"Входящих переводов: 1, отправителей: 1, исходящих: 0; колено 1; гипотеза конечного получателя. Достижим от 1 seed; переводов 1; входящий+исходящий объём 200,000 KZT."
1003,100000003824464100,terminal,0.369869,"Входящих переводов: 1, отправителей: 1, исходящих: 0; колено 2; гипотеза конечного получателя. Достижим от 1 seed; переводов 1; входящий+исходящий объём 200,000 KZT."
1004,100000004130144100,terminal,0.369869,"Входящих переводов: 1, отправителей: 1, исходящих: 0; колено 1; гипотеза конечного получателя. Достижим от 1 seed; переводов 1; входящий+исходящий объём 200,000 KZT."
1005,100000007641801100,terminal,0.369869,"Входящих переводов: 1, отправителей: 1, исходящих: 0; колено 1; гипотеза конечного получателя. Достижим от 1 seed; переводов 1; входящий+исходящий объём 200,000 KZT."
1006,100000005711521100,peripheral,0.369853,"Граница 4-го колена: исходящие не наблюдаются; роль не определена. Достижим от 2 seed; переводов 1; входящий+исходящий объём 238,000 KZT."
1007,100000008652094100,terminal,0.369752,"Входящих переводов: 1, отправителей: 1, исходящих: 0; колено 3; гипотеза конечного получателя. Достижим от 2 seed; переводов 1; входящий+исходящий объём 35,000 KZT."
1008,100000003024542100,terminal,0.369751,"Входящих переводов: 1, отправителей: 1, исходящих: 0; колено 2; гипотеза конечного получателя. Достижим от 4 seed; переводов 1; входящий+исходящий объём 8,500 KZT."
1009,100000005940652100,terminal,0.369527,"Входящих переводов: 1, отправителей: 1, исходящих: 0; колено 1; гипотеза конечного получателя. Достижим от 4 seed; переводов 1; входящий+исходящий объём 8,395 KZT."
1010,100000003718715100,peripheral,0.36914,"Граница 4-го колена: исходящие не наблюдаются; роль не определена. Достижим от 1 seed; переводов 3; входящий+исходящий объём 915,000 KZT."
1011,100000004644615100,peripheral,0.369006,"Отправителей: 1, получателей: 2; переводов вход/выход: 1/14; недостаточно признаков роли. Достижим от 1 seed; переводов 15; входящий+исходящий объём 430,475 KZT."
1012,100000003102157100,terminal,0.368669,"Входящих переводов: 2, отправителей: 1, исходящих: 0; колено 1; гипотеза конечного получателя. Достижим от 1 seed; переводов 2; входящий+исходящий объём 96,746 KZT."
1013,100000004979498100,peripheral,0.368523,"Отправителей: 1, получателей: 1; переводов вход/выход: 2/1; недостаточно признаков роли. Достижим от 1 seed; переводов 3; входящий+исходящий объём 900,000 KZT."
1014,100000008583360100,peripheral,0.368199,"Отправителей: 1, получателей: 1; переводов вход/выход: 1/1; недостаточно признаков роли. Достижим от 1 seed; переводов 2; входящий+исходящий объём 282,843 KZT."
1015,100000001782980100,peripheral,0.368108,"Отправителей: 1, получателей: 1; переводов вход/выход: 1/3; недостаточно признаков роли. Достижим от 1 seed; переводов 4; входящий+исходящий объём 646,200 KZT."
1016,100000003896956100,peripheral,0.368059,"Отправителей: 1, получателей: 1; переводов вход/выход: 1/2; недостаточно признаков роли. Достижим от 2 seed; переводов 3; входящий+исходящий объём 37,000 KZT."
1017,100000002727288100,terminal,0.367798,"Входящих переводов: 1, отправителей: 1, исходящих: 0; колено 3; гипотеза конечного получателя. Достижим от 3 seed; переводов 1; входящий+исходящий объём 16,000 KZT."
1018,100000002459093100,peripheral,0.367715,"Отправителей: 1, получателей: 1; переводов вход/выход: 2/3; недостаточно признаков роли. Достижим от 1 seed; переводов 5; входящий+исходящий объём 555,000 KZT."
1019,100000002528544100,terminal,0.36757,"Входящих переводов: 1, отправителей: 1, исходящих: 0; колено 3; гипотеза конечного получателя. Достижим от 1 seed; переводов 1; входящий+исходящий объём 192,912 KZT."
1020,100000004698193100,peripheral,0.367288,"Отправителей: 2, получателей: 3; переводов вход/выход: 15/5; недостаточно признаков роли. Достижим от 1 seed; переводов 20; входящий+исходящий объём 260,700 KZT."
1021,100000005628518100,terminal,0.367245,"Входящих переводов: 3, отправителей: 1, исходящих: 0; колено 3; гипотеза конечного получателя. Достижим от 1 seed; переводов 3; входящий+исходящий объём 77,000 KZT."
1022,100000002208836100,peripheral,0.367058,"Граница 4-го колена: исходящие не наблюдаются; роль не определена. Достижим от 3 seed; переводов 1; входящий+исходящий объём 90,000 KZT."
1023,100000000917179100,terminal,0.366763,"Входящих переводов: 2, отправителей: 1, исходящих: 0; колено 2; гипотеза конечного получателя. Достижим от 1 seed; переводов 2; входящий+исходящий объём 94,465 KZT."
1024,100000007597382100,terminal,0.366732,"Входящих переводов: 1, отправителей: 1, исходящих: 0; колено 3; гипотеза конечного получателя. Достижим от 3 seed; переводов 1; входящий+исходящий объём 15,700 KZT."
1025,100000002737980100,terminal,0.366668,"Входящих переводов: 1, отправителей: 1, исходящих: 0; колено 3; гипотеза конечного получателя. Достижим от 2 seed; переводов 1; входящий+исходящий объём 32,900 KZT."
1026,100000003278020100,terminal,0.366617,"Входящих переводов: 1, отправителей: 1, исходящих: 0; колено 2; гипотеза конечного получателя. Достижим от 1 seed; переводов 1; входящий+исходящий объём 190,000 KZT."
1027,100000008751429100,peripheral,0.366605,"Отправителей: 3, получателей: 1; переводов вход/выход: 6/2; недостаточно признаков роли. Достижим от 1 seed; переводов 8; входящий+исходящий объём 458,800 KZT."
1028,100000005745873100,peripheral,0.3666,"Граница 4-го колена: исходящие не наблюдаются; роль не определена. Достижим от 2 seed; переводов 1; входящий+исходящий объём 223,000 KZT."
1029,100000003071649100,terminal,0.366336,"Входящих переводов: 1, отправителей: 1, исходящих: 0; колено 3; гипотеза конечного получателя. Достижим от 1 seed; переводов 1; входящий+исходящий объём 189,500 KZT."
1030,100000002308091100,terminal,0.365663,"Входящих переводов: 1, отправителей: 1, исходящих: 0; колено 3; гипотеза конечного получателя. Достижим от 1 seed; переводов 1; входящий+исходящий объём 186,720 KZT."
1031,100000001380054100,peripheral,0.365326,"Отправителей: 2, получателей: 3; переводов вход/выход: 2/4; недостаточно признаков роли. Достижим от 1 seed; переводов 6; входящий+исходящий объём 487,050 KZT."
1032,100000002779485100,terminal,0.365305,"Входящих переводов: 2, отправителей: 1, исходящих: 0; колено 2; гипотеза конечного получателя. Достижим от 1 seed; переводов 2; входящий+исходящий объём 91,000 KZT."
1033,100000001439416100,peripheral,0.365237,"Отправителей: 1, получателей: 2; переводов вход/выход: 1/3; недостаточно признаков роли. Достижим от 1 seed; переводов 4; входящий+исходящий объём 175,000 KZT."
1034,100000005608515100,terminal,0.365147,"Входящих переводов: 4, отправителей: 1, исходящих: 0; колено 2; гипотеза конечного получателя. Достижим от 1 seed; переводов 4; входящий+исходящий объём 64,000 KZT."
1035,100000001138376100,terminal,0.364826,"Входящих переводов: 1, отправителей: 1, исходящих: 0; колено 2; гипотеза конечного получателя. Достижим от 3 seed; переводов 1; входящий+исходящий объём 15,300 KZT."
1036,100000001477796100,terminal,0.364654,"Входящих переводов: 1, отправителей: 1, исходящих: 0; колено 1; гипотеза конечного получателя. Достижим от 1 seed; переводов 1; входящий+исходящий объём 182,000 KZT."
1037,100000008116374100,terminal,0.364537,"Входящих переводов: 1, отправителей: 1, исходящих: 0; колено 1; гипотеза конечного получателя. Достижим от 2 seed; переводов 1; входящий+исходящий объём 31,284 KZT."
1038,100000003191430100,terminal,0.364317,"Входящих переводов: 1, отправителей: 1, исходящих: 0; колено 2; гипотеза конечного получателя. Достижим от 1 seed; переводов 1; входящий+исходящий объём 180,000 KZT."
1039,100000004225615100,terminal,0.364015,"Входящих переводов: 2, отправителей: 1, исходящих: 0; колено 2; гипотеза конечного получателя. Достижим от 1 seed; переводов 2; входящий+исходящий объём 90,000 KZT."
1040,100000001837130100,terminal,0.363308,"Входящих переводов: 1, отправителей: 1, исходящих: 0; колено 3; гипотеза конечного получателя. Достижим от 1 seed; переводов 1; входящий+исходящий объём 172,900 KZT."
1041,100000001684867100,terminal,0.363079,"Входящих переводов: 1, отправителей: 1, исходящих: 0; колено 1; гипотеза конечного получателя. Достижим от 2 seed; переводов 1; входящий+исходящий объём 30,550 KZT."
1042,100000002945031100,terminal,0.362975,"Входящих переводов: 1, отправителей: 1, исходящих: 0; колено 3; гипотеза конечного получателя. Достижим от 3 seed; переводов 1; входящий+исходящий объём 15,000 KZT."
1043,100000003989033100,peripheral,0.362501,"Граница 4-го колена: исходящие не наблюдаются; роль не определена. Достижим от 1 seed; переводов 13; входящий+исходящий объём 373,400 KZT."
1044,100000008714412100,terminal,0.362074,"Входящих переводов: 1, отправителей: 1, исходящих: 0; колено 3; гипотеза конечного получателя. Достижим от 1 seed; переводов 1; входящий+исходящий объём 169,000 KZT."
1045,100000002371751100,peripheral,0.362018,"Отправителей: 1, получателей: 1; переводов вход/выход: 5/1; недостаточно признаков роли. Достижим от 1 seed; переводов 6; входящий+исходящий объём 450,000 KZT."
1046,100000004991593100,peripheral,0.361988,"Граница 4-го колена: исходящие не наблюдаются; роль не определена. Достижим от 3 seed; переводов 2; входящий+исходящий объём 45,000 KZT."
1047,100000003123296100,terminal,0.361603,"Входящих переводов: 2, отправителей: 1, исходящих: 0; колено 1; гипотеза конечного получателя. Достижим от 1 seed; переводов 2; входящий+исходящий объём 86,200 KZT."
1048,100000002981527100,terminal,0.36157,"Входящих переводов: 1, отправителей: 1, исходящих: 0; колено 1; гипотеза конечного получателя. Достижим от 1 seed; переводов 1; входящий+исходящий объём 168,000 KZT."
1049,100000002884708100,peripheral,0.361536,"Граница 4-го колена: исходящие не наблюдаются; роль не определена. Достижим от 1 seed; переводов 2; входящий+исходящий объём 1,171,644 KZT."
1050,100000008289539100,terminal,0.361461,"Входящих переводов: 1, отправителей: 1, исходящих: 0; колено 2; гипотеза конечного получателя. Достижим от 3 seed; переводов 1; входящий+исходящий объём 14,912 KZT."
1051,100000002677201100,peripheral,0.361133,"Отправителей: 1, получателей: 1; переводов вход/выход: 1/1; недостаточно признаков роли. Достижим от 1 seed; переводов 2; входящий+исходящий объём 237,750 KZT."
1052,100000001819396100,terminal,0.360953,"Входящих переводов: 1, отправителей: 1, исходящих: 0; колено 3; гипотеза конечного получателя. Достижим от 1 seed; переводов 1; входящий+исходящий объём 166,080 KZT."
1053,100000004911971100,peripheral,0.360844,"Граница 4-го колена: исходящие не наблюдаются; роль не определена. Достижим от 3 seed; переводов 3; входящий+исходящий объём 35,000 KZT."
1054,100000008655035100,terminal,0.360835,"Входящих переводов: 1, отправителей: 1, исходящих: 0; колено 2; гипотеза конечного получателя. Достижим от 2 seed; переводов 1; входящий+исходящий объём 30,000 KZT."
1055,100000004035925100,peripheral,0.360751,"Граница 4-го колена: исходящие не наблюдаются; роль не определена. Достижим от 1 seed; переводов 2; входящий+исходящий объём 1,111,588 KZT."
1056,100000005767403100,peripheral,0.360639,"Граница 4-го колена: исходящие не наблюдаются; роль не определена. Достижим от 1 seed; переводов 2; входящий+исходящий объём 1,100,000 KZT."
1057,100000005888829100,peripheral,0.360432,"Граница 4-го колена: исходящие не наблюдаются; роль не определена. Достижим от 2 seed; переводов 1; входящий+исходящий объём 197,000 KZT."
1058,100000007071852100,peripheral,0.36032,"Граница 4-го колена: исходящие не наблюдаются; роль не определена. Достижим от 2 seed; переводов 1; входящий+исходящий объём 195,000 KZT."
1059,100000002671326100,peripheral,0.359966,"Граница 4-го колена: исходящие не наблюдаются; роль не определена. Достижим от 1 seed; переводов 2; входящий+исходящий объём 1,050,000 KZT."
1060,100000002635780100,terminal,0.359607,"Входящих переводов: 1, отправителей: 1, исходящих: 0; колено 2; гипотеза конечного получателя. Достижим от 1 seed; переводов 1; входящий+исходящий объём 163,000 KZT."
1061,100000008724461100,peripheral,0.359226,"Отправителей: 1, получателей: 1; переводов вход/выход: 1/1; недостаточно признаков роли. Достижим от 1 seed; переводов 2; входящий+исходящий объём 230,111 KZT."
1062,100000002212494100,terminal,0.358934,"Входящих переводов: 1, отправителей: 1, исходящих: 0; колено 3; гипотеза конечного получателя. Достижим от 1 seed; переводов 1; входящий+исходящий объём 160,000 KZT."
1063,100000008717375100,terminal,0.358929,"Входящих переводов: 1, отправителей: 1, исходящих: 0; колено 2; гипотеза конечного получателя. Достижим от 2 seed; переводов 1; входящий+исходящий объём 29,506 KZT."
1064,100000001114385100,terminal,0.358817,"Входящих переводов: 1, отправителей: 1, исходящих: 0; колено 2; гипотеза конечного получателя. Достижим от 2 seed; переводов 1; входящий+исходящий объём 29,500 KZT."
1065,100000004770073100,transit,0.358792,"Отдал/получил в выборке: 1.00; временно сопоставлено за 48 ч: 0%; признаки транзита. Достижим от 1 seed; переводов 2; входящий+исходящий объём 10,929 KZT."
1066,100000002861485100,terminal,0.35848,"Входящих переводов: 1, отправителей: 1, исходящих: 0; колено 1; гипотеза конечного получателя. Достижим от 2 seed; переводов 1; входящий+исходящий объём 29,323 KZT."
1067,100000001471706100,peripheral,0.358137,"Граница 4-го колена: исходящие не наблюдаются; роль не определена. Достижим от 1 seed; переводов 8; входящий+исходящий объём 377,000 KZT."
1068,100000003927792100,terminal,0.357536,"Входящих переводов: 1, отправителей: 1, исходящих: 0; колено 2; гипотеза конечного получателя. Достижим от 3 seed; переводов 1; входящий+исходящий объём 13,067 KZT."
1069,100000002257794100,terminal,0.357195,"Входящих переводов: 1, отправителей: 1, исходящих: 0; колено 3; гипотеза конечного получателя. Достижим от 1 seed; переводов 1; входящий+исходящий объём 154,000 KZT."
1070,100000002975437100,peripheral,0.357139,"Отправителей: 1, получателей: 1; переводов вход/выход: 2/1; недостаточно признаков роли. Достижим от 1 seed; переводов 3; входящий+исходящий объём 538,500 KZT."
1071,100000006232642100,peripheral,0.356556,"Граница 4-го колена: исходящие не наблюдаются; роль не определена. Достижим от 1 seed; переводов 4; входящий+исходящий объём 456,000 KZT."
1072,100000002742067100,terminal,0.356526,"Входящих переводов: 1, отправителей: 1, исходящих: 0; колено 2; гипотеза конечного получателя. Достижим от 3 seed; переводов 1; входящий+исходящий объём 12,730 KZT."
1073,100000007322059100,peripheral,0.356211,"Отправителей: 2, получателей: 1; переводов вход/выход: 2/2; недостаточно признаков роли. Достижим от 1 seed; переводов 4; входящий+исходящий объём 51,500 KZT."
1074,100000007641183100,terminal,0.356181,"Входящих переводов: 1, отправителей: 1, исходящих: 0; колено 1; гипотеза конечного получателя. Достижим от 2 seed; переводов 1; входящий+исходящий объём 28,000 KZT."
1075,100000001275752100,terminal,0.35613,"Входящих переводов: 1, отправителей: 1, исходящих: 0; колено 3; гипотеза конечного получателя. Достижим от 1 seed; переводов 1; входящий+исходящий объём 151,500 KZT."
1076,100000001952325100,terminal,0.355547,"Входящих переводов: 2, отправителей: 1, исходящих: 0; колено 1; гипотеза конечного получателя. Достижим от 1 seed; переводов 2; входящий+исходящий объём 77,888 KZT."
1077,100000003616818100,peripheral,0.355457,"Отправителей: 3, получателей: 3; переводов вход/выход: 4/8; недостаточно признаков роли. Достижим от 1 seed; переводов 12; входящий+исходящий объём 318,100 KZT."
1078,100000000861294100,terminal,0.354672,"Входящих переводов: 1, отправителей: 1, исходящих: 0; колено 2; гипотеза конечного получателя. Достижим от 1 seed; переводов 1; входящий+исходящий объём 150,000 KZT."
1079,100000002170580100,terminal,0.354672,"Входящих переводов: 1, отправителей: 1, исходящих: 0; колено 2; гипотеза конечного получателя. Достижим от 1 seed; переводов 1; входящий+исходящий объём 150,000 KZT."
1080,100000002968096100,peripheral,0.35416,"Граница 4-го колена: исходящие не наблюдаются; роль не определена. Достижим от 3 seed; переводов 1; входящий+исходящий объём 70,000 KZT."
1081,100000003237045100,peripheral,0.353438,"Отправителей: 1, получателей: 1; переводов вход/выход: 2/1; недостаточно признаков роли. Достижим от 1 seed; переводов 3; входящий+исходящий объём 490,200 KZT."
1082,100000008735802100,peripheral,0.352951,"Граница 4-го колена: исходящие не наблюдаются; роль не определена. Достижим от 2 seed; переводов 2; входящий+исходящий объём 85,000 KZT."
1083,100000005904580100,terminal,0.352631,"Входящих переводов: 2, отправителей: 2, исходящих: 0; колено 2; гипотеза конечного получателя. Достижим от 1 seed; переводов 2; входящий+исходящий объём 72,000 KZT."
1084,100000000733940100,peripheral,0.352451,"Граница 4-го колена: исходящие не наблюдаются; роль не определена. Достижим от 1 seed; переводов 2; входящий+исходящий объём 752,000 KZT."
1085,100000002818726100,terminal,0.352376,"Входящих переводов: 1, отправителей: 1, исходящих: 0; колено 3; гипотеза конечного получателя. Достижим от 3 seed; переводов 1; входящий+исходящий объём 10,879 KZT."
1086,100000004564736100,terminal,0.352345,"Входящих переводов: 2, отправителей: 1, исходящих: 0; колено 3; гипотеза конечного получателя. Достижим от 2 seed; переводов 2; входящий+исходящий объём 15,000 KZT."
1087,100000000733373100,terminal,0.35204,"Входящих переводов: 1, отправителей: 1, исходящих: 0; колено 2; гипотеза конечного получателя. Достижим от 3 seed; переводов 1; входящий+исходящий объём 10,710 KZT."
1088,100000000993112100,terminal,0.351475,"Входящих переводов: 1, отправителей: 1, исходящих: 0; колено 2; гипотеза конечного получателя. Достижим от 1 seed; переводов 1; входящий+исходящий объём 141,000 KZT."
1089,100000002914245100,terminal,0.351195,"Входящих переводов: 1, отправителей: 1, исходящих: 0; колено 3; гипотеза конечного получателя. Достижим от 1 seed; переводов 1; входящий+исходящий объём 140,611 KZT."
1090,100000004741837100,terminal,0.35119,"Входящих переводов: 1, отправителей: 1, исходящих: 0; колено 1; гипотеза конечного получателя. Достижим от 2 seed; переводов 1; входящий+исходящий объём 25,596 KZT."
1091,100000003736419100,peripheral,0.350977,"Отправителей: 1, получателей: 1; переводов вход/выход: 1/1; недостаточно признаков роли. Достижим от 2 seed; переводов 2; входящий+исходящий объём 33,300 KZT."
1092,100000002605184100,terminal,0.350859,"Входящих переводов: 1, отправителей: 1, исходящих: 0; колено 2; гипотеза конечного получателя. Достижим от 1 seed; переводов 1; входящий+исходящий объём 140,000 KZT."
1093,100000002194329100,terminal,0.350405,"Входящих переводов: 1, отправителей: 1, исходящих: 0; колено 3; гипотеза конечного получателя. Достижим от 2 seed; переводов 1; входящий+исходящий объём 25,170 KZT."
1094,100000001726614100,terminal,0.350298,"Входящих переводов: 1, отправителей: 1, исходящих: 0; колено 3; гипотеза конечного получателя. Достижим от 1 seed; переводов 1; входящий+исходящий объём 138,717 KZT."
1095,100000008571243100,terminal,0.3494,"Входящих переводов: 1, отправителей: 1, исходящих: 0; колено 3; гипотеза конечного получателя. Достижим от 1 seed; переводов 1; входящий+исходящий объём 134,000 KZT."
1096,100000001688676100,terminal,0.349288,"Входящих переводов: 1, отправителей: 1, исходящих: 0; колено 3; гипотеза конечного получателя. Достижим от 1 seed; переводов 1; входящий+исходящий объём 133,700 KZT."
1097,100000002954780100,terminal,0.349176,"Входящих переводов: 1, отправителей: 1, исходящих: 0; колено 3; гипотеза конечного получателя. Достижим от 1 seed; переводов 1; входящий+исходящий объём 133,400 KZT."
1098,100000006714366100,peripheral,0.348967,"Отправителей: 1, получателей: 1; переводов вход/выход: 1/1; недостаточно признаков роли. Достижим от 3 seed; переводов 2; входящий+исходящий объём 15,500 KZT."
1099,100000000560751100,terminal,0.348778,"Входящих переводов: 1, отправителей: 1, исходящих: 0; колено 3; гипотеза конечного получателя. Достижим от 2 seed; переводов 1; входящий+исходящий объём 25,000 KZT."
1100,100000004192107100,terminal,0.348778,"Входящих переводов: 1, отправителей: 1, исходящих: 0; колено 2; гипотеза конечного получателя. Достижим от 2 seed; переводов 1; входящий+исходящий объём 25,000 KZT."
1101,100000005561741100,terminal,0.348778,"Входящих переводов: 1, отправителей: 1, исходящих: 0; колено 2; гипотеза конечного получателя. Достижим от 2 seed; переводов 1; входящий+исходящий объём 25,000 KZT."
1102,100000006919124100,terminal,0.348778,"Входящих переводов: 1, отправителей: 1, исходящих: 0; колено 3; гипотеза конечного получателя. Достижим от 2 seed; переводов 1; входящий+исходящий объём 25,000 KZT."
1103,100000008686214100,terminal,0.348778,"Входящих переводов: 1, отправителей: 1, исходящих: 0; колено 3; гипотеза конечного получателя. Достижим от 2 seed; переводов 1; входящий+исходящий объём 25,000 KZT."
1104,100000004407753100,peripheral,0.34876,"Отправителей: 1, получателей: 1; переводов вход/выход: 4/1; недостаточно признаков роли. Достижим от 1 seed; переводов 5; входящий+исходящий объём 350,000 KZT."
1105,100000002906470100,terminal,0.348447,"Входящих переводов: 1, отправителей: 1, исходящих: 0; колено 3; гипотеза конечного получателя. Достижим от 1 seed; переводов 1; входящий+исходящий объём 130,000 KZT."
1106,100000005316708100,peripheral,0.348368,"Отправителей: 1, получателей: 2; переводов вход/выход: 1/4; недостаточно признаков роли. Достижим от 1 seed; переводов 5; входящий+исходящий объём 347,500 KZT."
1107,100000002214301100,peripheral,0.348321,"Отправителей: 1, получателей: 1; переводов вход/выход: 1/1; недостаточно признаков роли. Достижим от 1 seed; переводов 2; входящий+исходящий объём 29,438 KZT."
1108,100000003073635100,terminal,0.348055,"Входящих переводов: 1, отправителей: 1, исходящих: 0; колено 3; гипотеза конечного получателя. Достижим от 1 seed; переводов 1; входящий+исходящий объём 129,231 KZT."
1109,100000000912487100,terminal,0.34789,"Входящих переводов: 1, отправителей: 1, исходящих: 0; колено 2; гипотеза конечного получателя. Достижим от 3 seed; переводов 1; входящий+исходящий объём 10,000 KZT."
1110,100000004750897100,terminal,0.34789,"Входящих переводов: 1, отправителей: 1, исходящих: 0; колено 3; гипотеза конечного получателя. Достижим от 3 seed; переводов 1; входящий+исходящий объём 10,000 KZT."
1111,100000005030592100,terminal,0.34789,"Входящих переводов: 1, отправителей: 1, исходящих: 0; колено 2; гипотеза конечного получателя. Достижим от 3 seed; переводов 1; входящий+исходящий объём 10,000 KZT."
1112,100000005032294100,terminal,0.34789,"Входящих переводов: 1, отправителей: 1, исходящих: 0; колено 2; гипотеза конечного получателя. Достижим от 3 seed; переводов 1; входящий+исходящий объём 10,000 KZT."
1113,100000007173936100,terminal,0.34789,"Входящих переводов: 1, отправителей: 1, исходящих: 0; колено 2; гипотеза конечного получателя. Достижим от 3 seed; переводов 1; входящий+исходящий объём 10,000 KZT."
1114,100000008733049100,terminal,0.34789,"Входящих переводов: 1, отправителей: 1, исходящих: 0; колено 2; гипотеза конечного получателя. Достижим от 3 seed; переводов 1; входящий+исходящий объём 10,000 KZT."
1115,100000008767065100,terminal,0.34789,"Входящих переводов: 1, отправителей: 1, исходящих: 0; колено 3; гипотеза конечного получателя. Достижим от 3 seed; переводов 1; входящий+исходящий объём 10,000 KZT."
1116,100000003271151100,terminal,0.34783,"Входящих переводов: 1, отправителей: 1, исходящих: 0; колено 3; гипотеза конечного получателя. Достижим от 1 seed; переводов 1; входящий+исходящий объём 127,294 KZT."
1117,100000001816678100,peripheral,0.34771,"Граница 4-го колена: исходящие не наблюдаются; роль не определена. Достижим от 3 seed; переводов 1; входящий+исходящий объём 60,000 KZT."
1118,100000004326224100,peripheral,0.34771,"Граница 4-го колена: исходящие не наблюдаются; роль не определена. Достижим от 3 seed; переводов 1; входящий+исходящий объём 60,000 KZT."
1119,100000004610802100,peripheral,0.347662,"Граница 4-го колена: исходящие не наблюдаются; роль не определена. Достижим от 1 seed; переводов 18; входящий+исходящий объём 241,000 KZT."
1120,100000005878334100,peripheral,0.347399,"Граница 4-го колена: исходящие не наблюдаются; роль не определена. Достижим от 2 seed; переводов 2; входящий+исходящий объём 76,400 KZT."
1121,100000003497735100,terminal,0.347213,"Входящих переводов: 1, отправителей: 1, исходящих: 0; колено 3; гипотеза конечного получателя. Достижим от 1 seed; переводов 1; входящий+исходящий объём 125,000 KZT."
1122,100000008695157100,peripheral,0.347157,"Граница 4-го колена: исходящие не наблюдаются; роль не определена. Достижим от 1 seed; переводов 3; входящий+исходящий объём 425,546 KZT."
1123,100000006989106100,terminal,0.347135,"Входящих переводов: 2, отправителей: 1, исходящих: 0; колено 2; гипотеза конечного получателя. Достижим от 1 seed; переводов 2; входящий+исходящий объём 64,000 KZT."
1124,100000003166755100,terminal,0.346255,"Входящих переводов: 1, отправителей: 1, исходящих: 0; колено 2; гипотеза конечного получателя. Достижим от 2 seed; переводов 1; входящий+исходящий объём 24,010 KZT."
1125,100000008595687100,peripheral,0.346053,"Отправителей: 1, получателей: 1; переводов вход/выход: 1/1; недостаточно признаков роли. Достижим от 2 seed; переводов 2; входящий+исходящий объём 74,795 KZT."
1126,100000002394199100,peripheral,0.346013,"Отправителей: 1, получателей: 1; переводов вход/выход: 3/1; недостаточно признаков роли. Достижим от 1 seed; переводов 4; входящий+исходящий объём 354,175 KZT."
1127,100000008598972100,terminal,0.34598,"Входящих переводов: 1, отправителей: 1, исходящих: 0; колено 3; гипотеза конечного получателя. Достижим от 1 seed; переводов 1; входящий+исходящий объём 120,000 KZT."
1128,100000002796853100,peripheral,0.345901,"Отправителей: 1, получателей: 1; переводов вход/выход: 8/5; недостаточно признаков роли. Достижим от 1 seed; переводов 13; входящий+исходящий объём 245,168 KZT."
1129,100000002934441100,terminal,0.345789,"Входящих переводов: 2, отправителей: 2, исходящих: 0; колено 1; гипотеза конечного получателя. Достижим от 1 seed; переводов 2; входящий+исходящий объём 60,846 KZT."
1130,100000003230328100,peripheral,0.345198,"Граница 4-го колена: исходящие не наблюдаются; роль не определена. Достижим от 3 seed; переводов 3; входящий+исходящий объём 26,572 KZT."
1131,100000002681449100,peripheral,0.344809,"Отправителей: 2, получателей: 2; переводов вход/выход: 2/2; недостаточно признаков роли. Достижим от 1 seed; переводов 4; входящий+исходящий объём 227,638 KZT."
1132,100000003900547100,terminal,0.344797,"Входящих переводов: 1, отправителей: 1, исходящих: 0; колено 1; гипотеза конечного получателя. Достижим от 2 seed; переводов 1; входящий+исходящий объём 23,700 KZT."
1133,100000003192220100,terminal,0.344667,"Входящих переводов: 2, отправителей: 1, исходящих: 0; колено 2; гипотеза конечного получателя. Достижим от 1 seed; переводов 2; входящий+исходящий объём 60,000 KZT."
1134,100000006534886100,peripheral,0.344555,"Отправителей: 1, получателей: 1; переводов вход/выход: 5/8; недостаточно признаков роли. Достижим от 1 seed; переводов 13; входящий+исходящий объём 239,200 KZT."
1135,100000001138283100,peripheral,0.344511,"Отправителей: 1, получателей: 2; переводов вход/выход: 1/2; недостаточно признаков роли. Достижим от 1 seed; переводов 3; входящий+исходящий объём 131,805 KZT."
1136,100000004071070100,peripheral,0.344067,"Отправителей: 2, получателей: 1; переводов вход/выход: 5/1; недостаточно признаков роли. Достижим от 2 seed; переводов 6; входящий+исходящий объём 47,000 KZT."
1137,100000003692843100,peripheral,0.343703,"Граница 4-го колена: исходящие не наблюдаются; роль не определена. Достижим от 1 seed; переводов 2; входящий+исходящий объём 510,000 KZT."
1138,100000002769809100,terminal,0.34368,"Входящих переводов: 1, отправителей: 1, исходящих: 0; колено 3; гипотеза конечного получателя. Достижим от 1 seed; переводов 1; входящий+исходящий объём 113,422 KZT."
1139,100000001650895100,peripheral,0.343636,"Отправителей: 1, получателей: 1; переводов вход/выход: 1/1; недостаточно признаков роли. Достижим от 1 seed; переводов 2; входящий+исходящий объём 163,500 KZT."
1140,100000002530224100,terminal,0.343456,"Входящих переводов: 1, отправителей: 1, исходящих: 0; колено 3; гипотеза конечного получателя. Достижим от 1 seed; переводов 1; входящий+исходящий объём 113,000 KZT."
1141,100000004292885100,terminal,0.34312,"Входящих переводов: 1, отправителей: 1, исходящих: 0; колено 3; гипотеза конечного получателя. Достижим от 1 seed; переводов 1; входящий+исходящий объём 112,700 KZT."
1142,100000003292191100,terminal,0.342839,"Входящих переводов: 1, отправителей: 1, исходящих: 0; колено 3; гипотеза конечного получателя. Достижим от 1 seed; переводов 1; входящий+исходящий объём 112,000 KZT."
1143,100000004635886100,terminal,0.342273,"Входящих переводов: 1, отправителей: 1, исходящих: 0; колено 3; гипотеза конечного получателя. Достижим от 2 seed; переводов 1; входящий+исходящий объём 23,000 KZT."
1144,100000008713270100,peripheral,0.341884,"Отправителей: 1, получателей: 3; переводов вход/выход: 1/3; недостаточно признаков роли. Достижим от 1 seed; переводов 4; входящий+исходящий объём 220,000 KZT."
1145,100000004285800100,peripheral,0.34151,"Отправителей: 1, получателей: 1; переводов вход/выход: 1/1; недостаточно признаков роли. Достижим от 4 seed; переводов 2; входящий+исходящий объём 20,000 KZT."
1146,100000004611571100,terminal,0.341432,"Входящих переводов: 1, отправителей: 1, исходящих: 0; колено 3; гипотеза конечного получателя. Достижим от 2 seed; переводов 1; входящий+исходящий объём 22,550 KZT."
1147,100000008738526100,peripheral,0.341393,"Отправителей: 1, получателей: 1; переводов вход/выход: 1/1; недостаточно признаков роли. Достижим от 1 seed; переводов 2; входящий+исходящий объём 155,000 KZT."
1148,100000002534091100,terminal,0.341152,"Входящих переводов: 1, отправителей: 1, исходящих: 0; колено 3; гипотеза конечного получателя. Достижим от 2 seed; переводов 1; входящий+исходящий объём 22,200 KZT."
1149,100000002969048100,terminal,0.340989,"Входящих переводов: 1, отправителей: 1, исходящих: 0; колено 2; гипотеза конечного получателя. Достижим от 1 seed; переводов 1; входящий+исходящий объём 108,470 KZT."
1150,100000008638859100,peripheral,0.340691,"Граница 4-го колена: исходящие не наблюдаются; роль не определена. Достижим от 4 seed; переводов 1; входящий+исходящий объём 34,000 KZT."
1151,100000008514970100,peripheral,0.340539,"Отправителей: 1, получателей: 1; переводов вход/выход: 1/1; недостаточно признаков роли. Достижим от 1 seed; переводов 2; входящий+исходящий объём 410,966 KZT."
1152,100000002599729100,peripheral,0.340333,"Граница 4-го колена: исходящие не наблюдаются; роль не определена. Достижим от 2 seed; переводов 2; входящий+исходящий объём 65,000 KZT."
1153,100000004261340100,peripheral,0.340119,"Граница 4-го колена: исходящие не наблюдаются; роль не определена. Достижим от 2 seed; переводов 4; входящий+исходящий объём 48,500 KZT."
1154,100000008672603100,terminal,0.339806,"Входящих переводов: 1, отправителей: 1, исходящих: 0; колено 2; гипотеза конечного получателя. Достижим от 2 seed; переводов 1; входящий+исходящий объём 21,200 KZT."
1155,100000000802149100,terminal,0.339531,"Входящих переводов: 1, отправителей: 1, исходящих: 0; колено 3; гипотеза конечного получателя. Достижим от 1 seed; переводов 1; входящий+исходящий объём 104,128 KZT."
1156,100000001524952100,terminal,0.339418,"Входящих переводов: 1, отправителей: 1, исходящих: 0; колено 1; гипотеза конечного получателя. Достижим от 1 seed; переводов 1; входящий+исходящий объём 103,807 KZT."
1157,100000004692798100,peripheral,0.339194,"Отправителей: 2, получателей: 1; переводов вход/выход: 4/2; недостаточно признаков роли. Достижим от 1 seed; переводов 6; входящий+исходящий объём 255,305 KZT."
1158,100000001330595100,peripheral,0.338981,"Отправителей: 3, получателей: 1; переводов вход/выход: 6/1; недостаточно признаков роли. Достижим от 1 seed; переводов 7; входящий+исходящий объём 241,000 KZT."
1159,100000008737958100,terminal,0.338835,"Входящих переводов: 2, отправителей: 2, исходящих: 0; колено 1; гипотеза конечного получателя. Достижим от 1 seed; переводов 2; входящий+исходящий объём 53,373 KZT."
1160,100000008219168100,terminal,0.338723,"Входящих переводов: 2, отправителей: 1, исходящих: 0; колено 1; гипотеза конечного получателя. Достижим от 1 seed; переводов 2; входящий+исходящий объём 53,200 KZT."
1161,100000002550141100,terminal,0.338521,"Входящих переводов: 1, отправителей: 1, исходящих: 0; колено 3; гипотеза конечного получателя. Достижим от 1 seed; переводов 1; входящий+исходящий объём 100,586 KZT."
1162,100000000749118100,peripheral,0.338247,"Отправителей: 1, получателей: 1; переводов вход/выход: 1/1; недостаточно признаков роли. Достижим от 2 seed; переводов 2; входящий+исходящий объём 26,830 KZT."
1163,100000001373265100,peripheral,0.33758,"Отправителей: 1, получателей: 1; переводов вход/выход: 1/1; недостаточно признаков роли. Достижим от 1 seed; переводов 2; входящий+исходящий объём 147,482 KZT."
1164,100000003152964100,peripheral,0.337467,"Отправителей: 1, получателей: 1; переводов вход/выход: 1/1; недостаточно признаков роли. Достижим от 1 seed; переводов 2; входящий+исходящий объём 147,347 KZT."
1165,100000006490615100,peripheral,0.337282,"Граница 4-го колена: исходящие не наблюдаются; роль не определена. Достижим от 2 seed; переводов 6; входящий+исходящий объём 41,600 KZT."
1166,100000008732488100,peripheral,0.337187,"Отправителей: 1, получателей: 1; переводов вход/выход: 1/1; недостаточно признаков роли. Достижим от 1 seed; переводов 2; входящий+исходящий объём 147,000 KZT."
1167,100000001733216100,peripheral,0.33708,"Граница 4-го колена: исходящие не наблюдаются; роль не определена. Достижим от 2 seed; переводов 2; входящий+исходящий объём 60,000 KZT."
1168,100000005205745100,terminal,0.336955,"Входящих переводов: 1, отправителей: 1, исходящих: 0; колено 2; гипотеза конечного получателя. Достижим от 3 seed; переводов 1; входящий+исходящий объём 6,000 KZT."
1169,100000003054328100,peripheral,0.336951,"Отправителей: 1, получателей: 2; переводов вход/выход: 1/2; недостаточно признаков роли. Достижим от 1 seed; переводов 3; входящий+исходящий объём 333,720 KZT."
1170,100000002540623100,terminal,0.336895,"Входящих переводов: 1, отправителей: 1, исходящих: 0; колено 2; гипотеза конечного получателя. Достижим от 1 seed; переводов 1; входящий+исходящий объём 100,000 KZT."
1171,100000002757797100,terminal,0.336895,"Входящих переводов: 1, отправителей: 1, исходящих: 0; колено 1; гипотеза конечного получателя. Достижим от 1 seed; переводов 1; входящий+исходящий объём 100,000 KZT."
1172,100000003147719100,terminal,0.336895,"Входящих переводов: 1, отправителей: 1, исходящих: 0; колено 3; гипотеза конечного получателя. Достижим от 1 seed; переводов 1; входящий+исходящий объём 100,000 KZT."
1173,100000004671609100,terminal,0.336895,"Входящих переводов: 1, отправителей: 1, исходящих: 0; колено 3; гипотеза конечного получателя. Достижим от 1 seed; переводов 1; входящий+исходящий объём 100,000 KZT."
1174,100000005241556100,terminal,0.336895,"Входящих переводов: 1, отправителей: 1, исходящих: 0; колено 3; гипотеза конечного получателя. Достижим от 1 seed; переводов 1; входящий+исходящий объём 100,000 KZT."
1175,100000005474472100,terminal,0.336895,"Входящих переводов: 1, отправителей: 1, исходящих: 0; колено 2; гипотеза конечного получателя. Достижим от 1 seed; переводов 1; входящий+исходящий объём 100,000 KZT."
1176,100000006100920100,terminal,0.336895,"Входящих переводов: 1, отправителей: 1, исходящих: 0; колено 3; гипотеза конечного получателя. Достижим от 1 seed; переводов 1; входящий+исходящий объём 100,000 KZT."
1177,100000007653003100,terminal,0.336895,"Входящих переводов: 1, отправителей: 1, исходящих: 0; колено 3; гипотеза конечного получателя. Достижим от 1 seed; переводов 1; входящий+исходящий объём 100,000 KZT."
1178,100000008596924100,terminal,0.336895,"Входящих переводов: 1, отправителей: 1, исходящих: 0; колено 3; гипотеза конечного получателя. Достижим от 1 seed; переводов 1; входящий+исходящий объём 100,000 KZT."
1179,100000008619159100,peripheral,0.336861,"Граница 4-го колена: исходящие не наблюдаются; роль не определена. Достижим от 1 seed; переводов 2; входящий+исходящий объём 446,400 KZT."
1180,100000004697956100,transit,0.336588,"Отдал/получил в выборке: 1.00; временно сопоставлено за 48 ч: 0%; признаки транзита. Достижим от 1 seed; переводов 2; входящий+исходящий объём 20,000 KZT."
1181,100000004336228100,terminal,0.336256,"Входящих переводов: 2, отправителей: 1, исходящих: 0; колено 3; гипотеза конечного получателя. Достижим от 1 seed; переводов 2; входящий+исходящий объём 51,407 KZT."
1182,100000004269433100,peripheral,0.336092,"Отправителей: 0, получателей: 1; переводов вход/выход: 0/67; недостаточно признаков роли; входящие seed неполны. Достижим от 0 seed; переводов 67; входящий+исходящий объём 1,372,000 KZT."
1183,100000002860934100,peripheral,0.335863,"Граница 4-го колена: исходящие не наблюдаются; роль не определена. Достижим от 1 seed; переводов 4; входящий+исходящий объём 279,500 KZT."
1184,100000008193258100,peripheral,0.335538,"Отправителей: 1, получателей: 1; переводов вход/выход: 2/1; недостаточно признаков роли. Достижим от 1 seed; переводов 3; входящий+исходящий объём 105,000 KZT."
1185,100000008619857100,peripheral,0.335537,"Отправителей: 1, получателей: 2; переводов вход/выход: 1/2; недостаточно признаков роли. Достижим от 2 seed; переводов 3; входящий+исходящий объём 42,000 KZT."
1186,100000002686226100,peripheral,0.335515,"Граница 4-го колена: исходящие не наблюдаются; роль не определена. Достижим от 1 seed; переводов 2; входящий+исходящий объём 430,000 KZT."
1187,100000001822650100,peripheral,0.335252,"Граница 4-го колена: исходящие не наблюдаются; роль не определена. Достижим от 2 seed; переводов 1; входящий+исходящий объём 112,000 KZT."
1188,100000005367445100,transit,0.334847,"Отдал/получил в выборке: 1.00; временно сопоставлено за 48 ч: 100%; признаки транзита. Достижим от 1 seed; переводов 2; входящий+исходящий объём 10,000 KZT."
1189,100000008474391100,terminal,0.334703,"Входящих переводов: 1, отправителей: 1, исходящих: 0; колено 3; гипотеза конечного получателя. Достижим от 2 seed; переводов 1; входящий+исходящий объём 20,000 KZT."
1190,100000002692044100,terminal,0.334652,"Входящих переводов: 1, отправителей: 1, исходящих: 0; колено 1; гипотеза конечного получателя. Достижим от 1 seed; переводов 1; входящий+исходящий объём 97,000 KZT."
1191,100000008190411100,peripheral,0.334483,"Граница 4-го колена: исходящие не наблюдаются; роль не определена. Достижим от 1 seed; переводов 12; входящий+исходящий объём 198,450 KZT."
1192,100000003447411100,peripheral,0.334259,"Граница 4-го колена: исходящие не наблюдаются; роль не определена. Достижим от 1 seed; переводов 3; входящий+исходящий объём 302,000 KZT."
1193,100000003230329100,peripheral,0.334187,"Граница 4-го колена: исходящие не наблюдаются; роль не определена. Достижим от 2 seed; переводов 1; входящий+исходящий объём 110,000 KZT."
1194,100000001848426100,terminal,0.333923,"Входящих переводов: 1, отправителей: 1, исходящих: 0; колено 2; гипотеза конечного получателя. Достижим от 1 seed; переводов 1; входящий+исходящий объём 95,530 KZT."
1195,100000001831496100,peripheral,0.333838,"Отправителей: 1, получателей: 1; переводов вход/выход: 1/1; недостаточно признаков роли. Достижим от 1 seed; переводов 2; входящий+исходящий объём 398,000 KZT."
1196,100000001299323100,peripheral,0.333682,"Граница 4-го колена: исходящие не наблюдаются; роль не определена. Достижим от 2 seed; переводов 1; входящий+исходящий объём 109,000 KZT."
1197,100000002705460100,terminal,0.33353,"Входящих переводов: 1, отправителей: 1, исходящих: 0; колено 3; гипотеза конечного получателя. Достижим от 1 seed; переводов 1; входящий+исходящий объём 95,000 KZT."
1198,100000002971593100,peripheral,0.333523,"Граница 4-го колена: исходящие не наблюдаются; роль не определена. Достижим от 3 seed; переводов 1; входящий+исходящий объём 49,050 KZT."
1199,100000006689603100,peripheral,0.33316,"Граница 4-го колена: исходящие не наблюдаются; роль не определена. Достижим от 1 seed; переводов 2; входящий+исходящий объём 400,000 KZT."
1200,100000004006327100,peripheral,0.333137,"Граница 4-го колена: исходящие не наблюдаются; роль не определена. Достижим от 1 seed; переводов 3; входящий+исходящий объём 300,000 KZT."
1201,100000004622227100,peripheral,0.333062,"Отправителей: 1, получателей: 3; переводов вход/выход: 1/3; недостаточно признаков роли. Достижим от 1 seed; переводов 4; входящий+исходящий объём 43,931 KZT."
1202,100000008601794100,peripheral,0.332907,"Отправителей: 2, получателей: 1; переводов вход/выход: 8/13; недостаточно признаков роли; входящие seed неполны. Достижим от 0 seed; переводов 21; входящий+исходящий объём 1,365,800 KZT."
1203,100000002539625100,terminal,0.332801,"Входящих переводов: 1, отправителей: 1, исходящих: 0; колено 2; гипотеза конечного получателя. Достижим от 1 seed; переводов 1; входящий+исходящий объём 94,700 KZT."
1204,100000000580561100,peripheral,0.332773,"Отправителей: 2, получателей: 3; переводов вход/выход: 3/13; недостаточно признаков роли; входящие seed неполны. Достижим от 0 seed; переводов 16; входящий+исходящий объём 1,516,057 KZT."
1205,100000008762832100,peripheral,0.332666,"Отправителей: 1, получателей: 1; переводов вход/выход: 1/4; недостаточно признаков роли. Достижим от 1 seed; переводов 5; входящий+исходящий объём 235,000 KZT."
1206,100000001490461100,peripheral,0.332583,"Отправителей: 1, получателей: 1; переводов вход/выход: 1/1; недостаточно признаков роли. Достижим от 2 seed; переводов 2; входящий+исходящий объём 25,000 KZT."
1207,100000003074515100,peripheral,0.33228,"Граница 4-го колена: исходящие не наблюдаются; роль не определена. Достижим от 2 seed; переводов 1; входящий+исходящий объём 105,000 KZT."
1208,100000005186109100,terminal,0.332076,"Входящих переводов: 1, отправителей: 1, исходящих: 0; колено 3; гипотеза конечного получателя. Достижим от 3 seed; переводов 1; входящий+исходящий объём 5,000 KZT."
1209,100000008767027100,terminal,0.332076,"Входящих переводов: 1, отправителей: 1, исходящих: 0; колено 3; гипотеза конечного получателя. Достижим от 3 seed; переводов 1; входящий+исходящий объём 5,000 KZT."
1210,100000004527381100,peripheral,0.331926,"Отправителей: 1, получателей: 1; переводов вход/выход: 1/1; недостаточно признаков роли. Достижим от 1 seed; переводов 2; входящий+исходящий объём 393,199 KZT."
1211,100000003060187100,terminal,0.331904,"Входящих переводов: 1, отправителей: 1, исходящих: 0; колено 3; гипотеза конечного получателя. Достижим от 1 seed; переводов 1; входящий+исходящий объём 93,046 KZT."
1212,100000001893287100,peripheral,0.331702,"Отправителей: 1, получателей: 1; переводов вход/выход: 3/14; недостаточно признаков роли. Достижим от 1 seed; переводов 17; входящий+исходящий объём 170,700 KZT."
1213,100000003073398100,terminal,0.33168,"Входящих переводов: 1, отправителей: 1, исходящих: 0; колено 2; гипотеза конечного получателя. Достижим от 1 seed; переводов 1; входящий+исходящий объём 92,960 KZT."
1214,100000001648936100,terminal,0.331455,"Входящих переводов: 1, отправителей: 1, исходящих: 0; колено 2; гипотеза конечного получателя. Достижим от 1 seed; переводов 1; входящий+исходящий объём 92,740 KZT."
1215,100000003239379100,terminal,0.331343,"Входящих переводов: 1, отправителей: 1, исходящих: 0; колено 1; гипотеза конечного получателя. Достижим от 1 seed; переводов 1; входящий+исходящий объём 92,500 KZT."
1216,100000003087877100,terminal,0.331231,"Входящих переводов: 1, отправителей: 1, исходящих: 0; колено 3; гипотеза конечного получателя. Достижим от 1 seed; переводов 1; входящий+исходящий объём 91,486 KZT."
1217,100000005620225100,terminal,0.331209,"Входящих переводов: 2, отправителей: 2, исходящих: 0; колено 1; гипотеза конечного получателя. Достижим от 1 seed; переводов 2; входящий+исходящий объём 49,846 KZT."
1218,100000003180820100,peripheral,0.331046,"Граница 4-го колена: исходящие не наблюдаются; роль не определена. Достижим от 2 seed; переводов 1; входящий+исходящий объём 101,000 KZT."
1219,100000003635660100,terminal,0.330889,"Входящих переводов: 1, отправителей: 1, исходящих: 0; колено 3; гипотеза конечного получателя. Достижим от 2 seed; переводов 1; входящий+исходящий объём 18,985 KZT."
1220,100000000795033100,terminal,0.330216,"Входящих переводов: 1, отправителей: 1, исходящих: 0; колено 2; гипотеза конечного получателя. Достижим от 2 seed; переводов 1; входящий+исходящий объём 18,200 KZT."
1221,100000002508637100,peripheral,0.329996,"Отправителей: 1, получателей: 1; переводов вход/выход: 1/1; недостаточно признаков роли. Достижим от 1 seed; переводов 2; входящий+исходящий объём 314,410 KZT."
1222,100000003132484100,terminal,0.329717,"Входящих переводов: 1, отправителей: 1, исходящих: 0; колено 3; гипотеза конечного получателя. Достижим от 1 seed; переводов 1; входящий+исходящий объём 90,000 KZT."
1223,100000005061890100,terminal,0.329717,"Входящих переводов: 1, отправителей: 1, исходящих: 0; колено 3; гипотеза конечного получателя. Достижим от 1 seed; переводов 1; входящий+исходящий объём 90,000 KZT."
1224,100000005203590100,terminal,0.329717,"Входящих переводов: 1, отправителей: 1, исходящих: 0; колено 2; гипотеза конечного получателя. Достижим от 1 seed; переводов 1; входящий+исходящий объём 90,000 KZT."
1225,100000004005964100,peripheral,0.329616,"Отправителей: 3, получателей: 3; переводов вход/выход: 9/5; недостаточно признаков роли. Достижим от 1 seed; переводов 14; входящий+исходящий объём 169,900 KZT."
1226,100000008659445100,peripheral,0.329543,"Отправителей: 3, получателей: 4; переводов вход/выход: 7/18; недостаточно признаков роли; входящие seed неполны. Достижим от 0 seed; переводов 25; входящий+исходящий объём 1,013,640 KZT."
1227,100000006882208100,terminal,0.329375,"Входящих переводов: 1, отправителей: 1, исходящих: 0; колено 3; гипотеза конечного получателя. Достижим от 2 seed; переводов 1; входящий+исходящий объём 18,000 KZT."
1228,100000007745062100,peripheral,0.329308,"Граница 4-го колена: исходящие не наблюдаются; роль не определена. Достижим от 2 seed; переводов 1; входящий+исходящий объём 100,000 KZT."
1229,100000000945428100,terminal,0.3291,"Входящих переводов: 1, отправителей: 1, исходящих: 0; колено 1; гипотеза конечного получателя. Достижим от 1 seed; переводов 1; входящий+исходящий объём 89,629 KZT."
1230,100000001378288100,peripheral,0.328763,"Граница 4-го колена: исходящие не наблюдаются; роль не определена. Достижим от 1 seed; переводов 3; входящий+исходящий объём 268,000 KZT."
1231,100000002862113100,terminal,0.328741,"Входящих переводов: 2, отправителей: 1, исходящих: 0; колено 3; гипотеза конечного получателя. Достижим от 1 seed; переводов 2; входящий+исходящий объём 47,405 KZT."
1232,100000005547096100,peripheral,0.328741,"Отправителей: 1, получателей: 2; переводов вход/выход: 1/3; недостаточно признаков роли. Достижим от 1 seed; переводов 4; входящий+исходящий объём 234,300 KZT."
1233,100000000971908100,terminal,0.328707,"Входящих переводов: 1, отправителей: 1, исходящих: 0; колено 2; гипотеза конечного получателя. Достижим от 1 seed; переводов 1; входящий+исходящий объём 89,000 KZT."
1234,100000002983426100,terminal,0.328539,"Входящих переводов: 1, отправителей: 1, исходящих: 0; колено 3; гипотеза конечного получателя. Достижим от 1 seed; переводов 1; входящий+исходящий объём 88,945 KZT."
1235,100000004975919100,peripheral,0.328474,"Отправителей: 1, получателей: 2; переводов вход/выход: 1/2; недостаточно признаков роли. Достижим от 1 seed; переводов 3; входящий+исходящий объём 37,351 KZT."
1236,100000003470579100,peripheral,0.328449,"Граница 4-го колена: исходящие не наблюдаются; роль не определена. Достижим от 1 seed; переводов 2; входящий+исходящий объём 357,000 KZT."
1237,100000001160401100,terminal,0.328349,"Входящих переводов: 2, отправителей: 1, исходящих: 0; колено 3; гипотеза конечного получателя. Достижим от 1 seed; переводов 2; входящий+исходящий объём 47,190 KZT."
1238,100000003484058100,peripheral,0.328102,"Отправителей: 1, получателей: 1; переводов вход/выход: 1/1; недостаточно признаков роли. Достижим от 1 seed; переводов 2; входящий+исходящий объём 116,000 KZT."
1239,100000008583971100,peripheral,0.328052,"Граница 4-го колена: исходящие не наблюдаются; роль не определена. Достижим от 2 seed; переводов 2; входящий+исходящий объём 51,000 KZT."
1240,100000005342513100,peripheral,0.327978,"Отправителей: 1, получателей: 1; переводов вход/выход: 2/1; недостаточно признаков роли. Достижим от 1 seed; переводов 3; входящий+исходящий объём 265,000 KZT."
1241,100000004007116100,peripheral,0.327838,"Отправителей: 3, получателей: 4; переводов вход/выход: 24/6; недостаточно признаков роли; входящие seed неполны. Достижим от 0 seed; переводов 30; входящий+исходящий объём 912,704 KZT."
1242,100000002896506100,peripheral,0.32769,"Граница 4-го колена: исходящие не наблюдаются; роль не определена. Достижим от 3 seed; переводов 1; входящий+исходящий объём 45,000 KZT."
1243,100000007020162100,terminal,0.327418,"Входящих переводов: 1, отправителей: 1, исходящих: 0; колено 3; гипотеза конечного получателя. Достижим от 1 seed; переводов 1; входящий+исходящий объём 86,395 KZT."
1244,100000008757369100,peripheral,0.327216,"Отправителей: 1, получателей: 1; переводов вход/выход: 1/3; недостаточно признаков роли. Достижим от 1 seed; переводов 4; входящий+исходящий объём 84,359 KZT."
1245,100000002926970100,terminal,0.32624,"Входящих переводов: 1, отправителей: 1, исходящих: 0; колено 3; гипотеза конечного получателя. Достижим от 1 seed; переводов 1; входящий+исходящий объём 85,000 KZT."
1246,100000003970394100,terminal,0.32624,"Входящих переводов: 1, отправителей: 1, исходящих: 0; колено 1; гипотеза конечного получателя. Достижим от 1 seed; переводов 1; входящий+исходящий объём 85,000 KZT."
1247,100000002831727100,peripheral,0.326206,"Отправителей: 1, получателей: 1; переводов вход/выход: 1/3; недостаточно признаков роли. Достижим от 1 seed; переводов 4; входящий+исходящий объём 83,000 KZT."
1248,100000001223977100,peripheral,0.326078,"Отправителей: 1, получателей: 1; переводов вход/выход: 1/1; недостаточно признаков роли. Достижим от 2 seed; переводов 2; входящий+исходящий объём 23,000 KZT."
1249,100000002695812100,peripheral,0.325943,"Граница 4-го колена: исходящие не наблюдаются; роль не определена. Достижим от 2 seed; переводов 1; входящий+исходящий объём 95,000 KZT."
1250,100000004629688100,peripheral,0.325795,"Отправителей: 1, получателей: 1; переводов вход/выход: 1/2; недостаточно признаков роли. Достижим от 3 seed; переводов 3; входящий+исходящий объём 20,000 KZT."
1251,100000004722630100,peripheral,0.325702,"Граница 4-го колена: исходящие не наблюдаются; роль не определена. Достижим от 1 seed; переводов 2; входящий+исходящий объём 340,000 KZT."
1252,100000008097580100,terminal,0.325667,"Входящих переводов: 4, отправителей: 2, исходящих: 0; колено 3; гипотеза конечного получателя. Достижим от 1 seed; переводов 4; входящий+исходящий объём 32,000 KZT."
1253,100000001276409100,peripheral,0.325438,"Граница 4-го колена: исходящие не наблюдаются; роль не определена. Достижим от 2 seed; переводов 1; входящий+исходящий объём 94,760 KZT."
1254,100000003664994100,peripheral,0.325421,"Граница 4-го колена: исходящие не наблюдаются; роль не определена. Достижим от 1 seed; переводов 2; входящий+исходящий объём 338,271 KZT."
1255,100000002662768100,terminal,0.325287,"Входящих переводов: 1, отправителей: 1, исходящих: 0; колено 1; гипотеза конечного получателя. Достижим от 1 seed; переводов 1; входящий+исходящий объём 84,300 KZT."
1256,100000000961900100,terminal,0.325185,"Входящих переводов: 3, отправителей: 2, исходящих: 0; колено 1; гипотеза конечного получателя. Достижим от 1 seed; переводов 3; входящий+исходящий объём 36,000 KZT."
1257,100000002870937100,terminal,0.32495,"Входящих переводов: 1, отправителей: 1, исходящих: 0; колено 1; гипотеза конечного получателя. Достижим от 1 seed; переводов 1; входящий+исходящий объём 83,700 KZT."
1258,100000005497148100,peripheral,0.32492,"Граница 4-го колена: исходящие не наблюдаются; роль не определена. Достижим от 3 seed; переводов 2; входящий+исходящий объём 24,000 KZT."
1259,100000001046057100,terminal,0.324838,"Входящих переводов: 1, отправителей: 1, исходящих: 0; колено 3; гипотеза конечного получателя. Достижим от 1 seed; переводов 1; входящий+исходящий объём 83,420 KZT."
1260,100000005567828100,peripheral,0.324597,"Граница 4-го колена: исходящие не наблюдаются; роль не определена. Достижим от 2 seed; переводов 1; входящий+исходящий объём 94,000 KZT."
1261,100000008729597100,terminal,0.324501,"Входящих переводов: 1, отправителей: 1, исходящих: 0; колено 3; гипотеза конечного получателя. Достижим от 1 seed; переводов 1; входящий+исходящий объём 83,090 KZT."
1262,100000005042822100,peripheral,0.324378,"Граница 4-го колена: исходящие не наблюдаются; роль не определена. Достижим от 1 seed; переводов 1; входящий+исходящий объём 1,000,000 KZT."
1263,100000002597623100,terminal,0.324048,"Входящих переводов: 1, отправителей: 1, исходящих: 0; колено 3; гипотеза конечного получателя. Достижим от 2 seed; переводов 1; входящий+исходящий объём 16,418 KZT."
1264,100000003275398100,peripheral,0.323963,"Отправителей: 1, получателей: 1; переводов вход/выход: 1/1; недостаточно признаков роли. Достижим от 1 seed; переводов 2; входящий+исходящий объём 320,000 KZT."
1265,100000002648315100,peripheral,0.323918,"Отправителей: 1, получателей: 2; переводов вход/выход: 1/3; недостаточно признаков роли. Достижим от 1 seed; переводов 4; входящий+исходящий объём 208,000 KZT."
1266,100000002612809100,peripheral,0.323723,"Отправителей: 1, получателей: 3; переводов вход/выход: 2/4; недостаточно признаков роли. Достижим от 1 seed; переводов 6; входящий+исходящий объём 144,000 KZT."
1267,100000007754369100,terminal,0.323716,"Входящих переводов: 1, отправителей: 1, исходящих: 0; колено 3; гипотеза конечного получателя. Достижим от 1 seed; переводов 1; входящий+исходящий объём 82,424 KZT."
1268,100000003865939100,terminal,0.323099,"Входящих переводов: 1, отправителей: 1, исходящих: 0; колено 1; гипотеза конечного получателя. Достижим от 1 seed; переводов 1; входящий+исходящий объём 81,465 KZT."
1269,100000004254434100,terminal,0.323021,"Входящих переводов: 2, отправителей: 1, исходящих: 0; колено 1; гипотеза конечного получателя. Достижим от 1 seed; переводов 2; входящий+исходящий объём 44,445 KZT."
1270,100000008571433100,peripheral,0.322655,"Отправителей: 2, получателей: 2; переводов вход/выход: 2/3; недостаточно признаков роли; входящие seed неполны. Достижим от 0 seed; переводов 5; входящий+исходящий объём 1,784,000 KZT."
1271,100000002621434100,terminal,0.322539,"Входящих переводов: 1, отправителей: 1, исходящих: 0; колено 3; гипотеза конечного получателя. Достижим от 1 seed; переводов 1; входящий+исходящий объём 81,000 KZT."
1272,100000002566204100,terminal,0.32237,"Входящих переводов: 1, отправителей: 1, исходящих: 0; колено 2; гипотеза конечного получателя. Достижим от 1 seed; переводов 1; входящий+исходящий объём 80,805 KZT."
1273,100000005454368100,peripheral,0.322276,"Отправителей: 2, получателей: 0; переводов вход/выход: 2/0; недостаточно признаков роли; входящие seed неполны. Достижим от 2 seed; переводов 2; входящий+исходящий объём 48,600 KZT."
1274,100000003713616100,terminal,0.322029,"Входящих переводов: 1, отправителей: 1, исходящих: 0; колено 1; гипотеза конечного получателя. Достижим от 2 seed; переводов 1; входящий+исходящий объём 15,893 KZT."
1275,100000008687617100,terminal,0.322012,"Входящих переводов: 2, отправителей: 1, исходящих: 0; колено 3; гипотеза конечного получателя. Достижим от 1 seed; переводов 2; входящий+исходящий объём 43,350 KZT."
1276,100000008737422100,terminal,0.3208,"Входящих переводов: 1, отправителей: 1, исходящих: 0; колено 1; гипотеза конечного получателя. Достижим от 1 seed; переводов 1; входящий+исходящий объём 76,903 KZT."
1277,100000003677936100,peripheral,0.320789,"Отправителей: 1, получателей: 1; переводов вход/выход: 1/2; недостаточно признаков роли. Достижим от 1 seed; переводов 3; входящий+исходящий объём 84,000 KZT."
1278,100000004825069100,terminal,0.320732,"Входящих переводов: 4, отправителей: 1, исходящих: 0; колено 2; гипотеза конечного получателя. Достижим от 1 seed; переводов 4; входящий+исходящий объём 30,000 KZT."
1279,100000007534354100,peripheral,0.320553,"Отправителей: 1, получателей: 3; переводов вход/выход: 1/3; недостаточно признаков роли. Достижим от 1 seed; переводов 4; входящий+исходящий объём 197,810 KZT."
1280,100000005931985100,terminal,0.320464,"Входящих переводов: 1, отправителей: 1, исходящих: 0; колено 2; гипотеза конечного получателя. Достижим от 1 seed; переводов 1; входящий+исходящий объём 76,000 KZT."
1281,100000008712827100,terminal,0.320464,"Входящих переводов: 1, отправителей: 1, исходящих: 0; колено 3; гипотеза конечного получателя. Достижим от 1 seed; переводов 1; входящий+исходящий объём 76,000 KZT."
1282,100000006443391100,peripheral,0.319993,"Отправителей: 3, получателей: 2; переводов вход/выход: 7/6; недостаточно признаков роли. Достижим от 1 seed; переводов 13; входящий+исходящий объём 146,818 KZT."
1283,100000002791494100,peripheral,0.319494,"Граница 4-го колена: исходящие не наблюдаются; роль не определена. Достижим от 2 seed; переводов 1; входящий+исходящий объём 85,860 KZT."
1284,100000001418900100,terminal,0.31932,"Входящих переводов: 2, отправителей: 1, исходящих: 0; колено 2; гипотеза конечного получателя. Достижим от 1 seed; переводов 2; входящий+исходящий объём 40,140 KZT."
1285,100000005308954100,peripheral,0.319186,"Отправителей: 1, получателей: 1; переводов вход/выход: 1/1; недостаточно признаков роли. Достижим от 1 seed; переводов 2; входящий+исходящий объём 99,020 KZT."
1286,100000004792397100,terminal,0.319006,"Входящих переводов: 1, отправителей: 1, исходящих: 0; колено 1; гипотеза конечного получателя. Достижим от 1 seed; переводов 1; входящий+исходящий объём 73,520 KZT."
1287,100000008718811100,terminal,0.318894,"Входящих переводов: 1, отправителей: 1, исходящих: 0; колено 3; гипотеза конечного получателя. Достижим от 1 seed; переводов 1; входящий+исходящий объём 73,300 KZT."
1288,100000006030946100,terminal,0.318781,"Входящих переводов: 1, отправителей: 1, исходящих: 0; колено 1; гипотеза конечного получателя. Достижим от 1 seed; переводов 1; входящий+исходящий объём 73,289 KZT."
1289,100000002488629100,terminal,0.318613,"Входящих переводов: 1, отправителей: 1, исходящих: 0; колено 2; гипотеза конечного получателя. Достижим от 1 seed; переводов 1; входящий+исходящий объём 73,050 KZT."
1290,100000002757791100,terminal,0.318613,"Входящих переводов: 1, отправителей: 1, исходящих: 0; колено 3; гипотеза конечного получателя. Достижим от 1 seed; переводов 1; входящий+исходящий объём 73,050 KZT."
1291,100000003036198100,terminal,0.318047,"Входящих переводов: 1, отправителей: 1, исходящих: 0; колено 2; гипотеза конечного получателя. Достижим от 2 seed; переводов 1; входящий+исходящий объём 15,000 KZT."
1292,100000003093299100,terminal,0.318047,"Входящих переводов: 1, отправителей: 1, исходящих: 0; колено 3; гипотеза конечного получателя. Достижим от 2 seed; переводов 1; входящий+исходящий объём 15,000 KZT."
1293,100000002622822100,peripheral,0.318041,"Граница 4-го колена: исходящие не наблюдаются; роль не определена. Достижим от 1 seed; переводов 1; входящий+исходящий объём 750,000 KZT."
1294,100000001052789100,terminal,0.317996,"Входящих переводов: 1, отправителей: 1, исходящих: 0; колено 3; гипотеза конечного получателя. Достижим от 1 seed; переводов 1; входящий+исходящий объём 70,975 KZT."
1295,100000001380986100,terminal,0.31766,"Входящих переводов: 1, отправителей: 1, исходящих: 0; колено 2; гипотеза конечного получателя. Достижим от 1 seed; переводов 1; входящий+исходящий объём 70,170 KZT."
1296,100000006706519100,peripheral,0.317598,"Граница 4-го колена: исходящие не наблюдаются; роль не определена. Достижим от 2 seed; переводов 3; входящий+исходящий объём 36,000 KZT."
1297,100000001724740100,peripheral,0.317581,"Граница 4-го колена: исходящие не наблюдаются; роль не определена. Достижим от 1 seed; переводов 4; входящий+исходящий объём 185,000 KZT."
1298,100000001853812100,terminal,0.316819,"Входящих переводов: 1, отправителей: 1, исходящих: 0; колено 3; гипотеза конечного получателя. Достижим от 1 seed; переводов 1; входящий+исходящий объём 70,000 KZT."
1299,100000005877725100,terminal,0.316819,"Входящих переводов: 1, отправителей: 1, исходящих: 0; колено 1; гипотеза конечного получателя. Достижим от 1 seed; переводов 1; входящий+исходящий объём 70,000 KZT."
1300,100000006008169100,terminal,0.316819,"Входящих переводов: 1, отправителей: 1, исходящих: 0; колено 1; гипотеза конечного получателя. Достижим от 1 seed; переводов 1; входящий+исходящий объём 70,000 KZT."
1301,100000008776420100,terminal,0.31609,"Входящих переводов: 1, отправителей: 1, исходящих: 0; колено 3; гипотеза конечного получателя. Достижим от 1 seed; переводов 1; входящий+исходящий объём 69,500 KZT."
1302,100000007960337100,peripheral,0.315745,"Граница 4-го колена: исходящие не наблюдаются; роль не определена. Достижим от 3 seed; переводов 1; входящий+исходящий объём 35,500 KZT."
1303,100000003650146100,terminal,0.315524,"Входящих переводов: 1, отправителей: 1, исходящих: 0; колено 3; гипотеза конечного получателя. Достижим от 2 seed; переводов 1; входящий+исходящий объём 14,400 KZT."
1304,100000004192865100,terminal,0.314968,"Входящих переводов: 1, отправителей: 1, исходящих: 0; колено 2; гипотеза конечного получателя. Достижим от 1 seed; переводов 1; входящий+исходящий объём 66,666 KZT."
1305,100000003232675100,peripheral,0.314873,"Граница 4-го колена: исходящие не наблюдаются; роль не определена. Достижим от 2 seed; переводов 2; входящий+исходящий объём 44,000 KZT."
1306,100000000737152100,peripheral,0.31468,"Граница 4-го колена: исходящие не наблюдаются; роль не определена. Достижим от 3 seed; переводов 1; входящий+исходящий объём 35,000 KZT."
1307,100000008712991100,terminal,0.314519,"Входящих переводов: 1, отправителей: 1, исходящих: 0; колено 3; гипотеза конечного получателя. Достижим от 1 seed; переводов 1; входящий+исходящий объём 66,100 KZT."
1308,100000002236528100,terminal,0.314407,"Входящих переводов: 1, отправителей: 1, исходящих: 0; колено 3; гипотеза конечного получателя. Достижим от 1 seed; переводов 1; входящий+исходящий объём 66,000 KZT."
1309,100000002340562100,terminal,0.313936,"Входящих переводов: 2, отправителей: 1, исходящих: 0; колено 2; гипотеза конечного получателя. Достижим от 1 seed; переводов 2; входящий+исходящий объём 36,650 KZT."
1310,100000002199091100,terminal,0.313622,"Входящих переводов: 1, отправителей: 1, исходящих: 0; колено 2; гипотеза конечного получателя. Достижим от 1 seed; переводов 1; входящий+исходящий объём 65,000 KZT."
1311,100000002511825100,terminal,0.313622,"Входящих переводов: 1, отправителей: 1, исходящих: 0; колено 1; гипотеза конечного получателя. Достижим от 1 seed; переводов 1; входящий+исходящий объём 65,000 KZT."
1312,100000001600934100,peripheral,0.313173,"Отправителей: 1, получателей: 1; переводов вход/выход: 2/1; недостаточно признаков роли. Достижим от 1 seed; переводов 3; входящий+исходящий объём 191,300 KZT."
1313,100000007330432100,peripheral,0.312994,"Граница 4-го колена: исходящие не наблюдаются; роль не определена. Достижим от 1 seed; переводов 1; входящий+исходящий объём 584,900 KZT."
1314,100000002729875100,peripheral,0.312877,"Граница 4-го колена: исходящие не наблюдаются; роль не определена. Достижим от 2 seed; переводов 1; входящий+исходящий объём 76,000 KZT."
1315,100000006111442100,terminal,0.312837,"Входящих переводов: 1, отправителей: 1, исходящих: 0; колено 3; гипотеза конечного получателя. Достижим от 1 seed; переводов 1; входящий+исходящий объём 64,000 KZT."
1316,100000005530114100,peripheral,0.312253,"Отправителей: 2, получателей: 1; переводов вход/выход: 2/1; недостаточно признаков роли. Достижим от 1 seed; переводов 3; входящий+исходящий объём 161,970 KZT."
1317,100000008417359100,peripheral,0.312253,"Отправителей: 1, получателей: 2; переводов вход/выход: 2/3; недостаточно признаков роли. Достижим от 1 seed; переводов 5; входящий+исходящий объём 151,570 KZT."
1318,100000003567087100,terminal,0.312164,"Входящих переводов: 1, отправителей: 1, исходящих: 0; колено 1; гипотеза конечного получателя. Достижим от 1 seed; переводов 1; входящий+исходящий объём 62,115 KZT."
1319,100000008436257100,terminal,0.311637,"Входящих переводов: 2, отправителей: 2, исходящих: 0; колено 3; гипотеза конечного получателя. Достижим от 1 seed; переводов 2; входящий+исходящий объём 35,000 KZT."
1320,100000002844652100,terminal,0.311603,"Входящих переводов: 1, отправителей: 1, исходящих: 0; колено 1; гипотеза конечного получателя. Достижим от 1 seed; переводов 1; входящий+исходящий объём 61,360 KZT."
1321,100000006351075100,peripheral,0.310836,"Граница 4-го колена: исходящие не наблюдаются; роль не определена. Достижим от 2 seed; переводов 2; входящий+исходящий объём 40,000 KZT."
1322,100000000011452100,peripheral,0.310751,"Отправителей: 3, получателей: 1; переводов вход/выход: 7/2; недостаточно признаков роли. Достижим от 1 seed; переводов 9; входящий+исходящий объём 126,685 KZT."
1323,100000008765627100,terminal,0.310369,"Входящих переводов: 1, отправителей: 1, исходящих: 0; колено 2; гипотеза конечного получателя. Достижим от 1 seed; переводов 1; входящий+исходящий объём 60,000 KZT."
1324,100000003192309100,peripheral,0.309831,"Отправителей: 1, получателей: 1; переводов вход/выход: 1/1; недостаточно признаков роли. Достижим от 1 seed; переводов 2; входящий+исходящий объём 230,200 KZT."
1325,100000000870121100,terminal,0.309467,"Входящих переводов: 1, отправителей: 1, исходящих: 0; колено 3; гипотеза конечного получателя. Достижим от 2 seed; переводов 1; входящий+исходящий объём 12,000 KZT."
1326,100000004158362100,terminal,0.309467,"Входящих переводов: 1, отправителей: 1, исходящих: 0; колено 2; гипотеза конечного получателя. Достижим от 2 seed; переводов 1; входящий+исходящий объём 12,000 KZT."
1327,100000008314863100,terminal,0.309467,"Входящих переводов: 1, отправителей: 1, исходящих: 0; колено 3; гипотеза конечного получателя. Достижим от 2 seed; переводов 1; входящий+исходящий объём 12,000 KZT."
1328,100000004739664100,transit,0.309248,"Отдал/получил в выборке: 0.83; временно сопоставлено за 48 ч: 0%; признаки транзита. Достижим от 1 seed; переводов 2; входящий+исходящий объём 22,000 KZT."
1329,100000008724279100,terminal,0.308794,"Входящих переводов: 1, отправителей: 1, исходящих: 0; колено 1; гипотеза конечного получателя. Достижим от 2 seed; переводов 1; входящий+исходящий объём 11,750 KZT."
1330,100000008720856100,peripheral,0.308732,"Отправителей: 1, получателей: 1; переводов вход/выход: 1/2; недостаточно признаков роли. Достижим от 1 seed; переводов 3; входящий+исходящий объём 64,105 KZT."
1331,100000001669260100,peripheral,0.30862,"Граница 4-го колена: исходящие не наблюдаются; роль не определена. Достижим от 1 seed; переводов 1; входящий+исходящий объём 500,000 KZT."
1332,100000001957974100,peripheral,0.30862,"Граница 4-го колена: исходящие не наблюдаются; роль не определена. Достижим от 1 seed; переводов 1; входящий+исходящий объём 500,000 KZT."
1333,100000001130553100,peripheral,0.308601,"Граница 4-го колена: исходящие не наблюдаются; роль не определена. Достижим от 3 seed; переводов 2; входящий+исходящий объём 18,000 KZT."
1334,100000003218308100,terminal,0.308458,"Входящих переводов: 1, отправителей: 1, исходящих: 0; колено 3; гипотеза конечного получателя. Достижим от 2 seed; переводов 1; входящий+исходящий объём 11,165 KZT."
1335,100000002845605100,terminal,0.308351,"Входящих переводов: 1, отправителей: 1, исходящих: 0; колено 1; гипотеза конечного получателя. Достижим от 1 seed; переводов 1; входящий+исходящий объём 57,567 KZT."
1336,100000004206046100,terminal,0.308346,"Входящих переводов: 1, отправителей: 1, исходящих: 0; колено 1; гипотеза конечного получателя. Достижим от 2 seed; переводов 1; входящий+исходящий объём 11,075 KZT."
1337,100000002380341100,terminal,0.308238,"Входящих переводов: 1, отправителей: 1, исходящих: 0; колено 3; гипотеза конечного получателя. Достижим от 1 seed; переводов 1; входящий+исходящий объём 57,566 KZT."
1338,100000002793851100,terminal,0.308233,"Входящих переводов: 1, отправителей: 1, исходящих: 0; колено 1; гипотеза конечного получателя. Достижим от 2 seed; переводов 1; входящий+исходящий объём 11,052 KZT."
1339,100000005052998100,peripheral,0.308144,"Отправителей: 1, получателей: 1; переводов вход/выход: 1/1; недостаточно признаков роли. Достижим от 2 seed; переводов 2; входящий+исходящий объём 37,900 KZT."
1340,100000008028628100,terminal,0.307902,"Входящих переводов: 1, отправителей: 1, исходящих: 0; колено 1; гипотеза конечного получателя. Достижим от 1 seed; переводов 1; входящий+исходящий объём 57,224 KZT."
1341,100000004388983100,peripheral,0.307896,"Отправителей: 0, получателей: 2; переводов вход/выход: 0/23; недостаточно признаков роли; входящие seed неполны. Достижим от 0 seed; переводов 23; входящий+исходящий объём 450,816 KZT."
1342,100000005402643100,peripheral,0.307588,"Отправителей: 1, получателей: 1; переводов вход/выход: 1/1; недостаточно признаков роли. Достижим от 1 seed; переводов 2; входящий+исходящий объём 217,800 KZT."
1343,100000002305007100,terminal,0.307566,"Входящих переводов: 1, отправителей: 1, исходящих: 0; колено 3; гипотеза конечного получателя. Достижим от 1 seed; переводов 1; входящий+исходящий объём 56,000 KZT."
1344,100000002864680100,terminal,0.307453,"Входящих переводов: 1, отправителей: 1, исходящих: 0; колено 1; гипотеза конечного получателя. Достижим от 1 seed; переводов 1; входящий+исходящий объём 55,932 KZT."
1345,100000002891765100,terminal,0.307229,"Входящих переводов: 1, отправителей: 1, исходящих: 0; колено 3; гипотеза конечного получателя. Достижим от 1 seed; переводов 1; входящий+исходящий объём 55,576 KZT."
1346,100000003370425100,peripheral,0.307212,"Граница 4-го колена: исходящие не наблюдаются; роль не определена. Достижим от 4 seed; переводов 1; входящий+исходящий объём 20,000 KZT."
1347,100000008745489100,terminal,0.307117,"Входящих переводов: 1, отправителей: 1, исходящих: 0; колено 1; гипотеза конечного получателя. Достижим от 1 seed; переводов 1; входящий+исходящий объём 55,539 KZT."
1348,100000003086040100,terminal,0.307,"Входящих переводов: 1, отправителей: 1, исходящих: 0; колено 2; гипотеза конечного получателя. Достижим от 2 seed; переводов 1; входящий+исходящий объём 10,500 KZT."
1349,100000003134937100,terminal,0.306775,"Входящих переводов: 1, отправителей: 1, исходящих: 0; колено 1; гипотеза конечного получателя. Достижим от 2 seed; переводов 1; входящий+исходящий объём 10,286 KZT."
1350,100000001379511100,terminal,0.306556,"Входящих переводов: 1, отправителей: 1, исходящих: 0; колено 3; гипотеза конечного получателя. Достижим от 1 seed; переводов 1; входящий+исходящий объём 55,000 KZT."
1351,100000002852402100,terminal,0.306556,"Входящих переводов: 1, отправителей: 1, исходящих: 0; колено 2; гипотеза конечного получателя. Достижим от 1 seed; переводов 1; входящий+исходящий объём 55,000 KZT."
1352,100000008259451100,terminal,0.306556,"Входящих переводов: 1, отправителей: 1, исходящих: 0; колено 3; гипотеза конечного получателя. Достижим от 1 seed; переводов 1; входящий+исходящий объём 55,000 KZT."
1353,100000005077484100,peripheral,0.306107,"Отправителей: 1, получателей: 2; переводов вход/выход: 1/2; недостаточно признаков роли. Достижим от 1 seed; переводов 3; входящий+исходящий объём 163,550 KZT."
1354,100000008736760100,terminal,0.306107,"Входящих переводов: 1, отправителей: 1, исходящих: 0; колено 1; гипотеза конечного получателя. Достижим от 1 seed; переводов 1; входящий+исходящий объём 54,757 KZT."
1355,100000008405209100,terminal,0.305883,"Входящих переводов: 1, отправителей: 1, исходящих: 0; колено 3; гипотеза конечного получателя. Достижим от 1 seed; переводов 1; входящий+исходящий объём 54,400 KZT."
1356,100000004047887100,peripheral,0.305763,"Граница 4-го колена: исходящие не наблюдаются; роль не определена. Достижим от 3 seed; переводов 1; входящий+исходящий объём 30,000 KZT."
1357,100000008008463100,terminal,0.305659,"Входящих переводов: 1, отправителей: 1, исходящих: 0; колено 2; гипотеза конечного получателя. Достижим от 1 seed; переводов 1; входящий+исходящий объём 54,180 KZT."
1358,100000002628146100,terminal,0.304851,"Входящих переводов: 2, отправителей: 1, исходящих: 0; колено 2; гипотеза конечного получателя. Достижим от 1 seed; переводов 2; входящий+исходящий объём 30,500 KZT."
1359,100000008582730100,transit,0.304847,"Отдал/получил в выборке: 1.00; временно сопоставлено за 48 ч: 0%; признаки транзита. Достижим от 1 seed; переводов 2; входящий+исходящий объём 10,000 KZT."
1360,100000000533217100,terminal,0.304762,"Входящих переводов: 1, отправителей: 1, исходящих: 0; колено 2; гипотеза конечного получателя. Достижим от 1 seed; переводов 1; входящий+исходящий объём 53,587 KZT."
1361,100000001696818100,terminal,0.304649,"Входящих переводов: 1, отправителей: 1, исходящих: 0; колено 1; гипотеза конечного получателя. Достижим от 1 seed; переводов 1; входящий+исходящий объём 53,550 KZT."
1362,100000002812641100,peripheral,0.304507,"Отправителей: 1, получателей: 1; переводов вход/выход: 1/1; недостаточно признаков роли. Достижим от 3 seed; переводов 2; входящий+исходящий объём 17,024 KZT."
1363,100000008746673100,terminal,0.304201,"Входящих переводов: 1, отправителей: 1, исходящих: 0; колено 1; гипотеза конечного получателя. Достижим от 1 seed; переводов 1; входящий+исходящий объём 53,048 KZT."
1364,100000004798515100,peripheral,0.304167,"Граница 4-го колена: исходящие не наблюдаются; роль не определена. Достижим от 1 seed; переводов 2; входящий+исходящий объём 200,000 KZT."
1365,100000004984689100,terminal,0.304089,"Входящих переводов: 1, отправителей: 1, исходящих: 0; колено 3; гипотеза конечного получателя. Достижим от 1 seed; переводов 1; входящий+исходящий объём 53,030 KZT."
1366,100000001241318100,terminal,0.303808,"Входящих переводов: 1, отправителей: 1, исходящих: 0; колено 2; гипотеза конечного получателя. Достижим от 1 seed; переводов 1; входящий+исходящий объём 53,000 KZT."
1367,100000007536804100,peripheral,0.303752,"Отправителей: 1, получателей: 2; переводов вход/выход: 1/2; недостаточно признаков роли. Достижим от 1 seed; переводов 3; входящий+исходящий объём 155,000 KZT."
1368,100000006894637100,terminal,0.303416,"Входящих переводов: 1, отправителей: 1, исходящих: 0; колено 3; гипотеза конечного получателя. Достижим от 1 seed; переводов 1; входящий+исходящий объём 52,831 KZT."
1369,100000007303047100,terminal,0.302967,"Входящих переводов: 1, отправителей: 1, исходящих: 0; колено 3; гипотеза конечного получателя. Достижим от 1 seed; переводов 1; входящий+исходящий объём 52,250 KZT."
1370,100000001145749100,terminal,0.302962,"Входящих переводов: 1, отправителей: 1, исходящих: 0; колено 3; гипотеза конечного получателя. Достижим от 2 seed; переводов 1; входящий+исходящий объём 10,000 KZT."
1371,100000003943483100,terminal,0.302962,"Входящих переводов: 1, отправителей: 1, исходящих: 0; колено 2; гипотеза конечного получателя. Достижим от 2 seed; переводов 1; входящий+исходящий объём 10,000 KZT."
1372,100000004991812100,terminal,0.302962,"Входящих переводов: 1, отправителей: 1, исходящих: 0; колено 3; гипотеза конечного получателя. Достижим от 2 seed; переводов 1; входящий+исходящий объём 10,000 KZT."
1373,100000005941908100,terminal,0.302962,"Входящих переводов: 1, отправителей: 1, исходящих: 0; колено 3; гипотеза конечного получателя. Достижим от 2 seed; переводов 1; входящий+исходящий объём 10,000 KZT."
1374,100000004257714100,terminal,0.302855,"Входящих переводов: 1, отправителей: 1, исходящих: 0; колено 3; гипотеза конечного получателя. Достижим от 1 seed; переводов 1; входящий+исходящий объём 52,220 KZT."
1375,100000002922000100,peripheral,0.302788,"Граница 4-го колена: исходящие не наблюдаются; роль не определена. Достижим от 1 seed; переводов 1; входящий+исходящий объём 448,000 KZT."
1376,100000002505277100,peripheral,0.302782,"Граница 4-го колена: исходящие не наблюдаются; роль не определена. Достижим от 2 seed; переводов 1; входящий+исходящий объём 60,000 KZT."
1377,100000004777215100,peripheral,0.302782,"Граница 4-го колена: исходящие не наблюдаются; роль не определена. Достижим от 2 seed; переводов 1; входящий+исходящий объём 60,000 KZT."
1378,100000007042175100,peripheral,0.302782,"Граница 4-го колена: исходящие не наблюдаются; роль не определена. Достижим от 2 seed; переводов 1; входящий+исходящий объём 60,000 KZT."
1379,100000004841728100,terminal,0.302743,"Входящих переводов: 1, отправителей: 1, исходящих: 0; колено 1; гипотеза конечного получателя. Достижим от 1 seed; переводов 1; входящий+исходящий объём 52,208 KZT."
1380,100000001785161100,terminal,0.30272,"Входящих переводов: 2, отправителей: 2, исходящих: 0; колено 3; гипотеза конечного получателя. Достижим от 1 seed; переводов 2; входящий+исходящий объём 30,000 KZT."
1381,100000005932987100,terminal,0.302529,"Входящих переводов: 3, отправителей: 1, исходящих: 0; колено 2; гипотеза конечного получателя. Достижим от 1 seed; переводов 3; входящий+исходящий объём 25,000 KZT."
1382,100000008684452100,terminal,0.302294,"Входящих переводов: 1, отправителей: 1, исходящих: 0; колено 3; гипотеза конечного получателя. Достижим от 1 seed; переводов 1; входящий+исходящий объём 51,800 KZT."
1383,100000002933386100,peripheral,0.30225,"Отправителей: 1, получателей: 1; переводов вход/выход: 1/1; недостаточно признаков роли. Достижим от 1 seed; переводов 2; входящий+исходящий объём 73,000 KZT."
1384,100000002691858100,terminal,0.302126,"Входящих переводов: 1, отправителей: 1, исходящих: 0; колено 2; гипотеза конечного получателя. Достижим от 1 seed; переводов 1; входящий+исходящий объём 51,500 KZT."
1385,100000002835874100,peripheral,0.301381,"Граница 4-го колена: исходящие не наблюдаются; роль не определена. Достижим от 2 seed; переводов 1; входящий+исходящий объём 58,700 KZT."
1386,100000002489253100,terminal,0.301341,"Входящих переводов: 1, отправителей: 1, исходящих: 0; колено 2; гипотеза конечного получателя. Достижим от 1 seed; переводов 1; входящий+исходящий объём 51,000 KZT."
1387,100000004066647100,terminal,0.301341,"Входящих переводов: 1, отправителей: 1, исходящих: 0; колено 3; гипотеза конечного получателя. Достижим от 1 seed; переводов 1; входящий+исходящий объём 51,000 KZT."
1388,100000008304115100,terminal,0.301341,"Входящих переводов: 1, отправителей: 1, исходящих: 0; колено 1; гипотеза конечного получателя. Достижим от 1 seed; переводов 1; входящий+исходящий объём 51,000 KZT."
1389,100000008043184100,terminal,0.300948,"Входящих переводов: 1, отправителей: 1, исходящих: 0; колено 3; гипотеза конечного получателя. Достижим от 1 seed; переводов 1; входящий+исходящий объём 50,564 KZT."
1390,100000003951827100,peripheral,0.300451,"Отправителей: 1, получателей: 2; переводов вход/выход: 1/2; недостаточно признаков роли. Достижим от 2 seed; переводов 3; входящий+исходящий объём 26,000 KZT."
1391,100000003899325100,terminal,0.300387,"Входящих переводов: 1, отправителей: 1, исходящих: 0; колено 3; гипотеза конечного получателя. Достижим от 1 seed; переводов 1; входящий+исходящий объём 50,120 KZT."
1392,100000002752565100,peripheral,0.300203,"Граница 4-го колена: исходящие не наблюдаются; роль не определена. Достижим от 2 seed; переводов 1; входящий+исходящий объём 57,000 KZT."
1393,100000005264874100,peripheral,0.299892,"Отправителей: 1, получателей: 2; переводов вход/выход: 1/3; недостаточно признаков роли. Достижим от 1 seed; переводов 4; входящий+исходящий объём 108,000 KZT."
1394,100000006612238100,peripheral,0.299569,"Отправителей: 1, получателей: 1; переводов вход/выход: 1/1; недостаточно признаков роли. Достижим от 1 seed; переводов 2; входящий+исходящий объём 185,000 KZT."
1395,100000008254576100,peripheral,0.299558,"Отправителей: 1, получателей: 1; переводов вход/выход: 1/1; недостаточно признаков роли. Достижим от 1 seed; переводов 2; входящий+исходящий объём 68,000 KZT."
1396,100000005357034100,terminal,0.299373,"Входящих переводов: 1, отправителей: 1, исходящих: 0; колено 3; гипотеза конечного получателя. Достижим от 2 seed; переводов 1; входящий+исходящий объём 9,754 KZT."
1397,100000002606567100,peripheral,0.299334,"Отправителей: 1, получателей: 1; переводов вход/выход: 1/1; недостаточно признаков роли. Достижим от 1 seed; переводов 2; входящий+исходящий объём 67,095 KZT."
1398,100000006308406100,peripheral,0.299176,"Граница 4-го колена: исходящие не наблюдаются; роль не определена. Достижим от 1 seed; переводов 2; входящий+исходящий объём 183,000 KZT."
1399,100000000795374100,terminal,0.298705,"Входящих переводов: 1, отправителей: 1, исходящих: 0; колено 3; гипотеза конечного получателя. Достижим от 1 seed; переводов 1; входящий+исходящий объём 50,000 KZT."
1400,100000001250022100,terminal,0.298705,"Входящих переводов: 1, отправителей: 1, исходящих: 0; колено 2; гипотеза конечного получателя. Достижим от 1 seed; переводов 1; входящий+исходящий объём 50,000 KZT."
1401,100000001550388100,terminal,0.298705,"Входящих переводов: 1, отправителей: 1, исходящих: 0; колено 1; гипотеза конечного получателя. Достижим от 1 seed; переводов 1; входящий+исходящий объём 50,000 KZT."
1402,100000001745217100,terminal,0.298705,"Входящих переводов: 1, отправителей: 1, исходящих: 0; колено 3; гипотеза конечного получателя. Достижим от 1 seed; переводов 1; входящий+исходящий объём 50,000 KZT."
1403,100000002369443100,terminal,0.298705,"Входящих переводов: 1, отправителей: 1, исходящих: 0; колено 3; гипотеза конечного получателя. Достижим от 1 seed; переводов 1; входящий+исходящий объём 50,000 KZT."
1404,100000002842337100,terminal,0.298705,"Входящих переводов: 1, отправителей: 1, исходящих: 0; колено 2; гипотеза конечного получателя. Достижим от 1 seed; переводов 1; входящий+исходящий объём 50,000 KZT."
1405,100000003711830100,terminal,0.298705,"Входящих переводов: 1, отправителей: 1, исходящих: 0; колено 3; гипотеза конечного получателя. Достижим от 1 seed; переводов 1; входящий+исходящий объём 50,000 KZT."
1406,100000003922499100,terminal,0.298705,"Входящих переводов: 1, отправителей: 1, исходящих: 0; колено 2; гипотеза конечного получателя. Достижим от 1 seed; переводов 1; входящий+исходящий объём 50,000 KZT."
1407,100000004491749100,terminal,0.298705,"Входящих переводов: 1, отправителей: 1, исходящих: 0; колено 3; гипотеза конечного получателя. Достижим от 1 seed; переводов 1; входящий+исходящий объём 50,000 KZT."
1408,100000006687202100,terminal,0.298705,"Входящих переводов: 1, отправителей: 1, исходящих: 0; колено 1; гипотеза конечного получателя. Достижим от 1 seed; переводов 1; входящий+исходящий объём 50,000 KZT."
1409,100000008772058100,terminal,0.298705,"Входящих переводов: 1, отправителей: 1, исходящих: 0; колено 2; гипотеза конечного получателя. Достижим от 1 seed; переводов 1; входящий+исходящий объём 50,000 KZT."
1410,100000008753061100,terminal,0.298683,"Входящих переводов: 2, отправителей: 1, исходящих: 0; колено 3; гипотеза конечного получателя. Достижим от 1 seed; переводов 2; входящий+исходящий объём 28,400 KZT."
1411,100000006232815100,peripheral,0.298408,"Отправителей: 1, получателей: 5; переводов вход/выход: 2/5; недостаточно признаков роли; входящие seed неполны. Достижим от 0 seed; переводов 7; входящий+исходящий объём 456,500 KZT."
1412,100000005360814100,peripheral,0.298368,"Граница 4-го колена: исходящие не наблюдаются; роль не определена. Достижим от 1 seed; переводов 3; входящий+исходящий объём 144,000 KZT."
1413,100000005265073100,peripheral,0.298263,"Отправителей: 1, получателей: 1; переводов вход/выход: 1/1; недостаточно признаков роли. Достижим от 2 seed; переводов 2; входящий+исходящий объём 14,000 KZT."
1414,100000006658598100,terminal,0.298251,"Входящих переводов: 1, отправителей: 1, исходящих: 0; колено 1; гипотеза конечного получателя. Достижим от 2 seed; переводов 1; входящий+исходящий объём 9,000 KZT."
1415,100000008677215100,terminal,0.298251,"Входящих переводов: 1, отправителей: 1, исходящих: 0; колено 3; гипотеза конечного получателя. Достижим от 2 seed; переводов 1; входящий+исходящий объём 9,000 KZT."
1416,100000002904919100,peripheral,0.2981,"Отправителей: 1, получателей: 1; переводов вход/выход: 1/1; недостаточно признаков роли. Достижим от 1 seed; переводов 2; входящий+исходящий объём 65,825 KZT."
1417,100000006177176100,terminal,0.297803,"Входящих переводов: 1, отправителей: 1, исходящих: 0; колено 1; гипотеза конечного получателя. Достижим от 2 seed; переводов 1; входящий+исходящий объём 8,911 KZT."
1418,100000004580254100,terminal,0.297785,"Входящих переводов: 2, отправителей: 2, исходящих: 0; колено 3; гипотеза конечного получателя. Достижим от 1 seed; переводов 2; входящий+исходящий объём 27,940 KZT."
1419,100000002095257100,terminal,0.297242,"Входящих переводов: 1, отправителей: 1, исходящих: 0; колено 3; гипотеза конечного получателя. Достижим от 2 seed; переводов 1; входящий+исходящий объём 8,500 KZT."
1420,100000005834479100,peripheral,0.297238,"Отправителей: 1, получателей: 2; переводов вход/выход: 1/2; недостаточно признаков роли. Достижим от 2 seed; переводов 3; входящий+исходящий объём 21,970 KZT."
1421,100000004921657100,peripheral,0.297152,"Отправителей: 1, получателей: 1; переводов вход/выход: 1/1; недостаточно признаков роли. Достижим от 2 seed; переводов 2; входящий+исходящий объём 30,490 KZT."
1422,100000008713685100,terminal,0.296686,"Входящих переводов: 1, отправителей: 1, исходящих: 0; колено 3; гипотеза конечного получателя. Достижим от 1 seed; переводов 1; входящий+исходящий объём 49,700 KZT."
1423,100000008782421100,terminal,0.296574,"Входящих переводов: 1, отправителей: 1, исходящих: 0; колено 1; гипотеза конечного получателя. Достижим от 1 seed; переводов 1; входящий+исходящий объём 49,680 KZT."
1424,100000001279875100,terminal,0.296462,"Входящих переводов: 1, отправителей: 1, исходящих: 0; колено 2; гипотеза конечного получателя. Достижим от 1 seed; переводов 1; входящий+исходящий объём 49,235 KZT."
1425,100000005730108100,terminal,0.296401,"Входящих переводов: 1, отправителей: 1, исходящих: 0; колено 2; гипотеза конечного получателя. Достижим от 2 seed; переводов 1; входящий+исходящий объём 8,000 KZT."
1426,100000008557672100,terminal,0.29635,"Входящих переводов: 1, отправителей: 1, исходящих: 0; колено 2; гипотеза конечного получателя. Достижим от 1 seed; переводов 1; входящий+исходящий объём 49,125 KZT."
1427,100000002611334100,peripheral,0.296305,"Отправителей: 1, получателей: 1; переводов вход/выход: 1/1; недостаточно признаков роли. Достижим от 1 seed; переводов 2; входящий+исходящий объём 63,788 KZT."
1428,100000003207060100,peripheral,0.296221,"Граница 4-го колена: исходящие не наблюдаются; роль не определена. Достижим от 2 seed; переводов 1; входящий+исходящий объём 53,000 KZT."
1429,100000000860514100,peripheral,0.295689,"Отправителей: 1, получателей: 1; переводов вход/выход: 1/1; недостаточно признаков роли. Достижим от 1 seed; переводов 2; входящий+исходящий объём 62,000 KZT."
1430,100000008677518100,terminal,0.295677,"Входящих переводов: 1, отправителей: 1, исходящих: 0; колено 3; гипотеза конечного получателя. Достижим от 1 seed; переводов 1; входящий+исходящий объём 48,700 KZT."
1431,100000001202787100,peripheral,0.295647,"Граница 4-го колена: исходящие не наблюдаются; роль не определена. Достижим от 3 seed; переводов 2; входящий+исходящий объём 14,850 KZT."
1432,100000007653094100,peripheral,0.295379,"Граница 4-го колена: исходящие не наблюдаются; роль не определена. Достижим от 4 seed; переводов 1; входящий+исходящий объём 16,000 KZT."
1433,100000001597424100,terminal,0.295228,"Входящих переводов: 1, отправителей: 1, исходящих: 0; колено 3; гипотеза конечного получателя. Достижим от 1 seed; переводов 1; входящий+исходящий объём 48,100 KZT."
1434,100000007510567100,peripheral,0.294875,"Граница 4-го колена: исходящие не наблюдаются; роль не определена. Достижим от 2 seed; переводов 1; входящий+исходящий объём 52,000 KZT."
1435,100000002750956100,terminal,0.294555,"Входящих переводов: 1, отправителей: 1, исходящих: 0; колено 1; гипотеза конечного получателя. Достижим от 1 seed; переводов 1; входящий+исходящий объём 47,416 KZT."
1436,100000006385877100,peripheral,0.294488,"Отправителей: 1, получателей: 1; переводов вход/выход: 5/5; недостаточно признаков роли. Достижим от 1 seed; переводов 10; входящий+исходящий объём 90,310 KZT."
1437,100000001065234100,peripheral,0.294432,"Граница 4-го колена: исходящие не наблюдаются; роль не определена. Достижим от 1 seed; переводов 1; входящий+исходящий объём 360,000 KZT."
1438,100000005961971100,terminal,0.294331,"Входящих переводов: 1, отправителей: 1, исходящих: 0; колено 1; гипотеза конечного получателя. Достижим от 1 seed; переводов 1; входящий+исходящий объём 47,353 KZT."
1439,100000008749618100,terminal,0.294219,"Входящих переводов: 1, отправителей: 1, исходящих: 0; колено 1; гипотеза конечного получателя. Достижим от 1 seed; переводов 1; входящий+исходящий объём 47,280 KZT."
1440,100000008745725100,terminal,0.293826,"Входящих переводов: 1, отправителей: 1, исходящих: 0; колено 1; гипотеза конечного получателя. Достижим от 1 seed; переводов 1; входящий+исходящий объём 47,060 KZT."
1441,100000008768896100,terminal,0.293826,"Входящих переводов: 1, отправителей: 1, исходящих: 0; колено 1; гипотеза конечного получателя. Достижим от 1 seed; переводов 1; входящий+исходящий объём 47,060 KZT."
1442,100000002952756100,terminal,0.293153,"Входящих переводов: 1, отправителей: 1, исходящих: 0; колено 3; гипотеза конечного получателя. Достижим от 1 seed; переводов 1; входящий+исходящий объём 47,000 KZT."
1443,100000002301828100,terminal,0.292873,"Входящих переводов: 1, отправителей: 1, исходящих: 0; колено 3; гипотеза конечного получателя. Достижим от 1 seed; переводов 1; входящий+исходящий объём 46,977 KZT."
1444,100000004784224100,peripheral,0.292873,"Отправителей: 1, получателей: 1; переводов вход/выход: 2/1; недостаточно признаков роли. Достижим от 1 seed; переводов 3; входящий+исходящий объём 123,500 KZT."
1445,100000008173359100,terminal,0.292868,"Входящих переводов: 1, отправителей: 1, исходящих: 0; колено 1; гипотеза конечного получателя. Достижим от 2 seed; переводов 1; входящий+исходящий объём 6,110 KZT."
1446,100000008071620100,terminal,0.292761,"Входящих переводов: 1, отправителей: 1, исходящих: 0; колено 1; гипотеза конечного получателя. Достижим от 1 seed; переводов 1; входящий+исходящий объём 46,968 KZT."
1447,100000002838519100,terminal,0.292649,"Входящих переводов: 1, отправителей: 1, исходящих: 0; колено 3; гипотеза конечного получателя. Достижим от 1 seed; переводов 1; входящий+исходящий объём 46,900 KZT."
1448,100000003016773100,terminal,0.292424,"Входящих переводов: 1, отправителей: 1, исходящих: 0; колено 2; гипотеза конечного получателя. Достижим от 1 seed; переводов 1; входящий+исходящий объём 46,555 KZT."
1449,100000001549194100,terminal,0.2922,"Входящих переводов: 1, отправителей: 1, исходящих: 0; колено 3; гипотеза конечного получателя. Достижим от 1 seed; переводов 1; входящий+исходящий объём 46,500 KZT."
1450,100000001380107100,terminal,0.292027,"Входящих переводов: 1, отправителей: 1, исходящих: 0; колено 3; гипотеза конечного получателя. Достижим от 2 seed; переводов 1; входящий+исходящий объём 6,000 KZT."
1451,100000007737775100,terminal,0.292027,"Входящих переводов: 1, отправителей: 1, исходящих: 0; колено 3; гипотеза конечного получателя. Достижим от 2 seed; переводов 1; входящий+исходящий объём 6,000 KZT."
1452,100000000703894100,peripheral,0.291886,"Отправителей: 1, получателей: 1; переводов вход/выход: 1/1; недостаточно признаков роли. Достижим от 1 seed; переводов 2; входящий+исходящий объём 155,000 KZT."
1453,100000007511780100,peripheral,0.291886,"Граница 4-го колена: исходящие не наблюдаются; роль не определена. Достижим от 1 seed; переводов 2; входящий+исходящий объём 155,000 KZT."
1454,100000002373144100,peripheral,0.291819,"Отправителей: 1, получателей: 1; переводов вход/выход: 1/1; недостаточно признаков роли. Достижим от 1 seed; переводов 2; входящий+исходящий объём 57,232 KZT."
1455,100000004096559100,terminal,0.291751,"Входящих переводов: 1, отправителей: 1, исходящих: 0; колено 3; гипотеза конечного получателя. Достижим от 1 seed; переводов 1; входящий+исходящий объём 46,200 KZT."
1456,100000007382152100,terminal,0.29141,"Входящих переводов: 1, отправителей: 1, исходящих: 0; колено 2; гипотеза конечного получателя. Достижим от 2 seed; переводов 1; входящий+исходящий объём 5,860 KZT."
1457,100000008754747100,terminal,0.29119,"Входящих переводов: 1, отправителей: 1, исходящих: 0; колено 3; гипотеза конечного получателя. Достижим от 1 seed; переводов 1; входящий+исходящий объём 45,500 KZT."
1458,100000004019056100,peripheral,0.291118,"Граница 4-го колена: исходящие не наблюдаются; роль не определена. Достижим от 2 seed; переводов 1; входящий+исходящий объём 50,000 KZT."
1459,100000007731977100,peripheral,0.291118,"Граница 4-го колена: исходящие не наблюдаются; роль не определена. Достижим от 2 seed; переводов 1; входящий+исходящий объём 50,000 KZT."
1460,100000008308418100,peripheral,0.291118,"Граница 4-го колена: исходящие не наблюдаются; роль не определена. Достижим от 2 seed; переводов 1; входящий+исходящий объём 50,000 KZT."
1461,100000001825934100,peripheral,0.290965,"Отправителей: 1, получателей: 1; переводов вход/выход: 1/1; недостаточно признаков роли. Достижим от 1 seed; переводов 2; входящий+исходящий объём 137,000 KZT."
1462,100000001270470100,peripheral,0.290928,"Граница 4-го колена: исходящие не наблюдаются; роль не определена. Достижим от 2 seed; переводов 2; входящий+исходящий объём 28,300 KZT."
1463,100000003636627100,peripheral,0.290675,"Отправителей: 1, получателей: 1; переводов вход/выход: 8/1; недостаточно признаков роли. Достижим от 1 seed; переводов 9; входящий+исходящий объём 87,000 KZT."
1464,100000008383405100,terminal,0.290663,"Входящих переводов: 2, отправителей: 1, исходящих: 0; колено 1; гипотеза конечного получателя. Достижим от 1 seed; переводов 2; входящий+исходящий объём 25,000 KZT."
1465,100000008502995100,terminal,0.290663,"Входящих переводов: 2, отправителей: 1, исходящих: 0; колено 3; гипотеза конечного получателя. Достижим от 1 seed; переводов 2; входящий+исходящий объём 25,000 KZT."
1466,100000005996909100,terminal,0.290625,"Входящих переводов: 1, отправителей: 1, исходящих: 0; колено 3; гипотеза конечного получателя. Достижим от 2 seed; переводов 1; входящий+исходящий объём 5,500 KZT."
1467,100000002232266100,terminal,0.290349,"Входящих переводов: 1, отправителей: 1, исходящих: 0; колено 3; гипотеза конечного получателя. Достижим от 1 seed; переводов 1; входящий+исходящий объём 45,000 KZT."
1468,100000007861311100,terminal,0.290349,"Входящих переводов: 1, отправителей: 1, исходящих: 0; колено 2; гипотеза конечного получателя. Достижим от 1 seed; переводов 1; входящий+исходящий объём 45,000 KZT."
1469,100000003975102100,peripheral,0.290069,"Отправителей: 1, получателей: 2; переводов вход/выход: 1/2; недостаточно признаков роли; входящие seed неполны. Достижим от 1 seed; переводов 3; входящий+исходящий объём 114,150 KZT."
1470,100000006476758100,terminal,0.289335,"Входящих переводов: 1, отправителей: 1, исходящих: 0; колено 3; гипотеза конечного получателя. Достижим от 2 seed; переводов 1; входящий+исходящий объём 5,200 KZT."
1471,100000002908521100,terminal,0.289003,"Входящих переводов: 1, отправителей: 1, исходящих: 0; колено 3; гипотеза конечного получателя. Достижим от 1 seed; переводов 1; входящий+исходящий объём 44,500 KZT."
1472,100000008772246100,terminal,0.289003,"Входящих переводов: 1, отправителей: 1, исходящих: 0; колено 3; гипотеза конечного получателя. Достижим от 1 seed; переводов 1; входящий+исходящий объём 44,500 KZT."
1473,100000000978041100,terminal,0.288723,"Входящих переводов: 1, отправителей: 1, исходящих: 0; колено 1; гипотеза конечного получателя. Достижим от 1 seed; переводов 1; входящий+исходящий объём 44,445 KZT."
1474,100000008744849100,terminal,0.288723,"Входящих переводов: 1, отправителей: 1, исходящих: 0; колено 1; гипотеза конечного получателя. Достижим от 1 seed; переводов 1; входящий+исходящий объём 44,445 KZT."
1475,100000008688881100,terminal,0.288387,"Входящих переводов: 1, отправителей: 1, исходящих: 0; колено 2; гипотеза конечного получателя. Достижим от 1 seed; переводов 1; входящий+исходящий объём 44,211 KZT."
1476,100000003568904100,peripheral,0.28837,"Граница 4-го колена: исходящие не наблюдаются; роль не определена. Достижим от 2 seed; переводов 1; входящий+исходящий объём 49,000 KZT."
1477,100000005754335100,terminal,0.288274,"Входящих переводов: 1, отправителей: 1, исходящих: 0; колено 3; гипотеза конечного получателя. Достижим от 1 seed; переводов 1; входящий+исходящий объём 44,037 KZT."
1478,100000008782800100,terminal,0.287826,"Входящих переводов: 1, отправителей: 1, исходящих: 0; колено 1; гипотеза конечного получателя. Достижим от 1 seed; переводов 1; входящий+исходящий объём 43,381 KZT."
1479,100000001954534100,peripheral,0.287613,"Отправителей: 1, получателей: 1; переводов вход/выход: 1/1; недостаточно признаков роли. Достижим от 1 seed; переводов 2; входящий+исходящий объём 53,000 KZT."
1480,100000008661585100,terminal,0.287601,"Входящих переводов: 1, отправителей: 1, исходящих: 0; колено 1; гипотеза конечного получателя. Достижим от 1 seed; переводов 1; входящий+исходящий объём 43,141 KZT."
1481,100000005008589100,terminal,0.287489,"Входящих переводов: 1, отправителей: 1, исходящих: 0; колено 3; гипотеза конечного получателя. Достижим от 1 seed; переводов 1; входящий+исходящий объём 42,807 KZT."
1482,100000008776298100,terminal,0.287377,"Входящих переводов: 1, отправителей: 1, исходящих: 0; колено 1; гипотеза конечного получателя. Достижим от 1 seed; переводов 1; входящий+исходящий объём 42,800 KZT."
1483,100000002689717100,peripheral,0.28708,"Граница 4-го колена: исходящие не наблюдаются; роль не определена. Достижим от 2 seed; переводов 1; входящий+исходящий объём 47,500 KZT."
1484,100000002182176100,terminal,0.287041,"Входящих переводов: 1, отправителей: 1, исходящих: 0; колено 1; гипотеза конечного получателя. Достижим от 1 seed; переводов 1; входящий+исходящий объём 42,465 KZT."
1485,100000000375150100,peripheral,0.286973,"Граница 4-го колена: исходящие не наблюдаются; роль не определена. Достижим от 1 seed; переводов 1; входящий+исходящий объём 300,000 KZT."
1486,100000001311175100,peripheral,0.286973,"Граница 4-го колена: исходящие не наблюдаются; роль не определена. Достижим от 1 seed; переводов 1; входящий+исходящий объём 300,000 KZT."
1487,100000003128638100,peripheral,0.286973,"Граница 4-го колена: исходящие не наблюдаются; роль не определена. Достижим от 1 seed; переводов 1; входящий+исходящий объём 300,000 KZT."
1488,100000001818442100,terminal,0.286816,"Входящих переводов: 1, отправителей: 1, исходящих: 0; колено 3; гипотеза конечного получателя. Достижим от 1 seed; переводов 1; входящий+исходящий объём 42,215 KZT."
1489,100000006471232100,terminal,0.28648,"Входящих переводов: 1, отправителей: 1, исходящих: 0; колено 3; гипотеза конечного получателя. Достижим от 1 seed; переводов 1; входящий+исходящий объём 41,800 KZT."
1490,100000008717340100,terminal,0.286087,"Входящих переводов: 1, отправителей: 1, исходящих: 0; колено 1; гипотеза конечного получателя. Достижим от 1 seed; переводов 1; входящий+исходящий объём 41,500 KZT."
1491,100000002748581100,terminal,0.285807,"Входящих переводов: 1, отправителей: 1, исходящих: 0; колено 3; гипотеза конечного получателя. Достижим от 1 seed; переводов 1; входящий+исходящий объём 41,180 KZT."
1492,100000006746688100,terminal,0.285639,"Входящих переводов: 1, отправителей: 1, исходящих: 0; колено 3; гипотеза конечного получателя. Достижим от 1 seed; переводов 1; входящий+исходящий объём 41,000 KZT."
1493,100000008745474100,terminal,0.28547,"Входящих переводов: 1, отправителей: 1, исходящих: 0; колено 1; гипотеза конечного получателя. Достижим от 1 seed; переводов 1; входящий+исходящий объём 40,559 KZT."
1494,100000000408846100,terminal,0.285302,"Входящих переводов: 1, отправителей: 1, исходящих: 0; колено 3; гипотеза конечного получателя. Достижим от 1 seed; переводов 1; входящий+исходящий объём 40,500 KZT."
1495,100000004979283100,terminal,0.28491,"Входящих переводов: 1, отправителей: 1, исходящих: 0; колено 3; гипотеза конечного получателя. Достижим от 1 seed; переводов 1; входящий+исходящий объём 40,132 KZT."
1496,100000002391278100,peripheral,0.284585,"Отправителей: 1, получателей: 1; переводов вход/выход: 5/2; недостаточно признаков роли. Достижим от 1 seed; переводов 7; входящий+исходящий объём 82,700 KZT."
1497,100000008628818100,peripheral,0.284501,"Граница 4-го колена: исходящие не наблюдаются; роль не определена. Достижим от 2 seed; переводов 1; входящий+исходящий объём 46,310 KZT."
1498,100000005100475100,terminal,0.284125,"Входящих переводов: 1, отправителей: 1, исходящих: 0; колено 3; гипотеза конечного получателя. Достижим от 1 seed; переводов 1; входящий+исходящий объём 40,000 KZT."
1499,100000006369769100,terminal,0.284125,"Входящих переводов: 1, отправителей: 1, исходящих: 0; колено 1; гипотеза конечного получателя. Достижим от 1 seed; переводов 1; входящий+исходящий объём 40,000 KZT."
1500,100000003500764100,peripheral,0.284005,"Граница 4-го колена: исходящие не наблюдаются; роль не определена. Достижим от 3 seed; переводов 1; входящий+исходящий объём 21,000 KZT."
1501,100000002596039100,peripheral,0.283889,"Граница 4-го колена: исходящие не наблюдаются; роль не определена. Достижим от 1 seed; переводов 1; входящий+исходящий объём 280,000 KZT."
1502,100000002951898100,terminal,0.283452,"Входящих переводов: 1, отправителей: 1, исходящих: 0; колено 3; гипотеза конечного получателя. Достижим от 1 seed; переводов 1; входящий+исходящий объём 39,990 KZT."
1503,100000008686234100,terminal,0.283227,"Входящих переводов: 1, отправителей: 1, исходящих: 0; колено 1; гипотеза конечного получателя. Достижим от 1 seed; переводов 1; входящий+исходящий объём 39,778 KZT."
1504,100000002481735100,terminal,0.283205,"Входящих переводов: 2, отправителей: 1, исходящих: 0; колено 2; гипотеза конечного получателя. Достижим от 1 seed; переводов 2; входящий+исходящий объём 22,436 KZT."
1505,100000001808684100,peripheral,0.283204,"Отправителей: 1, получателей: 1; переводов вход/выход: 3/2; недостаточно признаков роли. Достижим от 1 seed; переводов 5; входящий+исходящий объём 86,100 KZT."
1506,100000007938486100,terminal,0.283115,"Входящих переводов: 1, отправителей: 1, исходящих: 0; колено 1; гипотеза конечного получателя. Достижим от 1 seed; переводов 1; входящий+исходящий объём 39,500 KZT."
1507,100000001286703100,peripheral,0.283108,"Граница 4-го колена: исходящие не наблюдаются; роль не определена. Достижим от 3 seed; переводов 1; входящий+исходящий объём 20,500 KZT."
1508,100000002194320100,peripheral,0.283104,"Граница 4-го колена: исходящие не наблюдаются; роль не определена. Достижим от 1 seed; переводов 1; входящий+исходящий объём 275,000 KZT."
1509,100000007618425100,terminal,0.282891,"Входящих переводов: 1, отправителей: 1, исходящих: 0; колено 3; гипотеза конечного получателя. Достижим от 1 seed; переводов 1; входящий+исходящий объём 39,348 KZT."
1510,100000003061115100,peripheral,0.282762,"Граница 4-го колена: исходящие не наблюдаются; роль не определена. Достижим от 2 seed; переводов 1; входящий+исходящий объём 45,000 KZT."
1511,100000000673915100,peripheral,0.282715,"Граница 4-го колена: исходящие не наблюдаются; роль не определена. Достижим от 3 seed; переводов 1; входящий+исходящий объём 20,200 KZT."
1512,100000008735384100,terminal,0.282666,"Входящих переводов: 1, отправителей: 1, исходящих: 0; колено 1; гипотеза конечного получателя. Достижим от 1 seed; переводов 1; входящий+исходящий объём 39,220 KZT."
1513,100000003448713100,peripheral,0.282263,"Граница 4-го колена: исходящие не наблюдаются; роль не определена. Достижим от 1 seed; переводов 1; входящий+исходящий объём 266,750 KZT."
1514,100000008771819100,terminal,0.282218,"Входящих переводов: 1, отправителей: 1, исходящих: 0; колено 1; гипотеза конечного получателя. Достижим от 1 seed; переводов 1; входящий+исходящий объём 38,900 KZT."
1515,100000004488265100,terminal,0.282106,"Входящих переводов: 1, отправителей: 1, исходящих: 0; колено 3; гипотеза конечного получателя. Достижим от 1 seed; переводов 1; входящий+исходящий объём 38,740 KZT."
1516,100000001307612100,terminal,0.281994,"Входящих переводов: 1, отправителей: 1, исходящих: 0; колено 1; гипотеза конечного получателя. Достижим от 1 seed; переводов 1; входящий+исходящий объём 38,483 KZT."
1517,100000007153161100,peripheral,0.281921,"Граница 4-го колена: исходящие не наблюдаются; роль не определена. Достижим от 2 seed; переводов 1; входящий+исходящий объём 44,997 KZT."
1518,100000002809896100,terminal,0.281657,"Входящих переводов: 1, отправителей: 1, исходящих: 0; колено 3; гипотеза конечного получателя. Достижим от 1 seed; переводов 1; входящий+исходящий объём 38,000 KZT."
1519,100000003216073100,peripheral,0.281544,"Отправителей: 1, получателей: 1; переводов вход/выход: 1/1; недостаточно признаков роли. Достижим от 1 seed; переводов 2; входящий+исходящий объём 107,001 KZT."
1520,100000004664515100,terminal,0.281208,"Входящих переводов: 1, отправителей: 1, исходящих: 0; колено 1; гипотеза конечного получателя. Достижим от 1 seed; переводов 1; входящий+исходящий объём 37,691 KZT."
1521,100000008251939100,peripheral,0.280912,"Граница 4-го колена: исходящие не наблюдаются; роль не определена. Достижим от 2 seed; переводов 1; входящий+исходящий объём 44,360 KZT."
1522,100000008687671100,terminal,0.280872,"Входящих переводов: 1, отправителей: 1, исходящих: 0; колено 1; гипотеза конечного получателя. Достижим от 1 seed; переводов 1; входящий+исходящий объём 37,500 KZT."
1523,100000007988344100,peripheral,0.280867,"Граница 4-го колена: исходящие не наблюдаются; роль не определена. Достижим от 2 seed; переводов 3; входящий+исходящий объём 20,000 KZT."
1524,100000008671081100,terminal,0.280423,"Входящих переводов: 1, отправителей: 1, исходящих: 0; колено 3; гипотеза конечного получателя. Достижим от 1 seed; переводов 1; входящий+исходящий объём 37,200 KZT."
1525,100000002369510100,terminal,0.280255,"Входящих переводов: 1, отправителей: 1, исходящих: 0; колено 3; гипотеза конечного получателя. Достижим от 1 seed; переводов 1; входящий+исходящий объём 37,150 KZT."
1526,100000008749405100,terminal,0.280255,"Входящих переводов: 1, отправителей: 1, исходящих: 0; колено 3; гипотеза конечного получателя. Достижим от 1 seed; переводов 1; входящий+исходящий объём 37,150 KZT."
1527,100000003345947100,peripheral,0.280198,"Граница 4-го колена: исходящие не наблюдаются; роль не определена. Достижим от 1 seed; переводов 6; входящий+исходящий объём 79,500 KZT."
1528,100000005546031100,peripheral,0.280042,"Отправителей: 3, получателей: 1; переводов вход/выход: 6/1; недостаточно признаков роли. Достижим от 1 seed; переводов 7; входящий+исходящий объём 74,800 KZT."
1529,100000002211413100,terminal,0.279975,"Входящих переводов: 1, отправителей: 1, исходящих: 0; колено 1; гипотеза конечного получателя. Достижим от 1 seed; переводов 1; входящий+исходящий объём 37,000 KZT."
1530,100000007749092100,peripheral,0.279862,"Отправителей: 1, получателей: 1; переводов вход/выход: 1/5; недостаточно признаков роли. Достижим от 1 seed; переводов 6; входящий+исходящий объём 78,025 KZT."
1531,100000005485830100,peripheral,0.279767,"Отправителей: 0, получателей: 5; переводов вход/выход: 0/9; недостаточно признаков роли; входящие seed неполны. Достижим от 0 seed; переводов 9; входящий+исходящий объём 275,885 KZT."
1532,100000003109805100,terminal,0.27975,"Входящих переводов: 1, отправителей: 1, исходящих: 0; колено 3; гипотеза конечного получателя. Достижим от 1 seed; переводов 1; входящий+исходящий объём 36,929 KZT."
1533,100000004070530100,peripheral,0.279631,"Граница 4-го колена: исходящие не наблюдаются; роль не определена. Достижим от 3 seed; переводов 1; входящий+исходящий объём 20,000 KZT."
1534,100000008695133100,terminal,0.279526,"Входящих переводов: 1, отправителей: 1, исходящих: 0; колено 3; гипотеза конечного получателя. Достижим от 1 seed; переводов 1; входящий+исходящий объём 36,610 KZT."
1535,100000003696422100,peripheral,0.27938,"Граница 4-го колена: исходящие не наблюдаются; роль не определена. Достижим от 1 seed; переводов 2; входящий+исходящий объём 118,000 KZT."
1536,100000002516862100,peripheral,0.279279,"Граница 4-го колена: исходящие не наблюдаются; роль не определена. Достижим от 1 seed; переводов 5; входящий+исходящий объём 81,710 KZT."
1537,100000008741372100,terminal,0.278741,"Входящих переводов: 1, отправителей: 1, исходящих: 0; колено 1; гипотеза конечного получателя. Достижим от 1 seed; переводов 1; входящий+исходящий объём 35,975 KZT."
1538,100000001784279100,terminal,0.278629,"Входящих переводов: 1, отправителей: 1, исходящих: 0; колено 3; гипотеза конечного получателя. Достижим от 1 seed; переводов 1; входящий+исходящий объём 35,674 KZT."
1539,100000005901606100,terminal,0.278517,"Входящих переводов: 1, отправителей: 1, исходящих: 0; колено 1; гипотеза конечного получателя. Достижим от 1 seed; переводов 1; входящий+исходящий объём 35,660 KZT."
1540,100000008753193100,terminal,0.278292,"Входящих переводов: 1, отправителей: 1, исходящих: 0; колено 1; гипотеза конечного получателя. Достижим от 1 seed; переводов 1; входящий+исходящий объём 35,225 KZT."
1541,100000000287768100,terminal,0.278068,"Входящих переводов: 1, отправителей: 1, исходящих: 0; колено 3; гипотеза конечного получателя. Достижим от 1 seed; переводов 1; входящий+исходящий объём 35,168 KZT."
1542,100000008699083100,peripheral,0.277552,"Граница 4-го колена: исходящие не наблюдаются; роль не определена. Достижим от 1 seed; переводов 1; входящий+исходящий объём 238,500 KZT."
1543,100000004890713100,peripheral,0.277547,"Граница 4-го колена: исходящие не наблюдаются; роль не определена. Достижим от 2 seed; переводов 1; входящий+исходящий объём 40,485 KZT."
1544,100000004463277100,terminal,0.277339,"Входящих переводов: 1, отправителей: 1, исходящих: 0; колено 2; гипотеза конечного получателя. Достижим от 1 seed; переводов 1; входящий+исходящий объём 35,000 KZT."
1545,100000004494983100,terminal,0.277339,"Входящих переводов: 1, отправителей: 1, исходящих: 0; колено 1; гипотеза конечного получателя. Достижим от 1 seed; переводов 1; входящий+исходящий объём 35,000 KZT."
1546,100000002589019100,terminal,0.27661,"Входящих переводов: 1, отправителей: 1, исходящих: 0; колено 1; гипотеза конечного получателя. Достижим от 1 seed; переводов 1; входящий+исходящий объём 34,710 KZT."
1547,100000001420847100,terminal,0.276588,"Входящих переводов: 2, отправителей: 1, исходящих: 0; колено 2; гипотеза конечного получателя. Достижим от 1 seed; переводов 2; входящий+исходящий объём 20,000 KZT."
1548,100000003066385100,terminal,0.276588,"Входящих переводов: 2, отправителей: 2, исходящих: 0; колено 1; гипотеза конечного получателя. Достижим от 1 seed; переводов 2; входящий+исходящий объём 20,000 KZT."
1549,100000007337374100,terminal,0.276588,"Входящих переводов: 2, отправителей: 1, исходящих: 0; колено 2; гипотеза конечного получателя. Достижим от 1 seed; переводов 2; входящий+исходящий объём 20,000 KZT."
1550,100000001220124100,peripheral,0.276538,"Граница 4-го колена: исходящие не наблюдаются; роль не определена. Достижим от 2 seed; переводов 1; входящий+исходящий объём 40,000 KZT."
1551,100000003091142100,peripheral,0.276538,"Граница 4-го колена: исходящие не наблюдаются; роль не определена. Достижим от 2 seed; переводов 1; входящий+исходящий объём 40,000 KZT."
1552,100000001557930100,terminal,0.276498,"Входящих переводов: 1, отправителей: 1, исходящих: 0; колено 2; гипотеза конечного получателя. Достижим от 1 seed; переводов 1; входящий+исходящий объём 34,610 KZT."
1553,100000006967370100,peripheral,0.276341,"Отправителей: 1, получателей: 1; переводов вход/выход: 1/1; недостаточно признаков роли. Достижим от 1 seed; переводов 2; входящий+исходящий объём 46,751 KZT."
1554,100000005237935150,terminal,0.276273,"Входящих переводов: 1, отправителей: 1, исходящих: 0; колено 2; гипотеза конечного получателя. Достижим от 1 seed; переводов 1; входящий+исходящий объём 34,508 KZT."
1555,100000003044518100,terminal,0.276161,"Входящих переводов: 1, отправителей: 1, исходящих: 0; колено 1; гипотеза конечного получателя. Достижим от 1 seed; переводов 1; входящий+исходящий объём 34,423 KZT."
1556,100000003186579100,peripheral,0.276072,"Граница 4-го колена: исходящие не наблюдаются; роль не определена. Достижим от 1 seed; переводов 2; входящий+исходящий объём 110,000 KZT."
1557,100000002529877100,peripheral,0.275982,"Граница 4-го колена: исходящие не наблюдаются; роль не определена. Достижим от 1 seed; переводов 1; входящий+исходящий объём 232,000 KZT."
1558,100000004552204100,peripheral,0.275847,"Отправителей: 1, получателей: 2; переводов вход/выход: 2/2; недостаточно признаков роли. Достижим от 1 seed; переводов 4; входящий+исходящий объём 32,500 KZT."
1559,100000000954884100,terminal,0.275769,"Входящих переводов: 1, отправителей: 1, исходящих: 0; колено 3; гипотеза конечного получателя. Достижим от 1 seed; переводов 1; входящий+исходящий объём 34,000 KZT."
1560,100000008406609100,terminal,0.275769,"Входящих переводов: 1, отправителей: 1, исходящих: 0; колено 2; гипотеза конечного получателя. Достижим от 1 seed; переводов 1; входящий+исходящий объём 34,000 KZT."
1561,100000008667795100,terminal,0.275769,"Входящих переводов: 1, отправителей: 1, исходящих: 0; колено 3; гипотеза конечного получателя. Достижим от 1 seed; переводов 1; входящий+исходящий объём 34,000 KZT."
1562,100000008667799100,terminal,0.275769,"Входящих переводов: 1, отправителей: 1, исходящих: 0; колено 3; гипотеза конечного получателя. Достижим от 1 seed; переводов 1; входящий+исходящий объём 34,000 KZT."
1563,100000004813068100,peripheral,0.275661,"Отправителей: 0, получателей: 3; переводов вход/выход: 0/5; недостаточно признаков роли; входящие seed неполны. Достижим от 0 seed; переводов 5; входящий+исходящий объём 297,000 KZT."
1564,100000008503177100,terminal,0.275376,"Входящих переводов: 1, отправителей: 1, исходящих: 0; колено 3; гипотеза конечного получателя. Достижим от 1 seed; переводов 1; входящий+исходящий объём 33,951 KZT."
1565,100000008695566100,terminal,0.275264,"Входящих переводов: 1, отправителей: 1, исходящих: 0; колено 3; гипотеза конечного получателя. Достижим от 1 seed; переводов 1; входящий+исходящий объём 33,700 KZT."
1566,100000004500781100,peripheral,0.275185,"Граница 4-го колена: исходящие не наблюдаются; роль не определена. Достижим от 1 seed; переводов 5; входящий+исходящий объём 74,000 KZT."
1567,100000002810870100,terminal,0.275152,"Входящих переводов: 1, отправителей: 1, исходящих: 0; колено 1; гипотеза конечного получателя. Достижим от 1 seed; переводов 1; входящий+исходящий объём 33,677 KZT."
1568,100000002736033100,peripheral,0.275108,"Отправителей: 1, получателей: 1; переводов вход/выход: 1/1; недостаточно признаков роли. Достижим от 1 seed; переводов 2; входящий+исходящий объём 45,530 KZT."
1569,100000006901046100,peripheral,0.275073,"Отправителей: 1, получателей: 1; переводов вход/выход: 3/1; недостаточно признаков роли. Достижим от 1 seed; переводов 4; входящий+исходящий объём 81,300 KZT."
1570,100000008470470100,terminal,0.274928,"Входящих переводов: 1, отправителей: 1, исходящих: 0; колено 1; гипотеза конечного получателя. Достижим от 1 seed; переводов 1; входящий+исходящий объём 33,547 KZT."
1571,100000008337304100,peripheral,0.274389,"Граница 4-го колена: исходящие не наблюдаются; роль не определена. Достижим от 1 seed; переводов 2; входящий+исходящий объём 105,465 KZT."
1572,100000002188586100,peripheral,0.274294,"Граница 4-го колена: исходящие не наблюдаются; роль не определена. Достижим от 2 seed; переводов 1; входящий+исходящий объём 38,310 KZT."
1573,100000002984403100,peripheral,0.274154,"Отправителей: 1, получателей: 1; переводов вход/выход: 1/1; недостаточно признаков роли. Достижим от 1 seed; переводов 2; входящий+исходящий объём 45,000 KZT."
1574,100000004445291100,terminal,0.273672,"Входящих переводов: 2, отправителей: 1, исходящих: 0; колено 3; гипотеза конечного получателя. Достижим от 1 seed; переводов 2; входящий+исходящий объём 19,500 KZT."
1575,100000000611474100,terminal,0.273357,"Входящих переводов: 1, отправителей: 1, исходящих: 0; колено 3; гипотеза конечного получателя. Достижим от 1 seed; переводов 1; входящий+исходящий объём 32,000 KZT."
1576,100000003219438100,terminal,0.273357,"Входящих переводов: 1, отправителей: 1, исходящих: 0; колено 2; гипотеза конечного получателя. Достижим от 1 seed; переводов 1; входящий+исходящий объём 32,000 KZT."
1577,100000008333492100,peripheral,0.272954,"Граница 4-го колена: исходящие не наблюдаются; роль не определена. Достижим от 1 seed; переводов 1; входящий+исходящий объём 216,400 KZT."
1578,100000008696919100,terminal,0.272909,"Входящих переводов: 1, отправителей: 1, исходящих: 0; колено 1; гипотеза конечного получателя. Достижим от 1 seed; переводов 1; входящий+исходящий объём 31,945 KZT."
1579,100000002158488100,terminal,0.272797,"Входящих переводов: 1, отправителей: 1, исходящих: 0; колено 1; гипотеза конечного получателя. Достижим от 1 seed; переводов 1; входящий+исходящий объём 31,723 KZT."
1580,100000003072676100,terminal,0.27246,"Входящих переводов: 1, отправителей: 1, исходящих: 0; колено 3; гипотеза конечного получателя. Достижим от 1 seed; переводов 1; входящий+исходящий объём 31,545 KZT."
1581,100000008779584100,terminal,0.272236,"Входящих переводов: 1, отправителей: 1, исходящих: 0; колено 1; гипотеза конечного получателя. Достижим от 1 seed; переводов 1; входящий+исходящий объём 31,400 KZT."
1582,100000002214383100,peripheral,0.272169,"Граница 4-го колена: исходящие не наблюдаются; роль не определена. Достижим от 1 seed; переводов 1; входящий+исходящий объём 213,000 KZT."
1583,100000002214664100,peripheral,0.272011,"Отправителей: 1, получателей: 1; переводов вход/выход: 1/2; недостаточно признаков роли. Достижим от 1 seed; переводов 3; входящий+исходящий объём 84,900 KZT."
1584,100000008684767100,terminal,0.271843,"Входящих переводов: 1, отправителей: 1, исходящих: 0; колено 3; гипотеза конечного получателя. Достижим от 1 seed; переводов 1; входящий+исходящий объём 31,100 KZT."
1585,100000008769097100,terminal,0.271843,"Входящих переводов: 1, отправителей: 1, исходящих: 0; колено 3; гипотеза конечного получателя. Достижим от 1 seed; переводов 1; входящий+исходящий объём 31,100 KZT."
1586,100000007982908100,terminal,0.271675,"Входящих переводов: 1, отправителей: 1, исходящих: 0; колено 2; гипотеза конечного получателя. Достижим от 1 seed; переводов 1; входящий+исходящий объём 31,080 KZT."
1587,100000008736173100,terminal,0.271563,"Входящих переводов: 1, отправителей: 1, исходящих: 0; колено 1; гипотеза конечного получателя. Достижим от 1 seed; переводов 1; входящий+исходящий объём 31,060 KZT."
1588,100000000955529100,peripheral,0.27145,"Отправителей: 1, получателей: 1; переводов вход/выход: 1/1; недостаточно признаков роли. Достижим от 1 seed; переводов 2; входящий+исходящий объём 90,500 KZT."
1589,100000004601193100,peripheral,0.271282,"Граница 4-го колена: исходящие не наблюдаются; роль не определена. Достижим от 1 seed; переводов 3; входящий+исходящий объём 84,000 KZT."
1590,100000004099450100,terminal,0.271226,"Входящих переводов: 1, отправителей: 1, исходящих: 0; колено 3; гипотеза конечного получателя. Достижим от 1 seed; переводов 1; входящий+исходящий объём 31,000 KZT."
1591,100000004840086100,peripheral,0.271193,"Граница 4-го колена: исходящие не наблюдаются; роль не определена. Достижим от 1 seed; переводов 2; входящий+исходящий объём 100,000 KZT."
1592,100000008349675100,peripheral,0.27089,"Отправителей: 1, получателей: 1; переводов вход/выход: 1/2; недостаточно признаков роли. Достижим от 1 seed; переводов 3; входящий+исходящий объём 83,170 KZT."
1593,100000002324543100,terminal,0.270329,"Входящих переводов: 1, отправителей: 1, исходящих: 0; колено 1; гипотеза конечного получателя. Достижим от 1 seed; переводов 1; входящий+исходящий объём 30,202 KZT."
1594,100000005413948100,peripheral,0.270262,"Отправителей: 2, получателей: 1; переводов вход/выход: 2/1; недостаточно признаков роли. Достижим от 1 seed; переводов 3; входящий+исходящий объём 33,215 KZT."
1595,100000002794197100,terminal,0.270217,"Входящих переводов: 1, отправителей: 1, исходящих: 0; колено 1; гипотеза конечного получателя. Достижим от 1 seed; переводов 1; входящий+исходящий объём 30,100 KZT."
1596,100000005395727100,peripheral,0.269929,"Отправителей: 1, получателей: 0; переводов вход/выход: 1/0; недостаточно признаков роли; входящие seed неполны. Достижим от 3 seed; переводов 1; входящий+исходящий объём 17,000 KZT."
1597,100000003782913100,peripheral,0.269869,"Граница 4-го колена: исходящие не наблюдаются; роль не определена. Достижим от 1 seed; переводов 1; входящий+исходящий объём 200,000 KZT."
1598,100000000831684100,peripheral,0.269633,"Отправителей: 1, получателей: 1; переводов вход/выход: 2/3; недостаточно признаков роли. Достижим от 1 seed; переводов 5; входящий+исходящий объём 65,000 KZT."
1599,100000000655469100,peripheral,0.269001,"Граница 4-го колена: исходящие не наблюдаются; роль не определена. Достижим от 2 seed; переводов 2; входящий+исходящий объём 20,000 KZT."
1600,100000006512787100,peripheral,0.269001,"Граница 4-го колена: исходящие не наблюдаются; роль не определена. Достижим от 2 seed; переводов 2; входящий+исходящий объём 20,000 KZT."
1601,100000002479804100,peripheral,0.268927,"Отправителей: 1, получателей: 2; переводов вход/выход: 1/2; недостаточно признаков роли. Достижим от 1 seed; переводов 3; входящий+исходящий объём 81,300 KZT."
1602,100000001852140100,terminal,0.268422,"Входящих переводов: 1, отправителей: 1, исходящих: 0; колено 3; гипотеза конечного получателя. Достижим от 1 seed; переводов 1; входящий+исходящий объём 30,000 KZT."
1603,100000002820010100,terminal,0.268422,"Входящих переводов: 1, отправителей: 1, исходящих: 0; колено 2; гипотеза конечного получателя. Достижим от 1 seed; переводов 1; входящий+исходящий объём 30,000 KZT."
1604,100000003157333100,terminal,0.268422,"Входящих переводов: 1, отправителей: 1, исходящих: 0; колено 2; гипотеза конечного получателя. Достижим от 1 seed; переводов 1; входящий+исходящий объём 30,000 KZT."
1605,100000003888527100,terminal,0.268422,"Входящих переводов: 1, отправителей: 1, исходящих: 0; колено 3; гипотеза конечного получателя. Достижим от 1 seed; переводов 1; входящий+исходящий объём 30,000 KZT."
1606,100000003980083100,terminal,0.268422,"Входящих переводов: 1, отправителей: 1, исходящих: 0; колено 1; гипотеза конечного получателя. Достижим от 1 seed; переводов 1; входящий+исходящий объём 30,000 KZT."
1607,100000004058740100,terminal,0.268422,"Входящих переводов: 1, отправителей: 1, исходящих: 0; колено 1; гипотеза конечного получателя. Достижим от 1 seed; переводов 1; входящий+исходящий объём 30,000 KZT."
1608,100000004687099100,terminal,0.268422,"Входящих переводов: 1, отправителей: 1, исходящих: 0; колено 2; гипотеза конечного получателя. Достижим от 1 seed; переводов 1; входящий+исходящий объём 30,000 KZT."
1609,100000005082652100,terminal,0.268422,"Входящих переводов: 1, отправителей: 1, исходящих: 0; колено 3; гипотеза конечного получателя. Достижим от 1 seed; переводов 1; входящий+исходящий объём 30,000 KZT."
1610,100000008473765100,terminal,0.268422,"Входящих переводов: 1, отправителей: 1, исходящих: 0; колено 3; гипотеза конечного получателя. Достижим от 1 seed; переводов 1; входящий+исходящий объём 30,000 KZT."
1611,100000002478829100,peripheral,0.268182,"Граница 4-го колена: исходящие не наблюдаются; роль не определена. Достижим от 2 seed; переводов 1; входящий+исходящий объём 34,000 KZT."
1612,100000004526651100,peripheral,0.266892,"Граница 4-го колена: исходящие не наблюдаются; роль не определена. Достижим от 2 seed; переводов 1; входящий+исходящий объём 33,000 KZT."
1613,100000008738658100,terminal,0.266628,"Входящих переводов: 1, отправителей: 1, исходящих: 0; колено 3; гипотеза конечного получателя. Достижим от 1 seed; переводов 1; входящий+исходящий объём 29,920 KZT."
1614,100000008782056100,terminal,0.265955,"Входящих переводов: 1, отправителей: 1, исходящих: 0; колено 1; гипотеза конечного получателя. Достижим от 1 seed; переводов 1; входящий+исходящий объём 29,082 KZT."
1615,100000005362848100,terminal,0.265618,"Входящих переводов: 1, отправителей: 1, исходящих: 0; колено 3; гипотеза конечного получателя. Достижим от 1 seed; переводов 1; входящий+исходящий объём 29,000 KZT."
1616,100000008283183100,terminal,0.265618,"Входящих переводов: 1, отправителей: 1, исходящих: 0; колено 2; гипотеза конечного получателя. Достижим от 1 seed; переводов 1; входящий+исходящий объём 29,000 KZT."
1617,100000005394708100,peripheral,0.265305,"Отправителей: 1, получателей: 1; переводов вход/выход: 1/1; недостаточно признаков роли. Достижим от 1 seed; переводов 2; входящий+исходящий объём 91,000 KZT."
1618,100000003148220100,peripheral,0.265211,"Отправителей: 1, получателей: 2; переводов вход/выход: 1/4; недостаточно признаков роли. Достижим от 1 seed; переводов 5; входящий+исходящий объём 49,050 KZT."
1619,100000005198498100,terminal,0.26517,"Входящих переводов: 1, отправителей: 1, исходящих: 0; колено 3; гипотеза конечного получателя. Достижим от 1 seed; переводов 1; входящий+исходящий объём 28,800 KZT."
1620,100000008002020100,peripheral,0.26508,"Отправителей: 1, получателей: 1; переводов вход/выход: 1/1; недостаточно признаков роли. Достижим от 1 seed; переводов 2; входящий+исходящий объём 90,860 KZT."
1621,100000002702968100,peripheral,0.264985,"Граница 4-го колена: исходящие не наблюдаются; роль не определена. Достижим от 2 seed; переводов 1; входящий+исходящий объём 31,600 KZT."
1622,100000002613929100,terminal,0.264946,"Входящих переводов: 1, отправителей: 1, исходящих: 0; колено 3; гипотеза конечного получателя. Достижим от 1 seed; переводов 1; входящий+исходящий объём 28,560 KZT."
1623,100000008738325100,peripheral,0.264856,"Отправителей: 1, получателей: 1; переводов вход/выход: 1/1; недостаточно признаков роли; входящие seed неполны. Достижим от 1 seed; переводов 2; входящий+исходящий объём 90,550 KZT."
1624,100000008507703100,terminal,0.264721,"Входящих переводов: 1, отправителей: 1, исходящих: 0; колено 3; гипотеза конечного получателя. Достижим от 1 seed; переводов 1; входящий+исходящий объём 28,500 KZT."
1625,100000002938501100,peripheral,0.264429,"Отправителей: 1, получателей: 1; переводов вход/выход: 1/1; недостаточно признаков роли. Достижим от 2 seed; переводов 2; входящий+исходящий объём 13,395 KZT."
1626,100000008055972100,terminal,0.264217,"Входящих переводов: 1, отправителей: 1, исходящих: 0; колено 3; гипотеза конечного получателя. Достижим от 1 seed; переводов 1; входящий+исходящий объём 28,300 KZT."
1627,100000007689942100,peripheral,0.264093,"Отправителей: 1, получателей: 2; переводов вход/выход: 1/2; недостаточно признаков роли. Достижим от 1 seed; переводов 3; входящий+исходящий объём 30,000 KZT."
1628,100000008653041100,terminal,0.263768,"Входящих переводов: 1, отправителей: 1, исходящих: 0; колено 3; гипотеза конечного получателя. Достижим от 1 seed; переводов 1; входящий+исходящий объём 28,000 KZT."
1629,100000002660298100,peripheral,0.263415,"Граница 4-го колена: исходящие не наблюдаются; роль не определена. Достижим от 2 seed; переводов 1; входящий+исходящий объём 30,900 KZT."
1630,100000001954903100,terminal,0.263375,"Входящих переводов: 1, отправителей: 1, исходящих: 0; колено 2; гипотеза конечного получателя. Достижим от 1 seed; переводов 1; входящий+исходящий объём 27,118 KZT."
1631,100000004403641100,peripheral,0.263084,"Граница 4-го колена: исходящие не наблюдаются; роль не определена. Достижим от 1 seed; переводов 1; входящий+исходящий объём 171,500 KZT."
1632,100000000600707100,peripheral,0.263005,"Граница 4-го колена: исходящие не наблюдаются; роль не определена. Достижим от 1 seed; переводов 2; входящий+исходящий объём 89,000 KZT."
1633,100000001308856100,terminal,0.262646,"Входящих переводов: 1, отправителей: 1, исходящих: 0; колено 2; гипотеза конечного получателя. Достижим от 1 seed; переводов 1; входящий+исходящий объём 27,000 KZT."
1634,100000002103448100,terminal,0.262646,"Входящих переводов: 1, отправителей: 1, исходящих: 0; колено 3; гипотеза конечного получателя. Достижим от 1 seed; переводов 1; входящий+исходящий объём 27,000 KZT."
1635,100000005328215100,terminal,0.262646,"Входящих переводов: 1, отправителей: 1, исходящих: 0; колено 2; гипотеза конечного получателя. Достижим от 1 seed; переводов 1; входящий+исходящий объём 27,000 KZT."
1636,100000006701983100,terminal,0.262646,"Входящих переводов: 1, отправителей: 1, исходящих: 0; колено 3; гипотеза конечного получателя. Достижим от 1 seed; переводов 1; входящий+исходящий объём 27,000 KZT."
1637,100000008691495100,terminal,0.262646,"Входящих переводов: 1, отправителей: 1, исходящих: 0; колено 1; гипотеза конечного получателя. Достижим от 1 seed; переводов 1; входящий+исходящий объём 27,000 KZT."
1638,100000008136608100,peripheral,0.262579,"Граница 4-го колена: исходящие не наблюдаются; роль не определена. Достижим от 1 seed; переводов 1; входящий+исходящий объём 170,000 KZT."
1639,100000008336318100,peripheral,0.262579,"Граница 4-го колена: исходящие не наблюдаются; роль не определена. Достижим от 1 seed; переводов 1; входящий+исходящий объём 170,000 KZT."
1640,100000007333038100,peripheral,0.262486,"Отправителей: 1, получателей: 2; переводов вход/выход: 1/2; недостаточно признаков роли. Достижим от 1 seed; переводов 3; входящий+исходящий объём 52,494 KZT."
1641,100000008172721100,peripheral,0.26185,"Граница 4-го колена: исходящие не наблюдаются; роль не определена. Достижим от 1 seed; переводов 1; входящий+исходящий объём 168,335 KZT."
1642,100000000607731100,peripheral,0.261828,"Отправителей: 1, получателей: 1; переводов вход/выход: 1/1; недостаточно признаков роли. Достижим от 1 seed; переводов 2; входящий+исходящий объём 86,666 KZT."
1643,100000008690762100,terminal,0.261805,"Входящих переводов: 1, отправителей: 1, исходящих: 0; колено 3; гипотеза конечного получателя. Достижим от 1 seed; переводов 1; входящий+исходящий объём 26,750 KZT."
1644,100000002214570100,terminal,0.261581,"Входящих переводов: 1, отправителей: 1, исходящих: 0; колено 1; гипотеза конечного получателя. Достижим от 1 seed; переводов 1; входящий+исходящий объём 26,471 KZT."
1645,100000008666075100,terminal,0.261469,"Входящих переводов: 1, отправителей: 1, исходящих: 0; колено 1; гипотеза конечного получателя. Достижим от 1 seed; переводов 1; входящий+исходящий объём 26,217 KZT."
1646,100000007197866100,peripheral,0.261144,"Отправителей: 1, получателей: 1; переводов вход/выход: 1/1; недостаточно признаков роли. Достижим от 1 seed; переводов 2; входящий+исходящий объём 35,000 KZT."
1647,100000004435304100,terminal,0.260852,"Входящих переводов: 1, отправителей: 1, исходящих: 0; колено 2; гипотеза конечного получателя. Достижим от 1 seed; переводов 1; входящий+исходящий объём 26,200 KZT."
1648,100000004783447100,terminal,0.260852,"Входящих переводов: 1, отправителей: 1, исходящих: 0; колено 1; гипотеза конечного получателя. Достижим от 1 seed; переводов 1; входящий+исходящий объём 26,200 KZT."
1649,100000005674387100,terminal,0.260852,"Входящих переводов: 1, отправителей: 1, исходящих: 0; колено 3; гипотеза конечного получателя. Достижим от 1 seed; переводов 1; входящий+исходящий объём 26,200 KZT."
1650,100000006491272100,terminal,0.260852,"Входящих переводов: 1, отправителей: 1, исходящих: 0; колено 3; гипотеза конечного получателя. Достижим от 1 seed; переводов 1; входящий+исходящий объём 26,200 KZT."
1651,100000008656043100,terminal,0.260852,"Входящих переводов: 1, отправителей: 1, исходящих: 0; колено 2; гипотеза конечного получателя. Достижим от 1 seed; переводов 1; входящий+исходящий объём 26,200 KZT."
1652,100000008662216100,terminal,0.260852,"Входящих переводов: 1, отправителей: 1, исходящих: 0; колено 3; гипотеза конечного получателя. Достижим от 1 seed; переводов 1; входящий+исходящий объём 26,200 KZT."
1653,100000008671129100,terminal,0.260852,"Входящих переводов: 1, отправителей: 1, исходящих: 0; колено 3; гипотеза конечного получателя. Достижим от 1 seed; переводов 1; входящий+исходящий объём 26,200 KZT."
1654,100000008695689100,terminal,0.260852,"Входящих переводов: 1, отправителей: 1, исходящих: 0; колено 3; гипотеза конечного получателя. Достижим от 1 seed; переводов 1; входящий+исходящий объём 26,200 KZT."
1655,100000008707810100,terminal,0.260852,"Входящих переводов: 1, отправителей: 1, исходящих: 0; колено 3; гипотеза конечного получателя. Достижим от 1 seed; переводов 1; входящий+исходящий объём 26,200 KZT."
1656,100000008734364100,terminal,0.260852,"Входящих переводов: 1, отправителей: 1, исходящих: 0; колено 2; гипотеза конечного получателя. Достижим от 1 seed; переводов 1; входящий+исходящий объём 26,200 KZT."
1657,100000002659103100,peripheral,0.26056,"Граница 4-го колена: исходящие не наблюдаются; роль не определена. Достижим от 1 seed; переводов 1; входящий+исходящий объём 165,000 KZT."
1658,100000005272139100,peripheral,0.26056,"Граница 4-го колена: исходящие не наблюдаются; роль не определена. Достижим от 1 seed; переводов 1; входящий+исходящий объём 165,000 KZT."
1659,100000004634420100,terminal,0.260011,"Входящих переводов: 1, отправителей: 1, исходящих: 0; колено 3; гипотеза конечного получателя. Достижим от 1 seed; переводов 1; входящий+исходящий объём 26,150 KZT."
1660,100000008717802100,terminal,0.260011,"Входящих переводов: 1, отправителей: 1, исходящих: 0; колено 3; гипотеза конечного получателя. Достижим от 1 seed; переводов 1; входящий+исходящий объём 26,150 KZT."
1661,100000008764654100,terminal,0.260011,"Входящих переводов: 1, отправителей: 1, исходящих: 0; колено 3; гипотеза конечного получателя. Достижим от 1 seed; переводов 1; входящий+исходящий объём 26,150 KZT."
1662,100000008776720100,terminal,0.260011,"Входящих переводов: 1, отправителей: 1, исходящих: 0; колено 3; гипотеза конечного получателя. Достижим от 1 seed; переводов 1; входящий+исходящий объём 26,150 KZT."
1663,100000008525136100,peripheral,0.260003,"Граница 4-го колена: исходящие не наблюдаются; роль не определена. Достижим от 3 seed; переводов 1; входящий+исходящий объём 14,100 KZT."
1664,100000004218576100,terminal,0.259618,"Входящих переводов: 1, отправителей: 1, исходящих: 0; колено 1; гипотеза конечного получателя. Достижим от 1 seed; переводов 1; входящий+исходящий объём 26,144 KZT."
1665,100000005092518100,terminal,0.259618,"Входящих переводов: 1, отправителей: 1, исходящих: 0; колено 1; гипотеза конечного получателя. Достижим от 1 seed; переводов 1; входящий+исходящий объём 26,144 KZT."
1666,100000008773876100,terminal,0.25945,"Входящих переводов: 1, отправителей: 1, исходящих: 0; колено 1; гипотеза конечного получателя. Достижим от 1 seed; переводов 1; входящий+исходящий объём 26,120 KZT."
1667,100000007018630100,peripheral,0.259342,"Отправителей: 0, получателей: 1; переводов вход/выход: 0/5; недостаточно признаков роли; входящие seed неполны. Достижим от 0 seed; переводов 5; входящий+исходящий объём 200,000 KZT."
1668,100000005228059100,terminal,0.259113,"Входящих переводов: 1, отправителей: 1, исходящих: 0; колено 1; гипотеза конечного получателя. Достижим от 1 seed; переводов 1; входящий+исходящий объём 26,000 KZT."
1669,100000000703902100,terminal,0.258553,"Входящих переводов: 1, отправителей: 1, исходящих: 0; колено 1; гипотеза конечного получателя. Достижим от 1 seed; переводов 1; входящий+исходящий объём 25,499 KZT."
1670,100000008697670100,terminal,0.25844,"Входящих переводов: 1, отправителей: 1, исходящих: 0; колено 3; гипотеза конечного получателя. Достижим от 1 seed; переводов 1; входящий+исходящий объём 25,350 KZT."
1671,100000004213658100,terminal,0.258328,"Входящих переводов: 1, отправителей: 1, исходящих: 0; колено 1; гипотеза конечного получателя. Достижим от 1 seed; переводов 1; входящий+исходящий объём 25,347 KZT."
1672,100000008633099100,peripheral,0.258172,"Отправителей: 1, получателей: 1; переводов вход/выход: 1/1; недостаточно признаков роли. Достижим от 1 seed; переводов 2; входящий+исходящий объём 32,968 KZT."
1673,100000006326645100,terminal,0.258104,"Входящих переводов: 1, отправителей: 1, исходящих: 0; колено 1; гипотеза конечного получателя. Достижим от 1 seed; переводов 1; входящий+исходящий объём 25,264 KZT."
1674,100000003040087100,peripheral,0.258031,"Граница 4-го колена: исходящие не наблюдаются; роль не определена. Достижим от 2 seed; переводов 1; входящий+исходящий объём 29,000 KZT."
1675,100000005532138100,terminal,0.25788,"Входящих переводов: 1, отправителей: 1, исходящих: 0; колено 3; гипотеза конечного получателя. Достижим от 1 seed; переводов 1; входящий+исходящий объём 25,046 KZT."
1676,100000002506987100,peripheral,0.256461,"Граница 4-го колена: исходящие не наблюдаются; роль не определена. Достижим от 2 seed; переводов 1; входящий+исходящий объём 28,200 KZT."
1677,100000002680477100,terminal,0.256365,"Входящих переводов: 1, отправителей: 1, исходящих: 0; колено 2; гипотеза конечного получателя. Достижим от 1 seed; переводов 1; входящий+исходящий объём 25,000 KZT."
1678,100000002708624100,terminal,0.256365,"Входящих переводов: 1, отправителей: 1, исходящих: 0; колено 3; гипотеза конечного получателя. Достижим от 1 seed; переводов 1; входящий+исходящий объём 25,000 KZT."
1679,100000003617552100,terminal,0.256365,"Входящих переводов: 1, отправителей: 1, исходящих: 0; колено 2; гипотеза конечного получателя. Достижим от 1 seed; переводов 1; входящий+исходящий объём 25,000 KZT."
1680,100000005661528100,terminal,0.256365,"Входящих переводов: 1, отправителей: 1, исходящих: 0; колено 3; гипотеза конечного получателя. Достижим от 1 seed; переводов 1; входящий+исходящий объём 25,000 KZT."
1681,100000007487729100,terminal,0.256365,"Входящих переводов: 1, отправителей: 1, исходящих: 0; колено 3; гипотеза конечного получателя. Достижим от 1 seed; переводов 1; входящий+исходящий объём 25,000 KZT."
1682,100000004232712100,peripheral,0.256077,"Граница 4-го колена: исходящие не наблюдаются; роль не определена. Достижим от 3 seed; переводов 1; входящий+исходящий объём 12,500 KZT."
1683,100000004241142100,peripheral,0.255676,"Граница 4-го колена: исходящие не наблюдаются; роль не определена. Достижим от 2 seed; переводов 1; входящий+исходящий объём 27,102 KZT."
1684,100000008778010100,peripheral,0.25521,"Граница 4-го колена: исходящие не наблюдаются; роль не определена. Достижим от 1 seed; переводов 2; входящий+исходящий объём 76,950 KZT."
1685,100000001415126100,peripheral,0.255059,"Отправителей: 1, получателей: 0; переводов вход/выход: 1/0; недостаточно признаков роли; входящие seed неполны. Достижим от 2 seed; переводов 1; входящий+исходящий объём 27,000 KZT."
1686,100000004788983100,peripheral,0.255059,"Граница 4-го колена: исходящие не наблюдаются; роль не определена. Достижим от 2 seed; переводов 1; входящий+исходящий объём 27,000 KZT."
1687,100000008757301100,peripheral,0.254963,"Граница 4-го колена: исходящие не наблюдаются; роль не определена. Достижим от 1 seed; переводов 3; входящий+исходящий объём 58,398 KZT."
1688,100000001537524100,peripheral,0.254672,"Граница 4-го колена: исходящие не наблюдаются; роль не определена. Достижим от 1 seed; переводов 1; входящий+исходящий объём 150,000 KZT."
1689,100000002554175100,terminal,0.254627,"Входящих переводов: 1, отправителей: 1, исходящих: 0; колено 3; гипотеза конечного получателя. Достижим от 1 seed; переводов 1; входящий+исходящий объём 24,621 KZT."
1690,100000002858835100,terminal,0.254403,"Входящих переводов: 1, отправителей: 1, исходящих: 0; колено 1; гипотеза конечного получателя. Достижим от 1 seed; переводов 1; входящий+исходящий объём 24,400 KZT."
1691,100000002646887100,terminal,0.254291,"Входящих переводов: 1, отправителей: 1, исходящих: 0; колено 3; гипотеза конечного получателя. Достижим от 1 seed; переводов 1; входящий+исходящий объём 24,354 KZT."
1692,100000008454065100,terminal,0.25401,"Входящих переводов: 1, отправителей: 1, исходящих: 0; колено 3; гипотеза конечного получателя. Достижим от 1 seed; переводов 1; входящий+исходящий объём 24,050 KZT."
1693,100000008753897100,terminal,0.25401,"Входящих переводов: 1, отправителей: 1, исходящих: 0; колено 3; гипотеза конечного получателя. Достижим от 1 seed; переводов 1; входящий+исходящий объём 24,050 KZT."
1694,100000001870116100,terminal,0.253281,"Входящих переводов: 1, отправителей: 1, исходящих: 0; колено 1; гипотеза конечного получателя. Достижим от 1 seed; переводов 1; входящий+исходящий объём 24,000 KZT."
1695,100000002373386100,terminal,0.253281,"Входящих переводов: 1, отправителей: 1, исходящих: 0; колено 3; гипотеза конечного получателя. Достижим от 1 seed; переводов 1; входящий+исходящий объём 24,000 KZT."
1696,100000008688476100,terminal,0.253281,"Входящих переводов: 1, отправителей: 1, исходящих: 0; колено 2; гипотеза конечного получателя. Достижим от 1 seed; переводов 1; входящий+исходящий объём 24,000 KZT."
1697,100000008691168100,terminal,0.253281,"Входящих переводов: 1, отправителей: 1, исходящих: 0; колено 2; гипотеза конечного получателя. Достижим от 1 seed; переводов 1; входящий+исходящий объём 24,000 KZT."
1698,100000008765494100,terminal,0.253281,"Входящих переводов: 1, отправителей: 1, исходящих: 0; колено 2; гипотеза конечного получателя. Достижим от 1 seed; переводов 1; входящий+исходящий объём 24,000 KZT."
1699,100000001280798100,terminal,0.25272,"Входящих переводов: 1, отправителей: 1, исходящих: 0; колено 3; гипотеза конечного получателя. Достижим от 1 seed; переводов 1; входящий+исходящий объём 23,785 KZT."
1700,100000004321983100,peripheral,0.252562,"Отправителей: 1, получателей: 2; переводов вход/выход: 1/3; недостаточно признаков роли. Достижим от 1 seed; переводов 4; входящий+исходящий объём 47,040 KZT."
1701,100000008744364100,terminal,0.252384,"Входящих переводов: 1, отправителей: 1, исходящих: 0; колено 3; гипотеза конечного получателя. Достижим от 1 seed; переводов 1; входящий+исходящий объём 23,700 KZT."
1702,100000008771814100,terminal,0.252384,"Входящих переводов: 1, отправителей: 1, исходящих: 0; колено 2; гипотеза конечного получателя. Достижим от 1 seed; переводов 1; входящий+исходящий объём 23,700 KZT."
1703,100000005233755100,peripheral,0.252227,"Отправителей: 1, получателей: 1; переводов вход/выход: 1/1; недостаточно признаков роли. Достижим от 1 seed; переводов 2; входящий+исходящий объём 30,000 KZT."
1704,100000002216999100,terminal,0.252047,"Входящих переводов: 1, отправителей: 1, исходящих: 0; колено 3; гипотеза конечного получателя. Достижим от 1 seed; переводов 1; входящий+исходящий объём 23,677 KZT."
1705,100000008708368100,terminal,0.252047,"Входящих переводов: 1, отправителей: 1, исходящих: 0; колено 1; гипотеза конечного получателя. Достижим от 1 seed; переводов 1; входящий+исходящий объём 23,677 KZT."
1706,100000008722328100,terminal,0.252047,"Входящих переводов: 1, отправителей: 1, исходящих: 0; колено 1; гипотеза конечного получателя. Достижим от 1 seed; переводов 1; входящий+исходящий объём 23,677 KZT."
1707,100000003819173100,peripheral,0.251868,"Граница 4-го колена: исходящие не наблюдаются; роль не определена. Достижим от 1 seed; переводов 1; входящий+исходящий объём 143,777 KZT."
1708,100000003095610100,terminal,0.251823,"Входящих переводов: 1, отправителей: 1, исходящих: 0; колено 3; гипотеза конечного получателя. Достижим от 1 seed; переводов 1; входящий+исходящий объём 23,665 KZT."
1709,100000002948492100,terminal,0.251711,"Входящих переводов: 1, отправителей: 1, исходящих: 0; колено 3; гипотеза конечного получателя. Достижим от 1 seed; переводов 1; входящий+исходящий объём 23,660 KZT."
1710,100000001262647100,terminal,0.251599,"Входящих переводов: 1, отправителей: 1, исходящих: 0; колено 2; гипотеза конечного получателя. Достижим от 1 seed; переводов 1; входящий+исходящий объём 23,650 KZT."
1711,100000001429930100,peripheral,0.251526,"Отправителей: 1, получателей: 0; переводов вход/выход: 1/0; недостаточно признаков роли; входящие seed неполны. Достижим от 2 seed; переводов 1; входящий+исходящий объём 26,000 KZT."
1712,100000002659265100,peripheral,0.251475,"Граница 4-го колена: исходящие не наблюдаются; роль не определена. Достижим от 1 seed; переводов 1; входящий+исходящий объём 141,000 KZT."
1713,100000002913340100,terminal,0.251431,"Входящих переводов: 1, отправителей: 1, исходящих: 0; колено 3; гипотеза конечного получателя. Достижим от 1 seed; переводов 1; входящий+исходящий объём 23,600 KZT."
1714,100000008688155100,terminal,0.251431,"Входящих переводов: 1, отправителей: 1, исходящих: 0; колено 3; гипотеза конечного получателя. Достижим от 1 seed; переводов 1; входящий+исходящий объём 23,600 KZT."
1715,100000008671026100,terminal,0.251206,"Входящих переводов: 1, отправителей: 1, исходящих: 0; колено 1; гипотеза конечного получателя. Достижим от 1 seed; переводов 1; входящий+исходящий объём 23,534 KZT."
1716,100000008680451100,terminal,0.251206,"Входящих переводов: 1, отправителей: 1, исходящих: 0; колено 1; гипотеза конечного получателя. Достижим от 1 seed; переводов 1; входящий+исходящий объём 23,534 KZT."
1717,100000006257675100,peripheral,0.251117,"Граница 4-го колена: исходящие не наблюдаются; роль не определена. Достижим от 1 seed; переводов 2; входящий+исходящий объём 70,000 KZT."
1718,100000002603478100,terminal,0.250982,"Входящих переводов: 1, отправителей: 1, исходящих: 0; колено 1; гипотеза конечного получателя. Достижим от 1 seed; переводов 1; входящий+исходящий объём 23,500 KZT."
1719,100000008183752100,peripheral,0.250859,"Граница 4-го колена: исходящие не наблюдаются; роль не определена. Достижим от 1 seed; переводов 1; входящий+исходящий объём 140,000 KZT."
1720,100000001248999100,terminal,0.250814,"Входящих переводов: 1, отправителей: 1, исходящих: 0; колено 3; гипотеза конечного получателя. Достижим от 1 seed; переводов 1; входящий+исходящий объём 23,425 KZT."
1721,100000007999728100,terminal,0.250701,"Входящих переводов: 1, отправителей: 1, исходящих: 0; колено 3; гипотеза конечного получателя. Достижим от 1 seed; переводов 1; входящий+исходящий объём 23,250 KZT."
1722,100000001273783100,terminal,0.250589,"Входящих переводов: 1, отправителей: 1, исходящих: 0; колено 2; гипотеза конечного получателя. Достижим от 1 seed; переводов 1; входящий+исходящий объём 23,200 KZT."
1723,100000000803368100,peripheral,0.250522,"Граница 4-го колена: исходящие не наблюдаются; роль не определена. Достижим от 1 seed; переводов 1; входящий+исходящий объём 139,503 KZT."
1724,100000002871199100,terminal,0.250477,"Входящих переводов: 1, отправителей: 1, исходящих: 0; колено 3; гипотеза конечного получателя. Достижим от 1 seed; переводов 1; входящий+исходящий объём 23,186 KZT."
1725,100000008769636100,terminal,0.250365,"Входящих переводов: 1, отправителей: 1, исходящих: 0; колено 1; гипотеза конечного получателя. Достижим от 1 seed; переводов 1; входящий+исходящий объём 23,118 KZT."
1726,100000007347733100,terminal,0.250253,"Входящих переводов: 1, отправителей: 1, исходящих: 0; колено 1; гипотеза конечного получателя. Достижим от 1 seed; переводов 1; входящий+исходящий объём 23,007 KZT."
1727,100000003069463100,peripheral,0.249984,"Отправителей: 1, получателей: 1; переводов вход/выход: 1/1; недостаточно признаков роли. Достижим от 1 seed; переводов 2; входящий+исходящий объём 29,420 KZT."
1728,100000001550419100,terminal,0.24986,"Входящих переводов: 1, отправителей: 1, исходящих: 0; колено 3; гипотеза конечного получателя. Достижим от 1 seed; переводов 1; входящий+исходящий объём 23,000 KZT."
1729,100000008690932100,terminal,0.24986,"Входящих переводов: 1, отправителей: 1, исходящих: 0; колено 1; гипотеза конечного получателя. Достижим от 1 seed; переводов 1; входящий+исходящий объём 23,000 KZT."
1730,100000005142492100,peripheral,0.249602,"Отправителей: 1, получателей: 1; переводов вход/выход: 1/1; недостаточно признаков роли. Достижим от 1 seed; переводов 2; входящий+исходящий объём 67,000 KZT."
1731,100000008745863100,terminal,0.249468,"Входящих переводов: 1, отправителей: 1, исходящих: 0; колено 3; гипотеза конечного получателя. Достижим от 1 seed; переводов 1; входящий+исходящий объём 22,900 KZT."
1732,100000008661550100,terminal,0.249356,"Входящих переводов: 1, отправителей: 1, исходящих: 0; колено 3; гипотеза конечного получателя. Достижим от 1 seed; переводов 1; входящий+исходящий объём 22,800 KZT."
1733,100000001969496100,terminal,0.249131,"Входящих переводов: 1, отправителей: 1, исходящих: 0; колено 3; гипотеза конечного получателя. Достижим от 1 seed; переводов 1; входящий+исходящий объём 22,740 KZT."
1734,100000002597003100,peripheral,0.248863,"Отправителей: 1, получателей: 1; переводов вход/выход: 1/1; недостаточно признаков роли. Достижим от 1 seed; переводов 2; входящий+исходящий объём 28,700 KZT."
1735,100000002229615100,peripheral,0.248778,"Граница 4-го колена: исходящие не наблюдаются; роль не определена. Достижим от 2 seed; переводов 1; входящий+исходящий объём 25,000 KZT."
1736,100000004291663100,peripheral,0.248778,"Граница 4-го колена: исходящие не наблюдаются; роль не определена. Достижим от 2 seed; переводов 1; входящий+исходящий объём 25,000 KZT."
1737,100000008588665100,peripheral,0.248778,"Граница 4-го колена: исходящие не наблюдаются; роль не определена. Достижим от 2 seed; переводов 1; входящий+исходящий объём 25,000 KZT."
1738,100000004800648100,peripheral,0.248728,"Граница 4-го колена: исходящие не наблюдаются; роль не определена. Достижим от 1 seed; переводов 1; входящий+исходящий объём 131,000 KZT."
1739,100000006989232100,terminal,0.24857,"Входящих переводов: 1, отправителей: 1, исходящих: 0; колено 3; гипотеза конечного получателя. Достижим от 1 seed; переводов 1; входящий+исходящий объём 22,194 KZT."
1740,100000007140834100,terminal,0.248548,"Входящих переводов: 2, отправителей: 1, исходящих: 0; колено 3; гипотеза конечного получателя. Достижим от 1 seed; переводов 2; входящий+исходящий объём 10,200 KZT."
1741,100000001246806100,peripheral,0.248447,"Граница 4-го колена: исходящие не наблюдаются; роль не определена. Достижим от 1 seed; переводов 1; входящий+исходящий объём 130,000 KZT."
1742,100000008746025100,terminal,0.24829,"Входящих переводов: 1, отправителей: 1, исходящих: 0; колено 1; гипотеза конечного получателя. Достижим от 1 seed; переводов 1; входящий+исходящий объём 22,000 KZT."
1743,100000002863356100,peripheral,0.24792,"Отправителей: 1, получателей: 1; переводов вход/выход: 1/1; недостаточно признаков роли. Достижим от 1 seed; переводов 2; входящий+исходящий объём 65,000 KZT."
1744,100000004066370100,peripheral,0.24792,"Граница 4-го колена: исходящие не наблюдаются; роль не определена. Достижим от 1 seed; переводов 2; входящий+исходящий объём 65,000 KZT."
1745,100000003338583100,terminal,0.247898,"Входящих переводов: 1, отправителей: 1, исходящих: 0; колено 3; гипотеза конечного получателя. Достижим от 1 seed; переводов 1; входящий+исходящий объём 21,765 KZT."
1746,100000002728246100,peripheral,0.24789,"Граница 4-го колена: исходящие не наблюдаются; роль не определена. Достижим от 3 seed; переводов 1; входящий+исходящий объём 10,000 KZT."
1747,100000002981489100,peripheral,0.24789,"Граница 4-го колена: исходящие не наблюдаются; роль не определена. Достижим от 3 seed; переводов 1; входящий+исходящий объём 10,000 KZT."
1748,100000003632533100,peripheral,0.24789,"Граница 4-го колена: исходящие не наблюдаются; роль не определена. Достижим от 3 seed; переводов 1; входящий+исходящий объём 10,000 KZT."
1749,100000008680912100,peripheral,0.247785,"Отправителей: 1, получателей: 1; переводов вход/выход: 2/1; недостаточно признаков роли. Достижим от 1 seed; переводов 3; входящий+исходящий объём 51,103 KZT."
1750,100000001155773100,terminal,0.247673,"Входящих переводов: 1, отправителей: 1, исходящих: 0; колено 3; гипотеза конечного получателя. Достижим от 1 seed; переводов 1; входящий+исходящий объём 21,500 KZT."
1751,100000008691330100,terminal,0.247561,"Входящих переводов: 1, отправителей: 1, исходящих: 0; колено 1; гипотеза конечного получателя. Достижим от 1 seed; переводов 1; входящий+исходящий объём 21,440 KZT."
1752,100000008071749100,peripheral,0.247264,"Граница 4-го колена: исходящие не наблюдаются; роль не определена. Достижим от 2 seed; переводов 1; входящий+исходящий объём 24,943 KZT."
1753,100000003119550100,terminal,0.246664,"Входящих переводов: 1, отправителей: 1, исходящих: 0; колено 1; гипотеза конечного получателя. Достижим от 1 seed; переводов 1; входящий+исходящий объём 21,000 KZT."
1754,100000008695495100,terminal,0.246664,"Входящих переводов: 1, отправителей: 1, исходящих: 0; колено 1; гипотеза конечного получателя. Достижим от 1 seed; переводов 1; входящий+исходящий объём 21,000 KZT."
1755,100000008712036100,terminal,0.246664,"Входящих переводов: 1, отправителей: 1, исходящих: 0; колено 3; гипотеза конечного получателя. Достижим от 1 seed; переводов 1; входящий+исходящий объём 21,000 KZT."
1756,100000008740793100,terminal,0.246664,"Входящих переводов: 1, отправителей: 1, исходящих: 0; колено 3; гипотеза конечного получателя. Достижим от 1 seed; переводов 1; входящий+исходящий объём 21,000 KZT."
1757,100000008742266100,terminal,0.246664,"Входящих переводов: 1, отправителей: 1, исходящих: 0; колено 2; гипотеза конечного получателя. Достижим от 1 seed; переводов 1; входящий+исходящий объём 21,000 KZT."
1758,100000008763688100,terminal,0.246664,"Входящих переводов: 1, отправителей: 1, исходящих: 0; колено 3; гипотеза конечного получателя. Достижим от 1 seed; переводов 1; входящий+исходящий объём 21,000 KZT."
1759,100000005370580100,peripheral,0.246591,"Отправителей: 1, получателей: 0; переводов вход/выход: 1/0; недостаточно признаков роли; входящие seed неполны. Достижим от 2 seed; переводов 1; входящий+исходящий объём 24,075 KZT."
1760,100000002243354100,terminal,0.246103,"Входящих переводов: 1, отправителей: 1, исходящих: 0; колено 1; гипотеза конечного получателя. Достижим от 1 seed; переводов 1; входящий+исходящий объём 20,879 KZT."
1761,100000006844004100,terminal,0.245879,"Входящих переводов: 1, отправителей: 1, исходящих: 0; колено 3; гипотеза конечного получателя. Достижим от 1 seed; переводов 1; входящий+исходящий объём 20,600 KZT."
1762,100000002982252100,terminal,0.245654,"Входящих переводов: 1, отправителей: 1, исходящих: 0; колено 1; гипотеза конечного получателя. Достижим от 1 seed; переводов 1; входящий+исходящий объём 20,320 KZT."
1763,100000008745643100,terminal,0.245542,"Входящих переводов: 1, отправителей: 1, исходящих: 0; колено 1; гипотеза конечного получателя. Достижим от 1 seed; переводов 1; входящий+исходящий объём 20,313 KZT."
1764,100000002459163100,terminal,0.245206,"Входящих переводов: 1, отправителей: 1, исходящих: 0; колено 2; гипотеза конечного получателя. Достижим от 1 seed; переводов 1; входящий+исходящий объём 20,180 KZT."
1765,100000008774237100,peripheral,0.244667,"Отправителей: 1, получателей: 1; переводов вход/выход: 1/1; недостаточно признаков роли. Достижим от 1 seed; переводов 2; входящий+исходящий объём 60,000 KZT."
1766,100000003888271100,peripheral,0.244038,"Отправителей: 1, получателей: 2; переводов вход/выход: 2/3; недостаточно признаков роли. Достижим от 1 seed; переводов 5; входящий+исходящий объём 37,767 KZT."
1767,100000008730238100,peripheral,0.243456,"Граница 4-го колена: исходящие не наблюдаются; роль не определена. Достижим от 1 seed; переводов 1; входящий+исходящий объём 113,000 KZT."
1768,100000002794374100,peripheral,0.242447,"Граница 4-го колена: исходящие не наблюдаются; роль не определена. Достижим от 1 seed; переводов 1; входящий+исходящий объём 111,000 KZT."
1769,100000000542087100,peripheral,0.242394,"Граница 4-го колена: исходящие не наблюдаются; роль не определена. Достижим от 3 seed; переводов 1; входящий+исходящий объём 8,507 KZT."
1770,100000000425407100,terminal,0.24229,"Входящих переводов: 1, отправителей: 1, исходящих: 0; колено 2; гипотеза конечного получателя. Достижим от 1 seed; переводов 1; входящий+исходящий объём 20,000 KZT."
1771,100000001639766100,terminal,0.24229,"Входящих переводов: 1, отправителей: 1, исходящих: 0; колено 3; гипотеза конечного получателя. Достижим от 1 seed; переводов 1; входящий+исходящий объём 20,000 KZT."
1772,100000002289937100,terminal,0.24229,"Входящих переводов: 1, отправителей: 1, исходящих: 0; колено 1; гипотеза конечного получателя. Достижим от 1 seed; переводов 1; входящий+исходящий объём 20,000 KZT."
1773,100000002459164100,terminal,0.24229,"Входящих переводов: 1, отправителей: 1, исходящих: 0; колено 3; гипотеза конечного получателя. Достижим от 1 seed; переводов 1; входящий+исходящий объём 20,000 KZT."
1774,100000002546921100,terminal,0.24229,"Входящих переводов: 1, отправителей: 1, исходящих: 0; колено 3; гипотеза конечного получателя. Достижим от 1 seed; переводов 1; входящий+исходящий объём 20,000 KZT."
1775,100000002578653100,terminal,0.24229,"Входящих переводов: 1, отправителей: 1, исходящих: 0; колено 3; гипотеза конечного получателя. Достижим от 1 seed; переводов 1; входящий+исходящий объём 20,000 KZT."
1776,100000003594472100,terminal,0.24229,"Входящих переводов: 1, отправителей: 1, исходящих: 0; колено 3; гипотеза конечного получателя. Достижим от 1 seed; переводов 1; входящий+исходящий объём 20,000 KZT."
1777,100000004687282100,terminal,0.24229,"Входящих переводов: 1, отправителей: 1, исходящих: 0; колено 2; гипотеза конечного получателя. Достижим от 1 seed; переводов 1; входящий+исходящий объём 20,000 KZT."
1778,100000005056870100,terminal,0.24229,"Входящих переводов: 1, отправителей: 1, исходящих: 0; колено 1; гипотеза конечного получателя. Достижим от 1 seed; переводов 1; входящий+исходящий объём 20,000 KZT."
1779,100000005669845100,terminal,0.24229,"Входящих переводов: 1, отправителей: 1, исходящих: 0; колено 1; гипотеза конечного получателя. Достижим от 1 seed; переводов 1; входящий+исходящий объём 20,000 KZT."
1780,100000005756535100,terminal,0.24229,"Входящих переводов: 1, отправителей: 1, исходящих: 0; колено 3; гипотеза конечного получателя. Достижим от 1 seed; переводов 1; входящий+исходящий объём 20,000 KZT."
1781,100000006710485100,terminal,0.24229,"Входящих переводов: 1, отправителей: 1, исходящих: 0; колено 3; гипотеза конечного получателя. Достижим от 1 seed; переводов 1; входящий+исходящий объём 20,000 KZT."
1782,100000006787636100,terminal,0.24229,"Входящих переводов: 1, отправителей: 1, исходящих: 0; колено 2; гипотеза конечного получателя. Достижим от 1 seed; переводов 1; входящий+исходящий объём 20,000 KZT."
1783,100000007175718100,terminal,0.24229,"Входящих переводов: 1, отправителей: 1, исходящих: 0; колено 1; гипотеза конечного получателя. Достижим от 1 seed; переводов 1; входящий+исходящий объём 20,000 KZT."
1784,100000008416433100,terminal,0.24229,"Входящих переводов: 1, отправителей: 1, исходящих: 0; колено 3; гипотеза конечного получателя. Достижим от 1 seed; переводов 1; входящий+исходящий объём 20,000 KZT."
1785,100000008682426100,terminal,0.24229,"Входящих переводов: 1, отправителей: 1, исходящих: 0; колено 3; гипотеза конечного получателя. Достижим от 1 seed; переводов 1; входящий+исходящий объём 20,000 KZT."
1786,100000008693069100,terminal,0.24229,"Входящих переводов: 1, отправителей: 1, исходящих: 0; колено 1; гипотеза конечного получателя. Достижим от 1 seed; переводов 1; входящий+исходящий объём 20,000 KZT."
1787,100000008745884100,terminal,0.24229,"Входящих переводов: 1, отправителей: 1, исходящих: 0; колено 3; гипотеза конечного получателя. Достижим от 1 seed; переводов 1; входящий+исходящий объём 20,000 KZT."
1788,100000002734815100,peripheral,0.241774,"Граница 4-го колена: исходящие не наблюдаются; роль не определена. Достижим от 1 seed; переводов 1; входящий+исходящий объём 110,000 KZT."
1789,100000003792647100,peripheral,0.241329,"Граница 4-го колена: исходящие не наблюдаются; роль не определена. Достижим от 3 seed; переводов 1; входящий+исходящий объём 8,000 KZT."
1790,100000003252446100,peripheral,0.241101,"Граница 4-го колена: исходящие не наблюдаются; роль не определена. Достижим от 1 seed; переводов 1; входящий+исходящий объём 108,600 KZT."
1791,100000002217806100,peripheral,0.240854,"Граница 4-го колена: исходящие не наблюдаются; роль не определена. Достижим от 1 seed; переводов 2; входящий+исходящий объём 55,000 KZT."
1792,100000004891562100,peripheral,0.239306,"Граница 4-го колена: исходящие не наблюдаются; роль не определена. Достижим от 1 seed; переводов 1; входящий+исходящий объём 103,400 KZT."
1793,100000008066326100,terminal,0.239261,"Входящих переводов: 1, отправителей: 1, исходящих: 0; колено 1; гипотеза конечного получателя. Достижим от 1 seed; переводов 1; входящий+исходящий объём 19,320 KZT."
1794,100000008776310100,terminal,0.239149,"Входящих переводов: 1, отправителей: 1, исходящих: 0; колено 3; гипотеза конечного получателя. Достижим от 1 seed; переводов 1; входящий+исходящий объём 19,200 KZT."
1795,100000003187359100,terminal,0.239037,"Входящих переводов: 1, отправителей: 1, исходящих: 0; колено 1; гипотеза конечного получателя. Достижим от 1 seed; переводов 1; входящий+исходящий объём 19,072 KZT."
1796,100000001298099100,terminal,0.238757,"Входящих переводов: 1, отправителей: 1, исходящих: 0; колено 3; гипотеза конечного получателя. Достижим от 1 seed; переводов 1; входящий+исходящий объём 19,000 KZT."
1797,100000008679986100,terminal,0.238757,"Входящих переводов: 1, отправителей: 1, исходящих: 0; колено 1; гипотеза конечного получателя. Достижим от 1 seed; переводов 1; входящий+исходящий объём 19,000 KZT."
1798,100000008696692100,terminal,0.238757,"Входящих переводов: 1, отправителей: 1, исходящих: 0; колено 2; гипотеза конечного получателя. Достижим от 1 seed; переводов 1; входящий+исходящий объём 19,000 KZT."
1799,100000008749063100,terminal,0.238757,"Входящих переводов: 1, отправителей: 1, исходящих: 0; колено 1; гипотеза конечного получателя. Достижим от 1 seed; переводов 1; входящий+исходящий объём 19,000 KZT."
1800,100000004800452100,peripheral,0.238469,"Граница 4-го колена: исходящие не наблюдаются; роль не определена. Достижим от 3 seed; переводов 1; входящий+исходящий объём 6,545 KZT."
1801,100000004140994100,terminal,0.238364,"Входящих переводов: 1, отправителей: 1, исходящих: 0; колено 3; гипотеза конечного получателя. Достижим от 1 seed; переводов 1; входящий+исходящий объём 18,650 KZT."
1802,100000000627521100,peripheral,0.238244,"Граница 4-го колена: исходящие не наблюдаются; роль не определена. Достижим от 3 seed; переводов 1; входящий+исходящий объём 6,500 KZT."
1803,100000002881669100,terminal,0.238196,"Входящих переводов: 1, отправителей: 1, исходящих: 0; колено 1; гипотеза конечного получателя. Достижим от 1 seed; переводов 1; входящий+исходящий объём 18,600 KZT."
1804,100000003239859100,terminal,0.238196,"Входящих переводов: 1, отправителей: 1, исходящих: 0; колено 1; гипотеза конечного получателя. Достижим от 1 seed; переводов 1; входящий+исходящий объём 18,600 KZT."
1805,100000002893020100,terminal,0.238028,"Входящих переводов: 1, отправителей: 1, исходящих: 0; колено 3; гипотеза конечного получателя. Достижим от 1 seed; переводов 1; входящий+исходящий объём 18,340 KZT."
1806,100000001103905100,terminal,0.236962,"Входящих переводов: 1, отправителей: 1, исходящих: 0; колено 1; гипотеза конечного получателя. Достижим от 1 seed; переводов 1; входящий+исходящий объём 18,000 KZT."
1807,100000005059998100,terminal,0.236962,"Входящих переводов: 1, отправителей: 1, исходящих: 0; колено 2; гипотеза конечного получателя. Достижим от 1 seed; переводов 1; входящий+исходящий объём 18,000 KZT."
1808,100000008712184100,terminal,0.236962,"Входящих переводов: 1, отправителей: 1, исходящих: 0; колено 3; гипотеза конечного получателя. Достижим от 1 seed; переводов 1; входящий+исходящий объём 18,000 KZT."
1809,100000008715887100,terminal,0.236962,"Входящих переводов: 1, отправителей: 1, исходящих: 0; колено 3; гипотеза конечного получателя. Достижим от 1 seed; переводов 1; входящий+исходящий объём 18,000 KZT."
1810,100000008716222100,terminal,0.236962,"Входящих переводов: 1, отправителей: 1, исходящих: 0; колено 1; гипотеза конечного получателя. Достижим от 1 seed; переводов 1; входящий+исходящий объём 18,000 KZT."
1811,100000008754997100,terminal,0.236962,"Входящих переводов: 1, отправителей: 1, исходящих: 0; колено 3; гипотеза конечного получателя. Достижим от 1 seed; переводов 1; входящий+исходящий объём 18,000 KZT."
1812,100000008777088100,terminal,0.236962,"Входящих переводов: 1, отправителей: 1, исходящих: 0; колено 1; гипотеза конечного получателя. Достижим от 1 seed; переводов 1; входящий+исходящий объём 18,000 KZT."
1813,100000001299828100,peripheral,0.236895,"Граница 4-го колена: исходящие не наблюдаются; роль не определена. Достижим от 1 seed; переводов 1; входящий+исходящий объём 100,000 KZT."
1814,100000001533161100,peripheral,0.236895,"Граница 4-го колена: исходящие не наблюдаются; роль не определена. Достижим от 1 seed; переводов 1; входящий+исходящий объём 100,000 KZT."
1815,100000003134550100,peripheral,0.236895,"Граница 4-го колена: исходящие не наблюдаются; роль не определена. Достижим от 1 seed; переводов 1; входящий+исходящий объём 100,000 KZT."
1816,100000004418967100,peripheral,0.236895,"Граница 4-го колена: исходящие не наблюдаются; роль не определена. Достижим от 1 seed; переводов 1; входящий+исходящий объём 100,000 KZT."
1817,100000006888238100,peripheral,0.236008,"Отправителей: 1, получателей: 1; переводов вход/выход: 1/1; недостаточно признаков роли. Достижим от 1 seed; переводов 2; входящий+исходящий объём 48,000 KZT."
1818,100000002116705100,terminal,0.23556,"Входящих переводов: 1, отправителей: 1, исходящих: 0; колено 3; гипотеза конечного получателя. Достижим от 1 seed; переводов 1; входящий+исходящий объём 17,600 KZT."
1819,100000002511581100,terminal,0.23556,"Входящих переводов: 1, отправителей: 1, исходящих: 0; колено 3; гипотеза конечного получателя. Достижим от 1 seed; переводов 1; входящий+исходящий объём 17,600 KZT."
1820,100000008687990100,terminal,0.23556,"Входящих переводов: 1, отправителей: 1, исходящих: 0; колено 3; гипотеза конечного получателя. Достижим от 1 seed; переводов 1; входящий+исходящий объём 17,600 KZT."
1821,100000008735832100,terminal,0.23556,"Входящих переводов: 1, отправителей: 1, исходящих: 0; колено 3; гипотеза конечного получателя. Достижим от 1 seed; переводов 1; входящий+исходящий объём 17,600 KZT."
1822,100000008755168100,terminal,0.23556,"Входящих переводов: 1, отправителей: 1, исходящих: 0; колено 3; гипотеза конечного получателя. Достижим от 1 seed; переводов 1; входящий+исходящий объём 17,600 KZT."
1823,100000008074304100,peripheral,0.235553,"Граница 4-го колена: исходящие не наблюдаются; роль не определена. Достижим от 3 seed; переводов 1; входящий+исходящий объём 5,500 KZT."
1824,100000000907277100,terminal,0.235055,"Входящих переводов: 1, отправителей: 1, исходящих: 0; колено 1; гипотеза конечного получателя. Достижим от 1 seed; переводов 1; входящий+исходящий объём 17,534 KZT."
1825,100000008667058100,terminal,0.235055,"Входящих переводов: 1, отправителей: 1, исходящих: 0; колено 1; гипотеза конечного получателя. Достижим от 1 seed; переводов 1; входящий+исходящий объём 17,534 KZT."
1826,100000008691027100,terminal,0.235055,"Входящих переводов: 1, отправителей: 1, исходящих: 0; колено 1; гипотеза конечного получателя. Достижим от 1 seed; переводов 1; входящий+исходящий объём 17,534 KZT."
1827,100000008729801100,terminal,0.235055,"Входящих переводов: 1, отправителей: 1, исходящих: 0; колено 1; гипотеза конечного получателя. Достижим от 1 seed; переводов 1; входящий+исходящий объём 17,534 KZT."
1828,100000000957746100,peripheral,0.234767,"Граница 4-го колена: исходящие не наблюдаются; роль не определена. Достижим от 3 seed; переводов 1; входящий+исходящий объём 5,300 KZT."
1829,100000000500040100,peripheral,0.234703,"Граница 4-го колена: исходящие не наблюдаются; роль не определена. Достижим от 2 seed; переводов 1; входящий+исходящий объём 20,000 KZT."
1830,100000001845505100,peripheral,0.234703,"Граница 4-го колена: исходящие не наблюдаются; роль не определена. Достижим от 2 seed; переводов 1; входящий+исходящий объём 20,000 KZT."
1831,100000004791226100,peripheral,0.234703,"Граница 4-го колена: исходящие не наблюдаются; роль не определена. Достижим от 2 seed; переводов 1; входящий+исходящий объём 20,000 KZT."
1832,100000004988240100,peripheral,0.234703,"Граница 4-го колена: исходящие не наблюдаются; роль не определена. Достижим от 2 seed; переводов 1; входящий+исходящий объём 20,000 KZT."
1833,100000002214207100,peripheral,0.234652,"Граница 4-го колена: исходящие не наблюдаются; роль не определена. Достижим от 1 seed; переводов 1; входящий+исходящий объём 97,000 KZT."
1834,100000008683818100,terminal,0.234551,"Входящих переводов: 1, отправителей: 1, исходящих: 0; колено 2; гипотеза конечного получателя. Достижим от 1 seed; переводов 1; входящий+исходящий объём 17,400 KZT."
1835,100000005025629100,peripheral,0.234431,"Граница 4-го колена: исходящие не наблюдаются; роль не определена. Достижим от 3 seed; переводов 1; входящий+исходящий объём 5,227 KZT."
1836,100000008767950100,terminal,0.234326,"Входящих переводов: 1, отправителей: 1, исходящих: 0; колено 3; гипотеза конечного получателя. Достижим от 1 seed; переводов 1; входящий+исходящий объём 17,350 KZT."
1837,100000005995391100,terminal,0.233934,"Входящих переводов: 1, отправителей: 1, исходящих: 0; колено 3; гипотеза конечного получателя. Достижим от 1 seed; переводов 1; входящий+исходящий объём 17,200 KZT."
1838,100000007022818100,terminal,0.233934,"Входящих переводов: 1, отправителей: 1, исходящих: 0; колено 3; гипотеза конечного получателя. Достижим от 1 seed; переводов 1; входящий+исходящий объём 17,200 KZT."
1839,100000008309514100,terminal,0.233934,"Входящих переводов: 1, отправителей: 1, исходящих: 0; колено 3; гипотеза конечного получателя. Достижим от 1 seed; переводов 1; входящий+исходящий объём 17,200 KZT."
1840,100000008684951100,terminal,0.233934,"Входящих переводов: 1, отправителей: 1, исходящих: 0; колено 3; гипотеза конечного получателя. Достижим от 1 seed; переводов 1; входящий+исходящий объём 17,200 KZT."
1841,100000008706947100,terminal,0.233934,"Входящих переводов: 1, отправителей: 1, исходящих: 0; колено 3; гипотеза конечного получателя. Достижим от 1 seed; переводов 1; входящий+исходящий объём 17,200 KZT."
1842,100000008708595100,terminal,0.233934,"Входящих переводов: 1, отправителей: 1, исходящих: 0; колено 3; гипотеза конечного получателя. Достижим от 1 seed; переводов 1; входящий+исходящий объём 17,200 KZT."
1843,100000008749900100,terminal,0.233541,"Входящих переводов: 1, отправителей: 1, исходящих: 0; колено 3; гипотеза конечного получателя. Достижим от 1 seed; переводов 1; входящий+исходящий объём 17,150 KZT."
1844,100000001111763100,terminal,0.233261,"Входящих переводов: 1, отправителей: 1, исходящих: 0; колено 1; гипотеза конечного получателя. Достижим от 1 seed; переводов 1; входящий+исходящий объём 17,144 KZT."
1845,100000004491881100,terminal,0.233261,"Входящих переводов: 1, отправителей: 1, исходящих: 0; колено 1; гипотеза конечного получателя. Достижим от 1 seed; переводов 1; входящий+исходящий объём 17,144 KZT."
1846,100000008749406100,terminal,0.233261,"Входящих переводов: 1, отправителей: 1, исходящих: 0; колено 1; гипотеза конечного получателя. Достижим от 1 seed; переводов 1; входящий+исходящий объём 17,144 KZT."
1847,100000008767925100,terminal,0.233261,"Входящих переводов: 1, отправителей: 1, исходящих: 0; колено 1; гипотеза конечного получателя. Достижим от 1 seed; переводов 1; входящий+исходящий объём 17,144 KZT."
1848,100000008029279100,terminal,0.232588,"Входящих переводов: 1, отправителей: 1, исходящих: 0; колено 3; гипотеза конечного получателя. Достижим от 1 seed; переводов 1; входящий+исходящий объём 17,000 KZT."
1849,100000008522127100,peripheral,0.232335,"Отправителей: 0, получателей: 1; переводов вход/выход: 0/3; недостаточно признаков роли; входящие seed неполны. Достижим от 0 seed; переводов 3; входящий+исходящий объём 145,000 KZT."
1850,100000004286573100,terminal,0.232308,"Входящих переводов: 1, отправителей: 1, исходящих: 0; колено 1; гипотеза конечного получателя. Достижим от 1 seed; переводов 1; входящий+исходящий объём 16,590 KZT."
1851,100000003336565100,terminal,0.232195,"Входящих переводов: 1, отправителей: 1, исходящих: 0; колено 2; гипотеза конечного получателя. Достижим от 1 seed; переводов 1; входящий+исходящий объём 16,550 KZT."
1852,100000000369781100,peripheral,0.232076,"Граница 4-го колена: исходящие не наблюдаются; роль не определена. Достижим от 3 seed; переводов 1; входящий+исходящий объём 5,000 KZT."
1853,100000003786516100,peripheral,0.232076,"Граница 4-го колена: исходящие не наблюдаются; роль не определена. Достижим от 3 seed; переводов 1; входящий+исходящий объём 5,000 KZT."
1854,100000006735545100,peripheral,0.232076,"Граница 4-го колена: исходящие не наблюдаются; роль не определена. Достижим от 3 seed; переводов 1; входящий+исходящий объём 5,000 KZT."
1855,100000008662805100,terminal,0.231915,"Входящих переводов: 1, отправителей: 1, исходящих: 0; колено 3; гипотеза конечного получателя. Достижим от 1 seed; переводов 1; входящий+исходящий объём 16,500 KZT."
1856,100000008771627100,terminal,0.231915,"Входящих переводов: 1, отправителей: 1, исходящих: 0; колено 2; гипотеза конечного получателя. Достижим от 1 seed; переводов 1; входящий+исходящий объём 16,500 KZT."
1857,100000005847078100,terminal,0.231242,"Входящих переводов: 1, отправителей: 1, исходящих: 0; колено 3; гипотеза конечного получателя. Достижим от 1 seed; переводов 1; входящий+исходящий объём 16,300 KZT."
1858,100000008664774100,terminal,0.231242,"Входящих переводов: 1, отправителей: 1, исходящих: 0; колено 3; гипотеза конечного получателя. Достижим от 1 seed; переводов 1; входящий+исходящий объём 16,300 KZT."
1859,100000001389255100,terminal,0.231074,"Входящих переводов: 1, отправителей: 1, исходящих: 0; колено 1; гипотеза конечного получателя. Достижим от 1 seed; переводов 1; входящий+исходящий объём 16,136 KZT."
1860,100000008720668100,terminal,0.230457,"Входящих переводов: 1, отправителей: 1, исходящих: 0; колено 3; гипотеза конечного получателя. Достижим от 1 seed; переводов 1; входящий+исходящий объём 16,000 KZT."
1861,100000008736394100,terminal,0.230457,"Входящих переводов: 1, отправителей: 1, исходящих: 0; колено 2; гипотеза конечного получателя. Достижим от 1 seed; переводов 1; входящий+исходящий объём 16,000 KZT."
1862,100000008749989100,terminal,0.230457,"Входящих переводов: 1, отправителей: 1, исходящих: 0; колено 2; гипотеза конечного получателя. Достижим от 1 seed; переводов 1; входящий+исходящий объём 16,000 KZT."
1863,100000008755580100,terminal,0.230457,"Входящих переводов: 1, отправителей: 1, исходящих: 0; колено 3; гипотеза конечного получателя. Достижим от 1 seed; переводов 1; входящий+исходящий объём 16,000 KZT."
1864,100000003009900100,terminal,0.22984,"Входящих переводов: 1, отправителей: 1, исходящих: 0; колено 3; гипотеза конечного получателя. Достижим от 1 seed; переводов 1; входящий+исходящий объём 15,998 KZT."
1865,100000008668099100,terminal,0.229391,"Входящих переводов: 1, отправителей: 1, исходящих: 0; колено 3; гипотеза конечного получателя. Достижим от 1 seed; переводов 1; входящий+исходящий объём 15,700 KZT."
1866,100000008686494100,terminal,0.229391,"Входящих переводов: 1, отправителей: 1, исходящих: 0; колено 3; гипотеза конечного получателя. Достижим от 1 seed; переводов 1; входящий+исходящий объём 15,700 KZT."
1867,100000002748040100,peripheral,0.229375,"Граница 4-го колена: исходящие не наблюдаются; роль не определена. Достижим от 2 seed; переводов 1; входящий+исходящий объём 18,000 KZT."
1868,100000008716773100,terminal,0.229111,"Входящих переводов: 1, отправителей: 1, исходящих: 0; колено 1; гипотеза конечного получателя. Достижим от 1 seed; переводов 1; входящий+исходящий объём 15,677 KZT."
1869,100000008732098100,terminal,0.229111,"Входящих переводов: 1, отправителей: 1, исходящих: 0; колено 1; гипотеза конечного получателя. Достижим от 1 seed; переводов 1; входящий+исходящий объём 15,677 KZT."
1870,100000000572276100,peripheral,0.229078,"Отправителей: 1, получателей: 1; переводов вход/выход: 1/1; недостаточно признаков роли. Достижим от 1 seed; переводов 2; входящий+исходящий объём 47,622 KZT."
1871,100000000661131100,terminal,0.228831,"Входящих переводов: 1, отправителей: 1, исходящих: 0; колено 3; гипотеза конечного получателя. Достижим от 1 seed; переводов 1; входящий+исходящий объём 15,600 KZT."
1872,100000001953577100,terminal,0.228831,"Входящих переводов: 1, отправителей: 1, исходящих: 0; колено 1; гипотеза конечного получателя. Достижим от 1 seed; переводов 1; входящий+исходящий объём 15,600 KZT."
1873,100000008663723100,terminal,0.228831,"Входящих переводов: 1, отправителей: 1, исходящих: 0; колено 3; гипотеза конечного получателя. Достижим от 1 seed; переводов 1; входящий+исходящий объём 15,600 KZT."
1874,100000008672162100,terminal,0.22855,"Входящих переводов: 1, отправителей: 1, исходящих: 0; колено 1; гипотеза конечного получателя. Достижим от 1 seed; переводов 1; входящий+исходящий объём 15,550 KZT."
1875,100000008708743100,terminal,0.22855,"Входящих переводов: 1, отправителей: 1, исходящих: 0; колено 3; гипотеза конечного получателя. Достижим от 1 seed; переводов 1; входящий+исходящий объём 15,550 KZT."
1876,100000004497606100,terminal,0.228214,"Входящих переводов: 1, отправителей: 1, исходящих: 0; колено 1; гипотеза конечного получателя. Достижим от 1 seed; переводов 1; входящий+исходящий объём 15,534 KZT."
1877,100000008670667100,terminal,0.228214,"Входящих переводов: 1, отправителей: 1, исходящих: 0; колено 1; гипотеза конечного получателя. Достижим от 1 seed; переводов 1; входящий+исходящий объём 15,534 KZT."
1878,100000008718089100,terminal,0.228214,"Входящих переводов: 1, отправителей: 1, исходящих: 0; колено 1; гипотеза конечного получателя. Достижим от 1 seed; переводов 1; входящий+исходящий объём 15,534 KZT."
1879,100000008720798100,terminal,0.228214,"Входящих переводов: 1, отправителей: 1, исходящих: 0; колено 1; гипотеза конечного получателя. Достижим от 1 seed; переводов 1; входящий+исходящий объём 15,534 KZT."
1880,100000003125997100,peripheral,0.227978,"Граница 4-го колена: исходящие не наблюдаются; роль не определена. Достижим от 1 seed; переводов 1; входящий+исходящий объём 87,750 KZT."
1881,100000007631637100,terminal,0.227597,"Входящих переводов: 1, отправителей: 1, исходящих: 0; колено 1; гипотеза конечного получателя. Достижим от 1 seed; переводов 1; входящий+исходящий объём 15,341 KZT."
1882,100000005172860100,terminal,0.227373,"Входящих переводов: 1, отправителей: 1, исходящих: 0; колено 3; гипотеза конечного получателя. Достижим от 1 seed; переводов 1; входящий+исходящий объём 15,209 KZT."
1883,100000005226217100,peripheral,0.227132,"Граница 4-го колена: исходящие не наблюдаются; роль не определена. Достижим от 2 seed; переводов 1; входящий+исходящий объём 17,500 KZT."
1884,100000001249054100,peripheral,0.226852,"Граница 4-го колена: исходящие не наблюдаются; роль не определена. Достижим от 2 seed; переводов 1; входящий+исходящий объём 17,375 KZT."
1885,100000007648946100,peripheral,0.226738,"Отправителей: 1, получателей: 1; переводов вход/выход: 1/1; недостаточно признаков роли. Достижим от 1 seed; переводов 2; входящий+исходящий объём 44,550 KZT."
1886,100000007539296100,peripheral,0.225881,"Граница 4-го колена: исходящие не наблюдаются; роль не определена. Достижим от 1 seed; переводов 2; входящий+исходящий объём 46,000 KZT."
1887,100000000968253100,terminal,0.225634,"Входящих переводов: 1, отправителей: 1, исходящих: 0; колено 1; гипотеза конечного получателя. Достижим от 1 seed; переводов 1; входящий+исходящий объём 15,000 KZT."
1888,100000001530740100,terminal,0.225634,"Входящих переводов: 1, отправителей: 1, исходящих: 0; колено 2; гипотеза конечного получателя. Достижим от 1 seed; переводов 1; входящий+исходящий объём 15,000 KZT."
1889,100000002975287100,terminal,0.225634,"Входящих переводов: 1, отправителей: 1, исходящих: 0; колено 3; гипотеза конечного получателя. Достижим от 1 seed; переводов 1; входящий+исходящий объём 15,000 KZT."
1890,100000003241965100,terminal,0.225634,"Входящих переводов: 1, отправителей: 1, исходящих: 0; колено 3; гипотеза конечного получателя. Достижим от 1 seed; переводов 1; входящий+исходящий объём 15,000 KZT."
1891,100000004573782100,terminal,0.225634,"Входящих переводов: 1, отправителей: 1, исходящих: 0; колено 2; гипотеза конечного получателя. Достижим от 1 seed; переводов 1; входящий+исходящий объём 15,000 KZT."
1892,100000008011573100,terminal,0.225634,"Входящих переводов: 1, отправителей: 1, исходящих: 0; колено 3; гипотеза конечного получателя. Достижим от 1 seed; переводов 1; входящий+исходящий объём 15,000 KZT."
1893,100000008547295100,terminal,0.225634,"Входящих переводов: 1, отправителей: 1, исходящих: 0; колено 3; гипотеза конечного получателя. Достижим от 1 seed; переводов 1; входящий+исходящий объём 15,000 KZT."
1894,100000008687492100,terminal,0.225634,"Входящих переводов: 1, отправителей: 1, исходящих: 0; колено 2; гипотеза конечного получателя. Достижим от 1 seed; переводов 1; входящий+исходящий объём 15,000 KZT."
1895,100000006912294100,peripheral,0.225466,"Отправителей: 1, получателей: 2; переводов вход/выход: 1/2; недостаточно признаков роли. Достижим от 1 seed; переводов 3; входящий+исходящий объём 36,335 KZT."
1896,100000000981693100,peripheral,0.224328,"Граница 4-го колена: исходящие не наблюдаются; роль не определена. Достижим от 2 seed; переводов 1; входящий+исходящий объём 16,500 KZT."
1897,100000008776576100,terminal,0.223896,"Входящих переводов: 1, отправителей: 1, исходящих: 0; колено 1; гипотеза конечного получателя. Достижим от 1 seed; переводов 1; входящий+исходящий объём 14,765 KZT."
1898,100000003096787100,peripheral,0.223879,"Граница 4-го колена: исходящие не наблюдаются; роль не определена. Достижим от 2 seed; переводов 1; входящий+исходящий объём 16,400 KZT."
1899,100000008687733100,terminal,0.223784,"Входящих переводов: 1, отправителей: 1, исходящих: 0; колено 3; гипотеза конечного получателя. Достижим от 1 seed; переводов 1; входящий+исходящий объём 14,650 KZT."
1900,100000002992171100,terminal,0.223559,"Входящих переводов: 1, отправителей: 1, исходящих: 0; колено 1; гипотеза конечного получателя. Достижим от 1 seed; переводов 1; входящий+исходящий объём 14,627 KZT."
1901,100000008717341100,terminal,0.223559,"Входящих переводов: 1, отправителей: 1, исходящих: 0; колено 1; гипотеза конечного получателя. Достижим от 1 seed; переводов 1; входящий+исходящий объём 14,627 KZT."
1902,100000008755361100,terminal,0.223559,"Входящих переводов: 1, отправителей: 1, исходящих: 0; колено 1; гипотеза конечного получателя. Достижим от 1 seed; переводов 1; входящий+исходящий объём 14,627 KZT."
1903,100000007267915100,peripheral,0.223536,"Отправителей: 2, получателей: 1; переводов вход/выход: 3/1; недостаточно признаков роли. Достижим от 1 seed; переводов 4; входящий+исходящий объём 31,000 KZT."
1904,100000004723755100,peripheral,0.223003,"Отправителей: 0, получателей: 1; переводов вход/выход: 0/5; недостаточно признаков роли; входящие seed неполны. Достижим от 0 seed; переводов 5; входящий+исходящий объём 95,000 KZT."
1905,100000001690439100,terminal,0.222942,"Входящих переводов: 1, отправителей: 1, исходящих: 0; колено 3; гипотеза конечного получателя. Достижим от 1 seed; переводов 1; входящий+исходящий объём 14,200 KZT."
1906,100000008706846100,terminal,0.222942,"Входящих переводов: 1, отправителей: 1, исходящих: 0; колено 3; гипотеза конечного получателя. Достижим от 1 seed; переводов 1; входящий+исходящий объём 14,200 KZT."
1907,100000005187208100,terminal,0.222774,"Входящих переводов: 1, отправителей: 1, исходящих: 0; колено 3; гипотеза конечного получателя. Достижим от 1 seed; переводов 1; входящий+исходящий объём 14,160 KZT."
1908,100000002528978100,peripheral,0.222141,"Граница 4-го колена: исходящие не наблюдаются; роль не определена. Достижим от 2 seed; переводов 1; входящий+исходящий объём 15,900 KZT."
1909,100000002830055100,terminal,0.222045,"Входящих переводов: 1, отправителей: 1, исходящих: 0; колено 1; гипотеза конечного получателя. Достижим от 1 seed; переводов 1; входящий+исходящий объём 14,000 KZT."
1910,100000006161893100,terminal,0.222045,"Входящих переводов: 1, отправителей: 1, исходящих: 0; колено 2; гипотеза конечного получателя. Достижим от 1 seed; переводов 1; входящий+исходящий объём 14,000 KZT."
1911,100000008548853100,terminal,0.222045,"Входящих переводов: 1, отправителей: 1, исходящих: 0; колено 3; гипотеза конечного получателя. Достижим от 1 seed; переводов 1; входящий+исходящий объём 14,000 KZT."
1912,100000008663007100,terminal,0.222045,"Входящих переводов: 1, отправителей: 1, исходящих: 0; колено 1; гипотеза конечного получателя. Достижим от 1 seed; переводов 1; входящий+исходящий объём 14,000 KZT."
1913,100000008672493100,terminal,0.222045,"Входящих переводов: 1, отправителей: 1, исходящих: 0; колено 3; гипотеза конечного получателя. Достижим от 1 seed; переводов 1; входящий+исходящий объём 14,000 KZT."
1914,100000004673335100,peripheral,0.221978,"Граница 4-го колена: исходящие не наблюдаются; роль не определена. Достижим от 1 seed; переводов 1; входящий+исходящий объём 80,000 KZT."
1915,100000008673001100,peripheral,0.221978,"Отправителей: 1, получателей: 0; переводов вход/выход: 1/0; недостаточно признаков роли; входящие seed неполны. Достижим от 1 seed; переводов 1; входящий+исходящий объём 80,000 KZT."
1916,100000003561031100,peripheral,0.22172,"Отправителей: 1, получателей: 1; переводов вход/выход: 1/1; недостаточно признаков роли. Достижим от 1 seed; переводов 2; входящий+исходящий объём 18,300 KZT."
1917,100000001716579100,terminal,0.221428,"Входящих переводов: 1, отправителей: 1, исходящих: 0; колено 1; гипотеза конечного получателя. Достижим от 1 seed; переводов 1; входящий+исходящий объём 13,916 KZT."
1918,100000006249740100,peripheral,0.221265,"Отправителей: 0, получателей: 3; переводов вход/выход: 0/5; недостаточно признаков роли; входящие seed неполны. Достижим от 0 seed; переводов 5; входящий+исходящий объём 93,007 KZT."
1919,100000006734554100,peripheral,0.220385,"Отправителей: 1, получателей: 1; переводов вход/выход: 1/1; недостаточно признаков роли. Достижим от 1 seed; переводов 2; входящий+исходящий объём 41,500 KZT."
1920,100000008764436100,terminal,0.220307,"Входящих переводов: 1, отправителей: 1, исходящих: 0; колено 2; гипотеза конечного получателя. Достижим от 1 seed; переводов 1; входящий+исходящий объём 13,100 KZT."
1921,100000008680061100,peripheral,0.220217,"Граница 4-го колена: исходящие не наблюдаются; роль не определена. Достижим от 1 seed; переводов 2; входящий+исходящий объём 41,300 KZT."
1922,100000008331280100,peripheral,0.219937,"Граница 4-го колена: исходящие не наблюдаются; роль не определена. Достижим от 1 seed; переводов 2; входящий+исходящий объём 41,000 KZT."
1923,100000008190442100,terminal,0.219802,"Входящих переводов: 1, отправителей: 1, исходящих: 0; колено 3; гипотеза конечного получателя. Достижим от 1 seed; переводов 1; входящий+исходящий объём 13,000 KZT."
1924,100000008672480100,terminal,0.219802,"Входящих переводов: 1, отправителей: 1, исходящих: 0; колено 2; гипотеза конечного получателя. Достижим от 1 seed; переводов 1; входящий+исходящий объём 13,000 KZT."
1925,100000008672762100,terminal,0.219802,"Входящих переводов: 1, отправителей: 1, исходящих: 0; колено 2; гипотеза конечного получателя. Достижим от 1 seed; переводов 1; входящий+исходящий объём 13,000 KZT."
1926,100000008703533100,peripheral,0.219679,"Граница 4-го колена: исходящие не наблюдаются; роль не определена. Достижим от 1 seed; переводов 1; входящий+исходящий объём 75,000 KZT."
1927,100000002733083100,peripheral,0.219617,"Граница 4-го колена: исходящие не наблюдаются; роль не определена. Достижим от 2 seed; переводов 1; входящий+исходящий объём 15,200 KZT."
1928,100000008688109100,terminal,0.219297,"Входящих переводов: 1, отправителей: 1, исходящих: 0; колено 3; гипотеза конечного получателя. Достижим от 1 seed; переводов 1; входящий+исходящий объём 12,800 KZT."
1929,100000005496254100,terminal,0.219073,"Входящих переводов: 1, отправителей: 1, исходящих: 0; колено 1; гипотеза конечного получателя. Достижим от 1 seed; переводов 1; входящий+исходящий объём 12,700 KZT."
1930,100000008744799100,terminal,0.218961,"Входящих переводов: 1, отправителей: 1, исходящих: 0; колено 3; гипотеза конечного получателя. Достижим от 1 seed; переводов 1; входящий+исходящий объём 12,600 KZT."
1931,100000002671806100,terminal,0.218512,"Входящих переводов: 1, отправителей: 1, исходящих: 0; колено 1; гипотеза конечного получателя. Достижим от 1 seed; переводов 1; входящий+исходящий объём 12,440 KZT."
1932,100000008575624100,peripheral,0.218461,"Отправителей: 0, получателей: 3; переводов вход/выход: 0/5; недостаточно признаков роли; входящие seed неполны. Достижим от 0 seed; переводов 5; входящий+исходящий объём 89,500 KZT."
1933,100000002646745100,terminal,0.218176,"Входящих переводов: 1, отправителей: 1, исходящих: 0; колено 3; гипотеза конечного получателя. Достижим от 1 seed; переводов 1; входящий+исходящий объём 12,300 KZT."
1934,100000005089460100,terminal,0.218176,"Входящих переводов: 1, отправителей: 1, исходящих: 0; колено 3; гипотеза конечного получателя. Достижим от 1 seed; переводов 1; входящий+исходящий объём 12,300 KZT."
1935,100000005588444100,terminal,0.218176,"Входящих переводов: 1, отправителей: 1, исходящих: 0; колено 1; гипотеза конечного получателя. Достижим от 1 seed; переводов 1; входящий+исходящий объём 12,300 KZT."
1936,100000007289427100,terminal,0.218176,"Входящих переводов: 1, отправителей: 1, исходящих: 0; колено 2; гипотеза конечного получателя. Достижим от 1 seed; переводов 1; входящий+исходящий объём 12,300 KZT."
1937,100000008754608100,terminal,0.218176,"Входящих переводов: 1, отправителей: 1, исходящих: 0; колено 3; гипотеза конечного получателя. Достижим от 1 seed; переводов 1; входящий+исходящий объём 12,300 KZT."
1938,100000003083865100,peripheral,0.218047,"Граница 4-го колена: исходящие не наблюдаются; роль не определена. Достижим от 2 seed; переводов 1; входящий+исходящий объём 15,000 KZT."
1939,100000003166017100,peripheral,0.218047,"Граница 4-го колена: исходящие не наблюдаются; роль не определена. Достижим от 2 seed; переводов 1; входящий+исходящий объём 15,000 KZT."
1940,100000003622955100,peripheral,0.218047,"Граница 4-го колена: исходящие не наблюдаются; роль не определена. Достижим от 2 seed; переводов 1; входящий+исходящий объём 15,000 KZT."
1941,100000008524903100,peripheral,0.218047,"Граница 4-го колена: исходящие не наблюдаются; роль не определена. Достижим от 2 seed; переводов 1; входящий+исходящий объём 15,000 KZT."
1942,100000008716439100,terminal,0.217839,"Входящих переводов: 1, отправителей: 1, исходящих: 0; колено 1; гипотеза конечного получателя. Достижим от 1 seed; переводов 1; входящий+исходящий объём 12,267 KZT."
1943,100000008716072100,terminal,0.217615,"Входящих переводов: 1, отправителей: 1, исходящих: 0; колено 3; гипотеза конечного получателя. Достижим от 1 seed; переводов 1; входящий+исходящий объём 12,100 KZT."
1944,100000001597505100,peripheral,0.217301,"Отправителей: 1, получателей: 1; переводов вход/выход: 1/1; недостаточно признаков роли. Достижим от 1 seed; переводов 2; входящий+исходящий объём 39,380 KZT."
1945,100000001149815100,terminal,0.217054,"Входящих переводов: 1, отправителей: 1, исходящих: 0; колено 3; гипотеза конечного получателя. Достижим от 1 seed; переводов 1; входящий+исходящий объём 12,000 KZT."
1946,100000002744581100,terminal,0.217054,"Входящих переводов: 1, отправителей: 1, исходящих: 0; колено 2; гипотеза конечного получателя. Достижим от 1 seed; переводов 1; входящий+исходящий объём 12,000 KZT."
1947,100000006288612100,peripheral,0.217054,"Граница 4-го колена: исходящие не наблюдаются; роль не определена. Достижим от 1 seed; переводов 3; входящий+исходящий объём 30,805 KZT."
1948,100000008586731100,terminal,0.217054,"Входящих переводов: 1, отправителей: 1, исходящих: 0; колено 1; гипотеза конечного получателя. Достижим от 1 seed; переводов 1; входящий+исходящий объём 12,000 KZT."
1949,100000003934614100,peripheral,0.217031,"Отправителей: 2, получателей: 1; переводов вход/выход: 2/2; недостаточно признаков роли. Достижим от 1 seed; переводов 4; входящий+исходящий объём 28,500 KZT."
1950,100000004030553100,peripheral,0.216819,"Граница 4-го колена: исходящие не наблюдаются; роль не определена. Достижим от 1 seed; переводов 1; входящий+исходящий объём 70,000 KZT."
1951,100000008027922100,peripheral,0.216819,"Граница 4-го колена: исходящие не наблюдаются; роль не определена. Достижим от 1 seed; переводов 1; входящий+исходящий объём 70,000 KZT."
1952,100000004388209100,terminal,0.216493,"Входящих переводов: 1, отправителей: 1, исходящих: 0; колено 1; гипотеза конечного получателя. Достижим от 1 seed; переводов 1; входящий+исходящий объём 11,800 KZT."
1953,100000008751349100,terminal,0.216269,"Входящих переводов: 1, отправителей: 1, исходящих: 0; колено 3; гипотеза конечного получателя. Достижим от 1 seed; переводов 1; входящий+исходящий объём 11,630 KZT."
1954,100000002750332100,terminal,0.216157,"Входящих переводов: 1, отправителей: 1, исходящих: 0; колено 1; гипотеза конечного получателя. Достижим от 1 seed; переводов 1; входящий+исходящий объём 11,360 KZT."
1955,100000003133045100,peripheral,0.215753,"Граница 4-го колена: исходящие не наблюдаются; роль не определена. Достижим от 1 seed; переводов 1; входящий+исходящий объём 68,000 KZT."
1956,100000005495211100,peripheral,0.215692,"Граница 4-го колена: исходящие не наблюдаются; роль не определена. Достижим от 2 seed; переводов 1; входящий+исходящий объём 14,500 KZT."
1957,100000002721825100,terminal,0.215484,"Входящих переводов: 1, отправителей: 1, исходящих: 0; колено 2; гипотеза конечного получателя. Достижим от 1 seed; переводов 1; входящий+исходящий объём 11,000 KZT."
1958,100000008141170100,terminal,0.215484,"Входящих переводов: 1, отправителей: 1, исходящих: 0; колено 2; гипотеза конечного получателя. Достижим от 1 seed; переводов 1; входящий+исходящий объём 11,000 KZT."
1959,100000008489604100,terminal,0.215484,"Входящих переводов: 1, отправителей: 1, исходящих: 0; колено 3; гипотеза конечного получателя. Достижим от 1 seed; переводов 1; входящий+исходящий объём 11,000 KZT."
1960,100000004747154100,peripheral,0.215304,"Граница 4-го колена: исходящие не наблюдаются; роль не определена. Достижим от 1 seed; переводов 1; входящий+исходящий объём 67,000 KZT."
1961,100000001677389100,peripheral,0.215271,"Отправителей: 1, получателей: 1; переводов вход/выход: 1/1; недостаточно признаков роли. Достижим от 1 seed; переводов 2; входящий+исходящий объём 16,400 KZT."
1962,100000004467157100,peripheral,0.214956,"Отправителей: 1, получателей: 1; переводов вход/выход: 3/1; недостаточно признаков роли. Достижим от 1 seed; переводов 4; входящий+исходящий объём 27,000 KZT."
1963,100000002844897100,terminal,0.214923,"Входящих переводов: 1, отправителей: 1, исходящих: 0; колено 1; гипотеза конечного получателя. Достижим от 1 seed; переводов 1; входящий+исходящий объём 10,800 KZT."
1964,100000005782886100,peripheral,0.214458,"Граница 4-го колена: исходящие не наблюдаются; роль не определена. Достижим от 2 seed; переводов 1; входящий+исходящий объём 14,000 KZT."
1965,100000008710913100,peripheral,0.214458,"Граница 4-го колена: исходящие не наблюдаются; роль не определена. Достижим от 2 seed; переводов 1; входящий+исходящий объём 14,000 KZT."
1966,100000001229743100,peripheral,0.214262,"Отправителей: 1, получателей: 1; переводов вход/выход: 1/1; недостаточно признаков роли. Достижим от 1 seed; переводов 2; входящий+исходящий объём 16,000 KZT."
1967,100000004007197100,terminal,0.214026,"Входящих переводов: 1, отправителей: 1, исходящих: 0; колено 3; гипотеза конечного получателя. Достижим от 1 seed; переводов 1; входящий+исходящий объём 10,048 KZT."
1968,100000004064431100,peripheral,0.213319,"Отправителей: 1, получателей: 1; переводов вход/выход: 1/1; недостаточно признаков роли. Достижим от 1 seed; переводов 2; входящий+исходящий объём 36,000 KZT."
1969,100000004167082100,peripheral,0.213,"Граница 4-го колена: исходящие не наблюдаются; роль не определена. Достижим от 2 seed; переводов 1; входящий+исходящий объём 13,300 KZT."
1970,100000007997939100,peripheral,0.212215,"Граница 4-го колена: исходящие не наблюдаются; роль не определена. Достижим от 2 seed; переводов 1; входящий+исходящий объём 13,000 KZT."
1971,100000005979037100,peripheral,0.211267,"Граница 4-го колена: исходящие не наблюдаются; роль не определена. Достижим от 1 seed; переводов 1; входящий+исходящий объём 60,300 KZT."
1972,100000004386286100,peripheral,0.211149,"Граница 4-го колена: исходящие не наблюдаются; роль не определена. Достижим от 2 seed; переводов 1; входящий+исходящий объём 12,500 KZT."
1973,100000000625169100,terminal,0.210549,"Входящих переводов: 1, отправителей: 1, исходящих: 0; колено 2; гипотеза конечного получателя. Достижим от 1 seed; переводов 1; входящий+исходящий объём 10,000 KZT."
1974,100000000979567100,terminal,0.210549,"Входящих переводов: 1, отправителей: 1, исходящих: 0; колено 2; гипотеза конечного получателя. Достижим от 1 seed; переводов 1; входящий+исходящий объём 10,000 KZT."
1975,100000001290243100,terminal,0.210549,"Входящих переводов: 1, отправителей: 1, исходящих: 0; колено 2; гипотеза конечного получателя. Достижим от 1 seed; переводов 1; входящий+исходящий объём 10,000 KZT."
1976,100000002809568100,terminal,0.210549,"Входящих переводов: 1, отправителей: 1, исходящих: 0; колено 1; гипотеза конечного получателя. Достижим от 1 seed; переводов 1; входящий+исходящий объём 10,000 KZT."
1977,100000003006633100,terminal,0.210549,"Входящих переводов: 1, отправителей: 1, исходящих: 0; колено 3; гипотеза конечного получателя. Достижим от 1 seed; переводов 1; входящий+исходящий объём 10,000 KZT."
1978,100000003449074100,terminal,0.210549,"Входящих переводов: 1, отправителей: 1, исходящих: 0; колено 1; гипотеза конечного получателя. Достижим от 1 seed; переводов 1; входящий+исходящий объём 10,000 KZT."
1979,100000003962994100,terminal,0.210549,"Входящих переводов: 1, отправителей: 1, исходящих: 0; колено 3; гипотеза конечного получателя. Достижим от 1 seed; переводов 1; входящий+исходящий объём 10,000 KZT."
1980,100000004185681100,terminal,0.210549,"Входящих переводов: 1, отправителей: 1, исходящих: 0; колено 3; гипотеза конечного получателя. Достижим от 1 seed; переводов 1; входящий+исходящий объём 10,000 KZT."
1981,100000004950490100,terminal,0.210549,"Входящих переводов: 1, отправителей: 1, исходящих: 0; колено 2; гипотеза конечного получателя. Достижим от 1 seed; переводов 1; входящий+исходящий объём 10,000 KZT."
1982,100000004970752100,terminal,0.210549,"Входящих переводов: 1, отправителей: 1, исходящих: 0; колено 3; гипотеза конечного получателя. Достижим от 1 seed; переводов 1; входящий+исходящий объём 10,000 KZT."
1983,100000006965162100,terminal,0.210549,"Входящих переводов: 1, отправителей: 1, исходящих: 0; колено 3; гипотеза конечного получателя. Достижим от 1 seed; переводов 1; входящий+исходящий объём 10,000 KZT."
1984,100000008129393100,terminal,0.210549,"Входящих переводов: 1, отправителей: 1, исходящих: 0; колено 1; гипотеза конечного получателя. Достижим от 1 seed; переводов 1; входящий+исходящий объём 10,000 KZT."
1985,100000008463968100,terminal,0.210549,"Входящих переводов: 1, отправителей: 1, исходящих: 0; колено 3; гипотеза конечного получателя. Достижим от 1 seed; переводов 1; входящий+исходящий объём 10,000 KZT."
1986,100000008478414100,terminal,0.210549,"Входящих переводов: 1, отправителей: 1, исходящих: 0; колено 2; гипотеза конечного получателя. Достижим от 1 seed; переводов 1; входящий+исходящий объём 10,000 KZT."
1987,100000008708025100,terminal,0.210549,"Входящих переводов: 1, отправителей: 1, исходящих: 0; колено 3; гипотеза конечного получателя. Достижим от 1 seed; переводов 1; входящий+исходящий объём 10,000 KZT."
1988,100000002242066100,peripheral,0.210369,"Граница 4-го колена: исходящие не наблюдаются; роль не определена. Достижим от 1 seed; переводов 1; входящий+исходящий объём 60,000 KZT."
1989,100000002404112100,peripheral,0.210369,"Граница 4-го колена: исходящие не наблюдаются; роль не определена. Достижим от 1 seed; переводов 1; входящий+исходящий объём 60,000 KZT."
1990,100000008686247100,peripheral,0.20881,"Отправителей: 1, получателей: 1; переводов вход/выход: 2/1; недостаточно признаков роли. Достижим от 1 seed; переводов 3; входящий+исходящий объём 27,000 KZT."
1991,100000003247600100,peripheral,0.208575,"Граница 4-го колена: исходящие не наблюдаются; роль не определена. Достижим от 1 seed; переводов 1; входящий+исходящий объём 58,000 KZT."
1992,100000005417257100,peripheral,0.208132,"Отправителей: 0, получателей: 2; переводов вход/выход: 0/2; недостаточно признаков роли; входящие seed неполны. Достижим от 0 seed; переводов 2; входящий+исходящий объём 106,000 KZT."
1993,100000007381662100,peripheral,0.207897,"Граница 4-го колена: исходящие не наблюдаются; роль не определена. Достижим от 2 seed; переводов 1; входящий+исходящий объём 11,000 KZT."
1994,100000006522972100,terminal,0.206848,"Входящих переводов: 1, отправителей: 1, исходящих: 0; колено 3; гипотеза конечного получателя. Достижим от 1 seed; переводов 1; входящий+исходящий объём 9,515 KZT."
1995,100000008612257100,terminal,0.206736,"Входящих переводов: 1, отправителей: 1, исходящих: 0; колено 3; гипотеза конечного получателя. Достижим от 1 seed; переводов 1; входящий+исходящий объём 9,500 KZT."
1996,100000007005380100,terminal,0.206623,"Входящих переводов: 1, отправителей: 1, исходящих: 0; колено 3; гипотеза конечного получателя. Достижим от 1 seed; переводов 1; входящий+исходящий объём 9,400 KZT."
1997,100000002558173100,terminal,0.206399,"Входящих переводов: 1, отправителей: 1, исходящих: 0; колено 2; гипотеза конечного получателя. Достижим от 1 seed; переводов 1; входящий+исходящий объём 9,300 KZT."
1998,100000002603371100,terminal,0.206399,"Входящих переводов: 1, отправителей: 1, исходящих: 0; колено 3; гипотеза конечного получателя. Достижим от 1 seed; переводов 1; входящий+исходящий объём 9,300 KZT."
1999,100000008708061100,terminal,0.205278,"Входящих переводов: 1, отправителей: 1, исходящих: 0; колено 3; гипотеза конечного получателя. Достижим от 1 seed; переводов 1; входящий+исходящий объём 8,650 KZT."
2000,100000008672200100,terminal,0.205165,"Входящих переводов: 1, отправителей: 1, исходящих: 0; колено 1; гипотеза конечного получателя. Достижим от 1 seed; переводов 1; входящий+исходящий объём 8,511 KZT."
2001,100000008229700100,peripheral,0.205076,"Отправителей: 1, получателей: 1; переводов вход/выход: 1/1; недостаточно признаков роли. Достижим от 1 seed; переводов 2; входящий+исходящий объём 30,700 KZT."
2002,100000008750464100,terminal,0.204829,"Входящих переводов: 1, отправителей: 1, исходящих: 0; колено 3; гипотеза конечного получателя. Достижим от 1 seed; переводов 1; входящий+исходящий объём 8,500 KZT."
2003,100000005807278100,terminal,0.204492,"Входящих переводов: 1, отправителей: 1, исходящих: 0; колено 1; гипотеза конечного получателя. Достижим от 1 seed; переводов 1; входящий+исходящий объём 8,385 KZT."
2004,100000000481716100,terminal,0.203988,"Входящих переводов: 1, отправителей: 1, исходящих: 0; колено 3; гипотеза конечного получателя. Достижим от 1 seed; переводов 1; входящий+исходящий объём 8,000 KZT."
2005,100000008537380100,terminal,0.203988,"Входящих переводов: 1, отправителей: 1, исходящих: 0; колено 3; гипотеза конечного получателя. Достижим от 1 seed; переводов 1; входящий+исходящий объём 8,000 KZT."
2006,100000003097947100,peripheral,0.203528,"Граница 4-го колена: исходящие не наблюдаются; роль не определена. Достижим от 1 seed; переводов 1; входящий+исходящий объём 52,980 KZT."
2007,100000004553349100,terminal,0.203483,"Входящих переводов: 1, отправителей: 1, исходящих: 0; колено 3; гипотеза конечного получателя. Достижим от 1 seed; переводов 1; входящий+исходящий объём 7,755 KZT."
2008,100000003996562100,terminal,0.203315,"Входящих переводов: 1, отправителей: 1, исходящих: 0; колено 3; гипотеза конечного получателя. Достижим от 1 seed; переводов 1; входящий+исходящий объём 7,700 KZT."
2009,100000004493586100,terminal,0.20309,"Входящих переводов: 1, отправителей: 1, исходящих: 0; колено 3; гипотеза конечного получателя. Достижим от 1 seed; переводов 1; входящий+исходящий объём 7,500 KZT."
2010,100000003146511100,peripheral,0.202962,"Граница 4-го колена: исходящие не наблюдаются; роль не определена. Достижим от 2 seed; переводов 1; входящий+исходящий объём 10,000 KZT."
2011,100000003904497100,peripheral,0.202962,"Граница 4-го колена: исходящие не наблюдаются; роль не определена. Достижим от 2 seed; переводов 1; входящий+исходящий объём 10,000 KZT."
2012,100000004981068100,peripheral,0.202962,"Граница 4-го колена: исходящие не наблюдаются; роль не определена. Достижим от 2 seed; переводов 1; входящий+исходящий объём 10,000 KZT."
2013,100000005041147100,peripheral,0.202962,"Граница 4-го колена: исходящие не наблюдаются; роль не определена. Достижим от 2 seed; переводов 1; входящий+исходящий объём 10,000 KZT."
2014,100000006171671100,peripheral,0.202962,"Граница 4-го колена: исходящие не наблюдаются; роль не определена. Достижим от 2 seed; переводов 1; входящий+исходящий объём 10,000 KZT."
2015,100000008758106100,peripheral,0.202962,"Граница 4-го колена: исходящие не наблюдаются; роль не определена. Достижим от 2 seed; переводов 1; входящий+исходящий объём 10,000 KZT."
2016,100000008761132100,peripheral,0.202962,"Граница 4-го колена: исходящие не наблюдаются; роль не определена. Достижим от 2 seed; переводов 1; входящий+исходящий объём 10,000 KZT."
2017,100000008761220100,peripheral,0.202962,"Граница 4-го колена: исходящие не наблюдаются; роль не определена. Достижим от 2 seed; переводов 1; входящий+исходящий объём 10,000 KZT."
2018,100000002974256100,terminal,0.202922,"Входящих переводов: 1, отправителей: 1, исходящих: 0; колено 2; гипотеза конечного получателя. Достижим от 1 seed; переводов 1; входящий+исходящий объём 7,200 KZT."
2019,100000008727982100,peripheral,0.20272,"Граница 4-го колена: исходящие не наблюдаются; роль не определена. Достижим от 1 seed; переводов 2; входящий+исходящий объём 30,000 KZT."
2020,100000003377795100,terminal,0.202249,"Входящих переводов: 1, отправителей: 1, исходящих: 0; колено 1; гипотеза конечного получателя. Достижим от 1 seed; переводов 1; входящий+исходящий объём 7,000 KZT."
2021,100000004592467100,terminal,0.202249,"Входящих переводов: 1, отправителей: 1, исходящих: 0; колено 2; гипотеза конечного получателя. Достижим от 1 seed; переводов 1; входящий+исходящий объём 7,000 KZT."
2022,100000005127767100,terminal,0.202249,"Входящих переводов: 1, отправителей: 1, исходящих: 0; колено 3; гипотеза конечного получателя. Достижим от 1 seed; переводов 1; входящий+исходящий объём 7,000 KZT."
2023,100000008755754100,terminal,0.202249,"Входящих переводов: 1, отправителей: 1, исходящих: 0; колено 3; гипотеза конечного получателя. Достижим от 1 seed; переводов 1; входящий+исходящий объём 7,000 KZT."
2024,100000000955444100,terminal,0.201688,"Входящих переводов: 1, отправителей: 1, исходящих: 0; колено 2; гипотеза конечного получателя. Достижим от 1 seed; переводов 1; входящий+исходящий объём 6,910 KZT."
2025,100000002299948100,terminal,0.201296,"Входящих переводов: 1, отправителей: 1, исходящих: 0; колено 2; гипотеза конечного получателя. Достижим от 1 seed; переводов 1; входящий+исходящий объём 6,750 KZT."
2026,100000005055454100,terminal,0.200903,"Входящих переводов: 1, отправителей: 1, исходящих: 0; колено 3; гипотеза конечного получателя. Достижим от 1 seed; переводов 1; входящий+исходящий объём 6,500 KZT."
2027,100000000782285100,terminal,0.200567,"Входящих переводов: 1, отправителей: 1, исходящих: 0; колено 3; гипотеза конечного получателя. Достижим от 1 seed; переводов 1; входящий+исходящий объём 6,151 KZT."
2028,100000000783406100,terminal,0.200287,"Входящих переводов: 1, отправителей: 1, исходящих: 0; колено 3; гипотеза конечного получателя. Достижим от 1 seed; переводов 1; входящий+исходящий объём 6,066 KZT."
2029,100000002184107100,terminal,0.200287,"Входящих переводов: 1, отправителей: 1, исходящих: 0; колено 3; гипотеза конечного получателя. Достижим от 1 seed; переводов 1; входящий+исходящий объём 6,066 KZT."
2030,100000006444163100,terminal,0.200118,"Входящих переводов: 1, отправителей: 1, исходящих: 0; колено 3; гипотеза конечного получателя. Достижим от 1 seed; переводов 1; входящий+исходящий объём 6,026 KZT."
2031,100000006656003100,peripheral,0.199916,"Отправителей: 1, получателей: 1; переводов вход/выход: 1/1; недостаточно признаков роли. Достижим от 1 seed; переводов 2; входящий+исходящий объём 29,000 KZT."
2032,100000000718427100,terminal,0.199614,"Входящих переводов: 1, отправителей: 1, исходящих: 0; колено 2; гипотеза конечного получателя. Достижим от 1 seed; переводов 1; входящий+исходящий объём 6,000 KZT."
2033,100000002346166100,terminal,0.199614,"Входящих переводов: 1, отправителей: 1, исходящих: 0; колено 3; гипотеза конечного получателя. Достижим от 1 seed; переводов 1; входящий+исходящий объём 6,000 KZT."
2034,100000008474308100,peripheral,0.199445,"Отправителей: 1, получателей: 1; переводов вход/выход: 2/1; недостаточно признаков роли. Достижим от 1 seed; переводов 3; входящий+исходящий объём 24,000 KZT."
2035,100000002713974100,peripheral,0.198705,"Граница 4-го колена: исходящие не наблюдаются; роль не определена. Достижим от 1 seed; переводов 1; входящий+исходящий объём 50,000 KZT."
2036,100000005189258100,peripheral,0.198705,"Граница 4-го колена: исходящие не наблюдаются; роль не определена. Достижим от 1 seed; переводов 1; входящий+исходящий объём 50,000 KZT."
2037,100000007749747100,peripheral,0.198705,"Граница 4-го колена: исходящие не наблюдаются; роль не определена. Достижим от 1 seed; переводов 1; входящий+исходящий объём 50,000 KZT."
2038,100000007811950100,peripheral,0.198705,"Граница 4-го колена: исходящие не наблюдаются; роль не определена. Достижим от 1 seed; переводов 1; входящий+исходящий объём 50,000 KZT."
2039,100000008488166100,terminal,0.19866,"Входящих переводов: 1, отправителей: 1, исходящих: 0; колено 3; гипотеза конечного получателя. Достижим от 1 seed; переводов 1; входящий+исходящий объём 5,600 KZT."
2040,100000006903193100,peripheral,0.198251,"Граница 4-го колена: исходящие не наблюдаются; роль не определена. Достижим от 2 seed; переводов 1; входящий+исходящий объём 9,000 KZT."
2041,100000002614095100,terminal,0.197426,"Входящих переводов: 1, отправителей: 1, исходящих: 0; колено 3; гипотеза конечного получателя. Достижим от 1 seed; переводов 1; входящий+исходящий объём 5,300 KZT."
2042,100000003986141100,terminal,0.197202,"Входящих переводов: 1, отправителей: 1, исходящих: 0; колено 3; гипотеза конечного получателя. Достижим от 1 seed; переводов 1; входящий+исходящий объём 5,286 KZT."
2043,100000003486846100,peripheral,0.196944,"Граница 4-го колена: исходящие не наблюдаются; роль не определена. Достижим от 1 seed; переводов 2; входящий+исходящий объём 27,000 KZT."
2044,100000002597074100,peripheral,0.196401,"Граница 4-го колена: исходящие не наблюдаются; роль не определена. Достижим от 2 seed; переводов 1; входящий+исходящий объём 8,000 KZT."
2045,100000004433250100,peripheral,0.196401,"Граница 4-го колена: исходящие не наблюдаются; роль не определена. Достижим от 2 seed; переводов 1; входящий+исходящий объём 8,000 KZT."
2046,100000004549591100,peripheral,0.195957,"Граница 4-го колена: исходящие не наблюдаются; роль не определена. Достижим от 1 seed; переводов 1; входящий+исходящий объём 49,000 KZT."
2047,100000004848236100,peripheral,0.195503,"Граница 4-го колена: исходящие не наблюдаются; роль не определена. Достижим от 2 seed; переводов 1; входящий+исходящий объём 7,500 KZT."
2048,100000006527156100,peripheral,0.195396,"Граница 4-го колена: исходящие не наблюдаются; роль не определена. Достижим от 1 seed; переводов 1; входящий+исходящий объём 48,500 KZT."
2049,100000000307908100,terminal,0.194735,"Входящих переводов: 1, отправителей: 1, исходящих: 0; колено 2; гипотеза конечного получателя. Достижим от 1 seed; переводов 1; входящий+исходящий объём 5,000 KZT."
2050,100000000765628100,terminal,0.194735,"Входящих переводов: 1, отправителей: 1, исходящих: 0; колено 2; гипотеза конечного получателя. Достижим от 1 seed; переводов 1; входящий+исходящий объём 5,000 KZT."
2051,100000001860090100,terminal,0.194735,"Входящих переводов: 1, отправителей: 1, исходящих: 0; колено 3; гипотеза конечного получателя. Достижим от 1 seed; переводов 1; входящий+исходящий объём 5,000 KZT."
2052,100000002621915100,terminal,0.194735,"Входящих переводов: 1, отправителей: 1, исходящих: 0; колено 2; гипотеза конечного получателя. Достижим от 1 seed; переводов 1; входящий+исходящий объём 5,000 KZT."
2053,100000003671721100,terminal,0.194735,"Входящих переводов: 1, отправителей: 1, исходящих: 0; колено 3; гипотеза конечного получателя. Достижим от 1 seed; переводов 1; входящий+исходящий объём 5,000 KZT."
2054,100000006490557100,terminal,0.194735,"Входящих переводов: 1, отправителей: 1, исходящих: 0; колено 2; гипотеза конечного получателя. Достижим от 1 seed; переводов 1; входящий+исходящий объём 5,000 KZT."
2055,100000006573438100,terminal,0.194735,"Входящих переводов: 1, отправителей: 1, исходящих: 0; колено 3; гипотеза конечного получателя. Достижим от 1 seed; переводов 1; входящий+исходящий объём 5,000 KZT."
2056,100000007510875100,terminal,0.194735,"Входящих переводов: 1, отправителей: 1, исходящих: 0; колено 3; гипотеза конечного получателя. Достижим от 1 seed; переводов 1; входящий+исходящий объём 5,000 KZT."
2057,100000007930878100,terminal,0.194735,"Входящих переводов: 1, отправителей: 1, исходящих: 0; колено 2; гипотеза конечного получателя. Достижим от 1 seed; переводов 1; входящий+исходящий объём 5,000 KZT."
2058,100000008042075100,terminal,0.194735,"Входящих переводов: 1, отправителей: 1, исходящих: 0; колено 3; гипотеза конечного получателя. Достижим от 1 seed; переводов 1; входящий+исходящий объём 5,000 KZT."
2059,100000004584730100,peripheral,0.193153,"Граница 4-го колена: исходящие не наблюдаются; роль не определена. Достижим от 1 seed; переводов 1; входящий+исходящий объём 47,000 KZT."
2060,100000004674412100,peripheral,0.191583,"Граница 4-го колена: исходящие не наблюдаются; роль не определена. Достижим от 1 seed; переводов 1; входящий+исходящий объём 46,000 KZT."
2061,100000008321975100,peripheral,0.191522,"Граница 4-го колена: исходящие не наблюдаются; роль не определена. Достижим от 2 seed; переводов 1; входящий+исходящий объём 5,900 KZT."
2062,100000003188607100,peripheral,0.190864,"Отправителей: 1, получателей: 1; переводов вход/выход: 1/1; недостаточно признаков роли. Достижим от 1 seed; переводов 2; входящий+исходящий объём 23,000 KZT."
2063,100000002706810100,peripheral,0.190349,"Граница 4-го колена: исходящие не наблюдаются; роль не определена. Достижим от 1 seed; переводов 1; входящий+исходящий объём 45,000 KZT."
2064,100000006381453100,peripheral,0.190349,"Граница 4-го колена: исходящие не наблюдаются; роль не определена. Достижим от 1 seed; переводов 1; входящий+исходящий объём 45,000 KZT."
2065,100000000926766100,peripheral,0.189037,"Отправителей: 1, получателей: 1; переводов вход/выход: 1/1; недостаточно признаков роли. Достижим от 1 seed; переводов 2; входящий+исходящий объём 24,750 KZT."
2066,100000003177533100,peripheral,0.188454,"Граница 4-го колена: исходящие не наблюдаются; роль не определена. Достижим от 1 seed; переводов 3; входящий+исходящий объём 20,000 KZT."
2067,100000002371892100,peripheral,0.187938,"Граница 4-го колена: исходящие не наблюдаются; роль не определена. Достижим от 1 seed; переводов 1; входящий+исходящий объём 43,830 KZT."
2068,100000000634341100,peripheral,0.187579,"Граница 4-го колена: исходящие не наблюдаются; роль не определена. Достижим от 1 seed; переводов 2; входящий+исходящий объём 24,000 KZT."
2069,100000003214786100,peripheral,0.187148,"Граница 4-го колена: исходящие не наблюдаются; роль не определена. Достижим от 2 seed; переводов 1; входящий+исходящий объём 5,000 KZT."
2070,100000004107228100,peripheral,0.187148,"Граница 4-го колена: исходящие не наблюдаются; роль не определена. Достижим от 2 seed; переводов 1; входящий+исходящий объём 5,000 KZT."
2071,100000004472936100,peripheral,0.187148,"Граница 4-го колена: исходящие не наблюдаются; роль не определена. Достижим от 2 seed; переводов 1; входящий+исходящий объём 5,000 KZT."
2072,100000005209352100,peripheral,0.187148,"Граница 4-го колена: исходящие не наблюдаются; роль не определена. Достижим от 2 seed; переводов 1; входящий+исходящий объём 5,000 KZT."
2073,100000008758607100,peripheral,0.187148,"Граница 4-го колена: исходящие не наблюдаются; роль не определена. Достижим от 2 seed; переводов 1; входящий+исходящий объём 5,000 KZT."
2074,100000008766031100,peripheral,0.187148,"Граница 4-го колена: исходящие не наблюдаются; роль не определена. Достижим от 2 seed; переводов 1; входящий+исходящий объём 5,000 KZT."
2075,100000008766764100,peripheral,0.187148,"Граница 4-го колена: исходящие не наблюдаются; роль не определена. Достижим от 2 seed; переводов 1; входящий+исходящий объём 5,000 KZT."
2076,100000008770483100,peripheral,0.187148,"Граница 4-го колена: исходящие не наблюдаются; роль не определена. Достижим от 2 seed; переводов 1; входящий+исходящий объём 5,000 KZT."
2077,100000008775747100,peripheral,0.187148,"Граница 4-го колена: исходящие не наблюдаются; роль не определена. Достижим от 2 seed; переводов 1; входящий+исходящий объём 5,000 KZT."
2078,100000007867364100,peripheral,0.186592,"Граница 4-го колена: исходящие не наблюдаются; роль не определена. Достижим от 1 seed; переводов 1; входящий+исходящий объём 41,852 KZT."
2079,100000003173783100,peripheral,0.18528,"Граница 4-го колена: исходящие не наблюдаются; роль не определена. Достижим от 1 seed; переводов 2; входящий+исходящий объём 23,500 KZT."
2080,100000003289281100,peripheral,0.184125,"Граница 4-го колена: исходящие не наблюдаются; роль не определена. Достижим от 1 seed; переводов 1; входящий+исходящий объём 40,000 KZT."
2081,100000005636951100,peripheral,0.184125,"Граница 4-го колена: исходящие не наблюдаются; роль не определена. Достижим от 1 seed; переводов 1; входящий+исходящий объём 40,000 KZT."
2082,100000004979264100,peripheral,0.183339,"Граница 4-го колена: исходящие не наблюдаются; роль не определена. Достижим от 1 seed; переводов 1; входящий+исходящий объём 39,800 KZT."
2083,100000005079473100,peripheral,0.182779,"Граница 4-го колена: исходящие не наблюдаются; роль не определена. Достижим от 1 seed; переводов 1; входящий+исходящий объём 39,312 KZT."
2084,100000002700161100,peripheral,0.182442,"Граница 4-го колена: исходящие не наблюдаются; роль не определена. Достижим от 1 seed; переводов 1; входящий+исходящий объём 39,000 KZT."
2085,100000004616845100,peripheral,0.179672,"Граница 4-го колена: исходящие не наблюдаются; роль не определена. Достижим от 1 seed; переводов 2; входящий+исходящий объём 20,200 KZT."
2086,100000005723580100,peripheral,0.177339,"Граница 4-го колена: исходящие не наблюдаются; роль не определена. Достижим от 1 seed; переводов 1; входящий+исходящий объём 35,000 KZT."
2087,100000004765639100,peripheral,0.176621,"Отправителей: 1, получателей: 2; переводов вход/выход: 1/2; недостаточно признаков роли. Достижим от 1 seed; переводов 3; входящий+исходящий объём 16,000 KZT."
2088,100000006491963100,peripheral,0.176621,"Граница 4-го колена: исходящие не наблюдаются; роль не определена. Достижим от 1 seed; переводов 3; входящий+исходящий объём 16,000 KZT."
2089,100000006918814100,peripheral,0.176588,"Граница 4-го колена: исходящие не наблюдаются; роль не определена. Достижим от 1 seed; переводов 2; входящий+исходящий объём 20,000 KZT."
2090,100000008745676100,peripheral,0.176386,"Граница 4-го колена: исходящие не наблюдаются; роль не определена. Достижим от 1 seed; переводов 1; входящий+исходящий объём 34,547 KZT."
2091,100000000470237100,peripheral,0.17403,"Граница 4-го колена: исходящие не наблюдаются; роль не определена. Достижим от 1 seed; переводов 1; входящий+исходящий объём 32,500 KZT."
2092,100000008715513100,peripheral,0.17403,"Граница 4-го колена: исходящие не наблюдаются; роль не определена. Достижим от 1 seed; переводов 1; входящий+исходящий объём 32,500 KZT."
2093,100000008734279100,peripheral,0.172684,"Граница 4-го колена: исходящие не наблюдаются; роль не определена. Достижим от 1 seed; переводов 1; входящий+исходящий объём 31,650 KZT."
2094,100000002670463100,peripheral,0.172348,"Граница 4-го колена: исходящие не наблюдаются; роль не определена. Достижим от 1 seed; переводов 1; входящий+исходящий объём 31,500 KZT."
2095,100000002723439100,peripheral,0.17126,"Граница 4-го колена: исходящие не наблюдаются; роль не определена. Достижим от 1 seed; переводов 2; входящий+исходящий объём 18,000 KZT."
2096,100000004797167100,peripheral,0.171226,"Граница 4-го колена: исходящие не наблюдаются; роль не определена. Достижим от 1 seed; переводов 1; входящий+исходящий объём 31,000 KZT."
2097,100000004041294100,peripheral,0.170195,"Граница 4-го колена: исходящие не наблюдаются; роль не определена. Достижим от 1 seed; переводов 2; входящий+исходящий объём 17,800 KZT."
2098,100000000608031100,peripheral,0.168422,"Граница 4-го колена: исходящие не наблюдаются; роль не определена. Достижим от 1 seed; переводов 1; входящий+исходящий объём 30,000 KZT."
2099,100000002723674100,peripheral,0.168422,"Граница 4-го колена: исходящие не наблюдаются; роль не определена. Достижим от 1 seed; переводов 1; входящий+исходящий объём 30,000 KZT."
2100,100000003001138100,peripheral,0.168422,"Граница 4-го колена: исходящие не наблюдаются; роль не определена. Достижим от 1 seed; переводов 1; входящий+исходящий объём 30,000 KZT."
2101,100000004596284100,peripheral,0.168422,"Граница 4-го колена: исходящие не наблюдаются; роль не определена. Достижим от 1 seed; переводов 1; входящий+исходящий объём 30,000 KZT."
2102,100000005621418100,peripheral,0.168422,"Граница 4-го колена: исходящие не наблюдаются; роль не определена. Достижим от 1 seed; переводов 1; входящий+исходящий объём 30,000 KZT."
2103,100000006416061100,peripheral,0.168422,"Граница 4-го колена: исходящие не наблюдаются; роль не определена. Достижим от 1 seed; переводов 1; входящий+исходящий объём 30,000 KZT."
2104,100000008151098100,peripheral,0.168422,"Граница 4-го колена: исходящие не наблюдаются; роль не определена. Достижим от 1 seed; переводов 1; входящий+исходящий объём 30,000 KZT."
2105,100000005744674100,peripheral,0.168035,"Отправителей: 0, получателей: 1; переводов вход/выход: 0/2; недостаточно признаков роли; входящие seed неполны. Достижим от 0 seed; переводов 2; входящий+исходящий объём 50,066 KZT."
2106,100000001065481100,peripheral,0.164755,"Граница 4-го колена: исходящие не наблюдаются; роль не определена. Достижим от 1 seed; переводов 2; входящий+исходящий объём 16,000 KZT."
2107,100000005685783100,peripheral,0.160011,"Граница 4-го колена: исходящие не наблюдаются; роль не определена. Достижим от 1 seed; переводов 1; входящий+исходящий объём 26,150 KZT."
2108,100000002707106100,peripheral,0.159932,"Граница 4-го колена: исходящие не наблюдаются; роль не определена. Достижим от 1 seed; переводов 2; входящий+исходящий объём 15,000 KZT."
2109,100000006412162100,peripheral,0.159932,"Граница 4-го колена: исходящие не наблюдаются; роль не определена. Достижим от 1 seed; переводов 2; входящий+исходящий объём 15,000 KZT."
2110,100000005589319100,peripheral,0.159113,"Граница 4-го колена: исходящие не наблюдаются; роль не определена. Достижим от 1 seed; переводов 1; входящий+исходящий объём 26,000 KZT."
2111,100000004613582100,peripheral,0.157577,"Отправителей: 1, получателей: 1; переводов вход/выход: 1/1; недостаточно признаков роли. Достижим от 1 seed; переводов 2; входящий+исходящий объём 14,500 KZT."
2112,100000004971871100,peripheral,0.157223,"Отправителей: 1, получателей: 1; переводов вход/выход: 3/1; недостаточно признаков роли; входящие seed неполны. Достижим от 0 seed; переводов 4; входящий+исходящий объём 31,050 KZT."
2113,100000005392290100,peripheral,0.156561,"Отправителей: 0, получателей: 1; переводов вход/выход: 0/1; недостаточно признаков роли; входящие seed неполны. Достижим от 0 seed; переводов 1; входящий+исходящий объём 81,465 KZT."
2114,100000000404740100,peripheral,0.156365,"Граница 4-го колена: исходящие не наблюдаются; роль не определена. Достижим от 1 seed; переводов 1; входящий+исходящий объём 25,000 KZT."
2115,100000001598625100,peripheral,0.156365,"Граница 4-го колена: исходящие не наблюдаются; роль не определена. Достижим от 1 seed; переводов 1; входящий+исходящий объём 25,000 KZT."
2116,100000002369454100,peripheral,0.156365,"Граница 4-го колена: исходящие не наблюдаются; роль не определена. Достижим от 1 seed; переводов 1; входящий+исходящий объём 25,000 KZT."
2117,100000003078839100,peripheral,0.156343,"Граница 4-го колена: исходящие не наблюдаются; роль не определена. Достижим от 1 seed; переводов 2; входящий+исходящий объём 14,000 KZT."
2118,100000001740277100,peripheral,0.155502,"Отправителей: 1, получателей: 1; переводов вход/выход: 1/1; недостаточно признаков роли. Достижим от 1 seed; переводов 2; входящий+исходящий объём 13,700 KZT."
2119,100000005849862100,peripheral,0.1541,"Граница 4-го колена: исходящие не наблюдаются; роль не определена. Достижим от 1 seed; переводов 2; входящий+исходящий объём 13,000 KZT."
2120,100000004655046100,peripheral,0.153281,"Граница 4-го колена: исходящие не наблюдаются; роль не определена. Достижим от 1 seed; переводов 1; входящий+исходящий объём 24,000 KZT."
2121,100000008130868100,peripheral,0.149243,"Граница 4-го колена: исходящие не наблюдаются; роль не определена. Достижим от 1 seed; переводов 1; входящий+исходящий объём 22,782 KZT."
2122,100000004400480100,peripheral,0.147785,"Граница 4-го колена: исходящие не наблюдаются; роль не определена. Достижим от 1 seed; переводов 1; входящий+исходящий объём 21,700 KZT."
2123,100000000581662100,peripheral,0.147225,"Граница 4-го колена: исходящие не наблюдаются; роль не определена. Достижим от 1 seed; переводов 1; входящий+исходящий объём 21,160 KZT."
2124,100000004908173100,peripheral,0.146664,"Граница 4-го колена: исходящие не наблюдаются; роль не определена. Достижим от 1 seed; переводов 1; входящий+исходящий объём 21,000 KZT."
2125,100000001991973100,peripheral,0.145991,"Граница 4-го колена: исходящие не наблюдаются; роль не определена. Достижим от 1 seed; переводов 1; входящий+исходящий объём 20,800 KZT."
2126,100000002999140100,peripheral,0.144847,"Граница 4-го колена: исходящие не наблюдаются; роль не определена. Достижим от 1 seed; переводов 2; входящий+исходящий объём 10,000 KZT."
2127,100000001275557100,peripheral,0.14229,"Граница 4-го колена: исходящие не наблюдаются; роль не определена. Достижим от 1 seed; переводов 1; входящий+исходящий объём 20,000 KZT."
2128,100000002227989100,peripheral,0.14229,"Граница 4-го колена: исходящие не наблюдаются; роль не определена. Достижим от 1 seed; переводов 1; входящий+исходящий объём 20,000 KZT."
2129,100000002305477100,peripheral,0.14229,"Граница 4-го колена: исходящие не наблюдаются; роль не определена. Достижим от 1 seed; переводов 1; входящий+исходящий объём 20,000 KZT."
2130,100000002748511100,peripheral,0.14229,"Граница 4-го колена: исходящие не наблюдаются; роль не определена. Достижим от 1 seed; переводов 1; входящий+исходящий объём 20,000 KZT."
2131,100000004350094100,peripheral,0.14229,"Граница 4-го колена: исходящие не наблюдаются; роль не определена. Достижим от 1 seed; переводов 1; входящий+исходящий объём 20,000 KZT."
2132,100000004571634100,peripheral,0.14229,"Граница 4-го колена: исходящие не наблюдаются; роль не определена. Достижим от 1 seed; переводов 1; входящий+исходящий объём 20,000 KZT."
2133,100000004674178100,peripheral,0.14229,"Граница 4-го колена: исходящие не наблюдаются; роль не определена. Достижим от 1 seed; переводов 1; входящий+исходящий объём 20,000 KZT."
2134,100000004856746100,peripheral,0.14229,"Граница 4-го колена: исходящие не наблюдаются; роль не определена. Достижим от 1 seed; переводов 1; входящий+исходящий объём 20,000 KZT."
2135,100000005087923100,peripheral,0.14229,"Граница 4-го колена: исходящие не наблюдаются; роль не определена. Достижим от 1 seed; переводов 1; входящий+исходящий объём 20,000 KZT."
2136,100000008471634100,peripheral,0.14229,"Граница 4-го колена: исходящие не наблюдаются; роль не определена. Достижим от 1 seed; переводов 1; входящий+исходящий объём 20,000 KZT."
2137,100000008629504100,peripheral,0.14229,"Граница 4-го колена: исходящие не наблюдаются; роль не определена. Достижим от 1 seed; переводов 1; входящий+исходящий объём 20,000 KZT."
2138,100000008654653100,peripheral,0.138897,"Отправителей: 0, получателей: 1; переводов вход/выход: 0/1; недостаточно признаков роли; входящие seed неполны. Достижим от 0 seed; переводов 1; входящий+исходящий объём 54,000 KZT."
2139,100000008461217100,peripheral,0.136962,"Граница 4-го колена: исходящие не наблюдаются; роль не определена. Достижим от 1 seed; переводов 1; входящий+исходящий объём 18,000 KZT."
2140,100000002514975100,peripheral,0.136121,"Граница 4-го колена: исходящие не наблюдаются; роль не определена. Достижим от 1 seed; переводов 1; входящий+исходящий объём 17,920 KZT."
2141,100000005553088100,peripheral,0.134719,"Граница 4-го колена: исходящие не наблюдаются; роль не определена. Достижим от 1 seed; переводов 1; входящий+исходящий объём 17,500 KZT."
2142,100000003010908100,peripheral,0.132588,"Граница 4-го колена: исходящие не наблюдаются; роль не определена. Достижим от 1 seed; переводов 1; входящий+исходящий объём 17,000 KZT."
2143,100000008759795100,peripheral,0.132588,"Граница 4-го колена: исходящие не наблюдаются; роль не определена. Достижим от 1 seed; переводов 1; входящий+исходящий объём 17,000 KZT."
2144,100000006866831100,peripheral,0.131915,"Граница 4-го колена: исходящие не наблюдаются; роль не определена. Достижим от 1 seed; переводов 1; входящий+исходящий объём 16,500 KZT."
2145,100000004222274100,peripheral,0.127821,"Граница 4-го колена: исходящие не наблюдаются; роль не определена. Достижим от 1 seed; переводов 1; входящий+исходящий объём 15,500 KZT."
2146,100000000424935100,peripheral,0.125634,"Граница 4-го колена: исходящие не наблюдаются; роль не определена. Достижим от 1 seed; переводов 1; входящий+исходящий объём 15,000 KZT."
2147,100000002231144100,peripheral,0.125634,"Граница 4-го колена: исходящие не наблюдаются; роль не определена. Достижим от 1 seed; переводов 1; входящий+исходящий объём 15,000 KZT."
2148,100000002304943100,peripheral,0.125634,"Граница 4-го колена: исходящие не наблюдаются; роль не определена. Достижим от 1 seed; переводов 1; входящий+исходящий объём 15,000 KZT."
2149,100000002653187100,peripheral,0.125634,"Граница 4-го колена: исходящие не наблюдаются; роль не определена. Достижим от 1 seed; переводов 1; входящий+исходящий объём 15,000 KZT."
2150,100000004379306100,peripheral,0.125634,"Граница 4-го колена: исходящие не наблюдаются; роль не определена. Достижим от 1 seed; переводов 1; входящий+исходящий объём 15,000 KZT."
2151,100000004674389100,peripheral,0.125634,"Граница 4-го колена: исходящие не наблюдаются; роль не определена. Достижим от 1 seed; переводов 1; входящий+исходящий объём 15,000 KZT."
2152,100000008554390100,peripheral,0.122045,"Граница 4-го колена: исходящие не наблюдаются; роль не определена. Достижим от 1 seed; переводов 1; входящий+исходящий объём 14,000 KZT."
2153,100000004502048100,peripheral,0.121316,"Граница 4-го колена: исходящие не наблюдаются; роль не определена. Достижим от 1 seed; переводов 1; входящий+исходящий объём 13,888 KZT."
2154,100000002320495100,peripheral,0.12098,"Граница 4-го колена: исходящие не наблюдаются; роль не определена. Достижим от 1 seed; переводов 1; входящий+исходящий объём 13,526 KZT."
2155,100000008677368100,peripheral,0.120867,"Граница 4-го колена: исходящие не наблюдаются; роль не определена. Достижим от 1 seed; переводов 1; входящий+исходящий объём 13,500 KZT."
2156,100000004691350100,peripheral,0.120587,"Граница 4-го колена: исходящие не наблюдаются; роль не определена. Достижим от 1 seed; переводов 1; входящий+исходящий объём 13,300 KZT."
2157,100000001089055100,peripheral,0.119802,"Граница 4-го колена: исходящие не наблюдаются; роль не определена. Достижим от 1 seed; переводов 1; входящий+исходящий объём 13,000 KZT."
2158,100000008631800100,peripheral,0.119409,"Граница 4-го колена: исходящие не наблюдаются; роль не определена. Достижим от 1 seed; переводов 1; входящий+исходящий объём 12,850 KZT."
2159,100000002832753100,peripheral,0.118736,"Граница 4-го колена: исходящие не наблюдаются; роль не определена. Достижим от 1 seed; переводов 1; входящий+исходящий объём 12,500 KZT."
2160,100000003047800100,peripheral,0.117727,"Граница 4-го колена: исходящие не наблюдаются; роль не определена. Достижим от 1 seed; переводов 1; входящий+исходящий объём 12,212 KZT."
2161,100000002645046100,peripheral,0.117054,"Граница 4-го колена: исходящие не наблюдаются; роль не определена. Достижим от 1 seed; переводов 1; входящий+исходящий объём 12,000 KZT."
2162,100000002876914100,peripheral,0.117054,"Граница 4-го колена: исходящие не наблюдаются; роль не определена. Достижим от 1 seed; переводов 1; входящий+исходящий объём 12,000 KZT."
2163,100000004780327100,peripheral,0.117054,"Граница 4-го колена: исходящие не наблюдаются; роль не определена. Достижим от 1 seed; переводов 1; входящий+исходящий объём 12,000 KZT."
2164,100000008327791100,peripheral,0.115484,"Граница 4-го колена: исходящие не наблюдаются; роль не определена. Достижим от 1 seed; переводов 1; входящий+исходящий объём 11,000 KZT."
2165,100000006693788100,peripheral,0.114811,"Граница 4-го колена: исходящие не наблюдаются; роль не определена. Достижим от 1 seed; переводов 1; входящий+исходящий объём 10,764 KZT."
2166,100000004714705100,peripheral,0.112876,"Отправителей: 0, получателей: 1; переводов вход/выход: 0/1; недостаточно признаков роли; входящие seed неполны. Достижим от 0 seed; переводов 1; входящий+исходящий объём 36,550 KZT."
2167,100000000299820100,peripheral,0.110549,"Граница 4-го колена: исходящие не наблюдаются; роль не определена. Достижим от 1 seed; переводов 1; входящий+исходящий объём 10,000 KZT."
2168,100000000704700100,peripheral,0.110549,"Граница 4-го колена: исходящие не наблюдаются; роль не определена. Достижим от 1 seed; переводов 1; входящий+исходящий объём 10,000 KZT."
2169,100000001202637100,peripheral,0.110549,"Граница 4-го колена: исходящие не наблюдаются; роль не определена. Достижим от 1 seed; переводов 1; входящий+исходящий объём 10,000 KZT."
2170,100000002130400100,peripheral,0.110549,"Граница 4-го колена: исходящие не наблюдаются; роль не определена. Достижим от 1 seed; переводов 1; входящий+исходящий объём 10,000 KZT."
2171,100000002227960100,peripheral,0.110549,"Граница 4-го колена: исходящие не наблюдаются; роль не определена. Достижим от 1 seed; переводов 1; входящий+исходящий объём 10,000 KZT."
2172,100000002540033100,peripheral,0.110549,"Граница 4-го колена: исходящие не наблюдаются; роль не определена. Достижим от 1 seed; переводов 1; входящий+исходящий объём 10,000 KZT."
2173,100000002726055100,peripheral,0.110549,"Граница 4-го колена: исходящие не наблюдаются; роль не определена. Достижим от 1 seed; переводов 1; входящий+исходящий объём 10,000 KZT."
2174,100000003105089100,peripheral,0.110549,"Граница 4-го колена: исходящие не наблюдаются; роль не определена. Достижим от 1 seed; переводов 1; входящий+исходящий объём 10,000 KZT."
2175,100000004049912100,peripheral,0.110549,"Граница 4-го колена: исходящие не наблюдаются; роль не определена. Достижим от 1 seed; переводов 1; входящий+исходящий объём 10,000 KZT."
2176,100000004177936100,peripheral,0.110549,"Граница 4-го колена: исходящие не наблюдаются; роль не определена. Достижим от 1 seed; переводов 1; входящий+исходящий объём 10,000 KZT."
2177,100000004260869100,peripheral,0.110549,"Граница 4-го колена: исходящие не наблюдаются; роль не определена. Достижим от 1 seed; переводов 1; входящий+исходящий объём 10,000 KZT."
2178,100000004265639100,peripheral,0.110549,"Граница 4-го колена: исходящие не наблюдаются; роль не определена. Достижим от 1 seed; переводов 1; входящий+исходящий объём 10,000 KZT."
2179,100000004272302100,peripheral,0.110549,"Граница 4-го колена: исходящие не наблюдаются; роль не определена. Достижим от 1 seed; переводов 1; входящий+исходящий объём 10,000 KZT."
2180,100000004850609100,peripheral,0.110549,"Граница 4-го колена: исходящие не наблюдаются; роль не определена. Достижим от 1 seed; переводов 1; входящий+исходящий объём 10,000 KZT."
2181,100000008778753100,peripheral,0.110549,"Граница 4-го колена: исходящие не наблюдаются; роль не определена. Достижим от 1 seed; переводов 1; входящий+исходящий объём 10,000 KZT."
2182,100000004780083100,peripheral,0.107072,"Граница 4-го колена: исходящие не наблюдаются; роль не определена. Достижим от 1 seed; переводов 1; входящий+исходящий объём 9,999 KZT."
2183,100000002916006100,peripheral,0.106819,"Отправителей: 0, получателей: 1; переводов вход/выход: 0/1; недостаточно признаков роли; входящие seed неполны. Достижим от 0 seed; переводов 1; входящий+исходящий объём 32,000 KZT."
2184,100000001325618100,peripheral,0.106399,"Граница 4-го колена: исходящие не наблюдаются; роль не определена. Достижим от 1 seed; переводов 1; входящий+исходящий объём 9,300 KZT."
2185,100000002258492100,peripheral,0.105838,"Граница 4-го колена: исходящие не наблюдаются; роль не определена. Достижим от 1 seed; переводов 1; входящий+исходящий объём 9,000 KZT."
2186,100000003481025100,peripheral,0.105838,"Граница 4-го колена: исходящие не наблюдаются; роль не определена. Достижим от 1 seed; переводов 1; входящий+исходящий объём 9,000 KZT."
2187,100000004263867100,peripheral,0.105838,"Граница 4-го колена: исходящие не наблюдаются; роль не определена. Достижим от 1 seed; переводов 1; входящий+исходящий объём 9,000 KZT."
2188,100000004449824100,peripheral,0.105838,"Граница 4-го колена: исходящие не наблюдаются; роль не определена. Достижим от 1 seed; переводов 1; входящий+исходящий объём 9,000 KZT."
2189,100000006831291100,peripheral,0.10526,"Отправителей: 0, получателей: 1; переводов вход/выход: 0/3; недостаточно признаков роли; входящие seed неполны. Достижим от 0 seed; переводов 3; входящий+исходящий объём 15,000 KZT."
2190,100000001256409100,peripheral,0.103988,"Граница 4-го колена: исходящие не наблюдаются; роль не определена. Достижим от 1 seed; переводов 1; входящий+исходящий объём 8,000 KZT."
2191,100000001299443100,peripheral,0.103988,"Граница 4-го колена: исходящие не наблюдаются; роль не определена. Достижим от 1 seed; переводов 1; входящий+исходящий объём 8,000 KZT."
2192,100000005367180100,peripheral,0.103315,"Граница 4-го колена: исходящие не наблюдаются; роль не определена. Достижим от 1 seed; переводов 1; входящий+исходящий объём 7,700 KZT."
2193,100000005010159100,peripheral,0.10281,"Граница 4-го колена: исходящие не наблюдаются; роль не определена. Достижим от 1 seed; переводов 1; входящий+исходящий объём 7,092 KZT."
2194,100000000018102100,peripheral,0.102249,"Граница 4-го колена: исходящие не наблюдаются; роль не определена. Достижим от 1 seed; переводов 1; входящий+исходящий объём 7,000 KZT."
2195,100000003005167100,peripheral,0.102249,"Граница 4-го колена: исходящие не наблюдаются; роль не определена. Достижим от 1 seed; переводов 1; входящий+исходящий объём 7,000 KZT."
2196,100000003950749100,peripheral,0.102249,"Граница 4-го колена: исходящие не наблюдаются; роль не определена. Достижим от 1 seed; переводов 1; входящий+исходящий объём 7,000 KZT."
2197,100000008762843100,peripheral,0.102249,"Граница 4-го колена: исходящие не наблюдаются; роль не определена. Достижим от 1 seed; переводов 1; входящий+исходящий объём 7,000 KZT."
2198,100000008762885100,peripheral,0.102249,"Граница 4-го колена: исходящие не наблюдаются; роль не определена. Достижим от 1 seed; переводов 1; входящий+исходящий объём 7,000 KZT."
2199,100000003200071100,peripheral,0.101884,"Отправителей: 0, получателей: 1; переводов вход/выход: 0/1; недостаточно признаков роли; входящие seed неполны. Достижим от 0 seed; переводов 1; входящий+исходящий объём 30,000 KZT."
2200,100000001714883100,peripheral,0.101576,"Граница 4-го колена: исходящие не наблюдаются; роль не определена. Достижим от 1 seed; переводов 1; входящий+исходящий объём 6,900 KZT."
2201,100000001297206100,peripheral,0.101464,"Граница 4-го колена: исходящие не наблюдаются; роль не определена. Достижим от 1 seed; переводов 1; входящий+исходящий объём 6,758 KZT."
2202,100000002474570100,peripheral,0.101296,"Граница 4-го колена: исходящие не наблюдаются; роль не определена. Достижим от 1 seed; переводов 1; входящий+исходящий объём 6,750 KZT."
2203,100000003084870100,peripheral,0.100903,"Граница 4-го колена: исходящие не наблюдаются; роль не определена. Достижим от 1 seed; переводов 1; входящий+исходящий объём 6,500 KZT."
2204,100000003194831100,peripheral,0.100679,"Граница 4-го колена: исходящие не наблюдаются; роль не определена. Достижим от 1 seed; переводов 1; входящий+исходящий объём 6,265 KZT."
2205,100000002512742100,peripheral,0.099614,"Граница 4-го колена: исходящие не наблюдаются; роль не определена. Достижим от 1 seed; переводов 1; входящий+исходящий объём 6,000 KZT."
2206,100000002878483100,peripheral,0.099614,"Граница 4-го колена: исходящие не наблюдаются; роль не определена. Достижим от 1 seed; переводов 1; входящий+исходящий объём 6,000 KZT."
2207,100000003838587100,peripheral,0.099614,"Граница 4-го колена: исходящие не наблюдаются; роль не определена. Достижим от 1 seed; переводов 1; входящий+исходящий объём 6,000 KZT."
2208,100000002986245100,peripheral,0.098885,"Граница 4-го колена: исходящие не наблюдаются; роль не определена. Достижим от 1 seed; переводов 1; входящий+исходящий объём 5,750 KZT."
2209,100000004377043100,peripheral,0.098772,"Граница 4-го колена: исходящие не наблюдаются; роль не определена. Достижим от 1 seed; переводов 1; входящий+исходящий объём 5,700 KZT."
2210,100000001498732100,peripheral,0.098212,"Граница 4-го колена: исходящие не наблюдаются; роль не определена. Достижим от 1 seed; переводов 1; входящий+исходящий объём 5,500 KZT."
2211,100000004013952100,peripheral,0.098212,"Граница 4-го колена: исходящие не наблюдаются; роль не определена. Достижим от 1 seed; переводов 1; входящий+исходящий объём 5,500 KZT."
2212,100000004268036100,peripheral,0.098212,"Граница 4-го колена: исходящие не наблюдаются; роль не определена. Достижим от 1 seed; переводов 1; входящий+исходящий объём 5,500 KZT."
2213,100000004569637100,peripheral,0.098212,"Граница 4-го колена: исходящие не наблюдаются; роль не определена. Достижим от 1 seed; переводов 1; входящий+исходящий объём 5,500 KZT."
2214,100000005146665100,peripheral,0.098212,"Граница 4-го колена: исходящие не наблюдаются; роль не определена. Достижим от 1 seed; переводов 1; входящий+исходящий объём 5,500 KZT."
2215,100000005293969100,peripheral,0.097763,"Граница 4-го колена: исходящие не наблюдаются; роль не определена. Достижим от 1 seed; переводов 1; входящий+исходящий объём 5,467 KZT."
2216,100000008255655100,peripheral,0.097651,"Граница 4-го колена: исходящие не наблюдаются; роль не определена. Достижим от 1 seed; переводов 1; входящий+исходящий объём 5,400 KZT."
2217,100000002635746100,peripheral,0.097426,"Граница 4-го колена: исходящие не наблюдаются; роль не определена. Достижим от 1 seed; переводов 1; входящий+исходящий объём 5,300 KZT."
2218,100000008648783100,peripheral,0.096922,"Граница 4-го колена: исходящие не наблюдаются; роль не определена. Достижим от 1 seed; переводов 1; входящий+исходящий объём 5,200 KZT."
2219,100000005910895100,peripheral,0.096754,"Граница 4-го колена: исходящие не наблюдаются; роль не определена. Достижим от 1 seed; переводов 1; входящий+исходящий объём 5,100 KZT."
2220,100000001590795100,peripheral,0.096641,"Граница 4-го колена: исходящие не наблюдаются; роль не определена. Достижим от 1 seed; переводов 1; входящий+исходящий объём 5,060 KZT."
2221,100000000581682100,peripheral,0.094735,"Граница 4-го колена: исходящие не наблюдаются; роль не определена. Достижим от 1 seed; переводов 1; входящий+исходящий объём 5,000 KZT."
2222,100000002994441100,peripheral,0.094735,"Граница 4-го колена: исходящие не наблюдаются; роль не определена. Достижим от 1 seed; переводов 1; входящий+исходящий объём 5,000 KZT."
2223,100000003626268100,peripheral,0.094735,"Граница 4-го колена: исходящие не наблюдаются; роль не определена. Достижим от 1 seed; переводов 1; входящий+исходящий объём 5,000 KZT."
2224,100000003646145100,peripheral,0.094735,"Граница 4-го колена: исходящие не наблюдаются; роль не определена. Достижим от 1 seed; переводов 1; входящий+исходящий объём 5,000 KZT."
2225,100000004403548100,peripheral,0.094735,"Граница 4-го колена: исходящие не наблюдаются; роль не определена. Достижим от 1 seed; переводов 1; входящий+исходящий объём 5,000 KZT."
2226,100000005370558100,peripheral,0.094735,"Граница 4-го колена: исходящие не наблюдаются; роль не определена. Достижим от 1 seed; переводов 1; входящий+исходящий объём 5,000 KZT."
2227,100000008649416100,peripheral,0.094735,"Граница 4-го колена: исходящие не наблюдаются; роль не определена. Достижим от 1 seed; переводов 1; входящий+исходящий объём 5,000 KZT."
2228,100000008762005100,peripheral,0.094735,"Граница 4-го колена: исходящие не наблюдаются; роль не определена. Достижим от 1 seed; переводов 1; входящий+исходящий объём 5,000 KZT."
2229,100000005543136100,peripheral,0.044011,"Отправителей: 0, получателей: 1; переводов вход/выход: 0/1; недостаточно признаков роли; входящие seed неполны. Достижим от 0 seed; переводов 1; входящий+исходящий объём 10,000 KZT."
2230,100000000456947100,peripheral,0.0,"Отправителей: 0, получателей: 0; переводов вход/выход: 0/0; недостаточно признаков роли; входящие seed неполны. Достижим от 0 seed; переводов 0; входящий+исходящий объём 0 KZT."
2231,100000003265658100,peripheral,0.0,"Отправителей: 0, получателей: 0; переводов вход/выход: 0/0; недостаточно признаков роли; входящие seed неполны. Достижим от 0 seed; переводов 0; входящий+исходящий объём 0 KZT."
2232,100000003349739100,peripheral,0.0,"Отправителей: 0, получателей: 0; переводов вход/выход: 0/0; недостаточно признаков роли; входящие seed неполны. Достижим от 0 seed; переводов 0; входящий+исходящий объём 0 KZT."
2233,100000003770083100,peripheral,0.0,"Отправителей: 0, получателей: 0; переводов вход/выход: 0/0; недостаточно признаков роли; входящие seed неполны. Достижим от 0 seed; переводов 0; входящий+исходящий объём 0 KZT."
2234,100000004021459100,peripheral,0.0,"Отправителей: 0, получателей: 0; переводов вход/выход: 0/0; недостаточно признаков роли; входящие seed неполны. Достижим от 0 seed; переводов 0; входящий+исходящий объём 0 KZT."
2235,100000004174835100,peripheral,0.0,"Отправителей: 0, получателей: 0; переводов вход/выход: 0/0; недостаточно признаков роли; входящие seed неполны. Достижим от 0 seed; переводов 0; входящий+исходящий объём 0 KZT."
2236,100000005017150100,peripheral,0.0,"Отправителей: 0, получателей: 0; переводов вход/выход: 0/0; недостаточно признаков роли; входящие seed неполны. Достижим от 0 seed; переводов 0; входящий+исходящий объём 0 KZT."
2237,100000005087431100,peripheral,0.0,"Отправителей: 0, получателей: 0; переводов вход/выход: 0/0; недостаточно признаков роли; входящие seed неполны. Достижим от 0 seed; переводов 0; входящий+исходящий объём 0 KZT."
2238,100000005235389100,peripheral,0.0,"Отправителей: 0, получателей: 0; переводов вход/выход: 0/0; недостаточно признаков роли; входящие seed неполны. Достижим от 0 seed; переводов 0; входящий+исходящий объём 0 KZT."
2239,100000005480435100,peripheral,0.0,"Отправителей: 0, получателей: 0; переводов вход/выход: 0/0; недостаточно признаков роли; входящие seed неполны. Достижим от 0 seed; переводов 0; входящий+исходящий объём 0 KZT."
2240,100000005495722100,peripheral,0.0,"Отправителей: 0, получателей: 0; переводов вход/выход: 0/0; недостаточно признаков роли; входящие seed неполны. Достижим от 0 seed; переводов 0; входящий+исходящий объём 0 KZT."
2241,100000005550592100,peripheral,0.0,"Отправителей: 0, получателей: 0; переводов вход/выход: 0/0; недостаточно признаков роли; входящие seed неполны. Достижим от 0 seed; переводов 0; входящий+исходящий объём 0 KZT."
2242,100000005560900100,peripheral,0.0,"Отправителей: 0, получателей: 0; переводов вход/выход: 0/0; недостаточно признаков роли; входящие seed неполны. Достижим от 0 seed; переводов 0; входящий+исходящий объём 0 KZT."
2243,100000005568407100,peripheral,0.0,"Отправителей: 0, получателей: 0; переводов вход/выход: 0/0; недостаточно признаков роли; входящие seed неполны. Достижим от 0 seed; переводов 0; входящий+исходящий объём 0 KZT."
2244,100000008117324100,peripheral,0.0,"Отправителей: 0, получателей: 0; переводов вход/выход: 0/0; недостаточно признаков роли; входящие seed неполны. Достижим от 0 seed; переводов 0; входящий+исходящий объём 0 KZT."
2245,100000008205000100,peripheral,0.0,"Отправителей: 0, получателей: 0; переводов вход/выход: 0/0; недостаточно признаков роли; входящие seed неполны. Достижим от 0 seed; переводов 0; входящий+исходящий объём 0 KZT."
2246,100000008513251100,peripheral,0.0,"Отправителей: 0, получателей: 0; переводов вход/выход: 0/0; недостаточно признаков роли; входящие seed неполны. Достижим от 0 seed; переводов 0; входящий+исходящий объём 0 KZT."
2247,100000008669037100,peripheral,0.0,"Отправителей: 0, получателей: 0; переводов вход/выход: 0/0; недостаточно признаков роли; входящие seed неполны. Достижим от 0 seed; переводов 0; входящий+исходящий объём 0 KZT."
2248,100000008701222100,peripheral,0.0,"Отправителей: 0, получателей: 0; переводов вход/выход: 0/0; недостаточно признаков роли; входящие seed неполны. Достижим от 0 seed; переводов 0; входящий+исходящий объём 0 KZT."
